chemistry,fold,temperature_C,path,bytes,sha256
NMC,DST,0,/home/user/바탕화면/DL/CEMA_MLP_OCVSTART_FULLGRID/nmc_ocvstart_25c_us06_soc0_dstfudsmean_lopo_clean/0C/NMC_0C_DST.csv,6370829,4b777cce3ec960281180f656e4f66c070355f1d47ca4deb282afeb5623afd842
NMC,DST,25,/home/user/바탕화면/DL/CEMA_MLP_OCVSTART_FULLGRID/nmc_ocvstart_25c_us06_soc0_dstfudsmean_lopo_clean/25C/NMC_25C_DST.csv,7239546,28db046b6f290450ad3e0e45d6b51d01c5826d2196758680adff5b55655e380a
NMC,DST,45,/home/user/바탕화면/DL/CEMA_MLP_OCVSTART_FULLGRID/nmc_ocvstart_25c_us06_soc0_dstfudsmean_lopo_clean/45C/NMC_45C_DST.csv,7639836,6ec8f99d3bee331efd6eebcfb9328d6bbae8f1b0fd3fc4b1ae73c708fda5ee45
NMC,FUDS,0,/home/user/바탕화면/DL/CEMA_MLP_OCVSTART_FULLGRID/nmc_ocvstart_25c_us06_soc0_dstfudsmean_lopo_clean/0C/NMC_0C_FUDS.csv,6604801,b858aa2800df0c7395a90856d13e2d52a2eaba362eebf26de8d221ec1b02848a
NMC,FUDS,25,/home/user/바탕화면/DL/CEMA_MLP_OCVSTART_FULLGRID/nmc_ocvstart_25c_us06_soc0_dstfudsmean_lopo_clean/25C/NMC_25C_FUDS.csv,7542253,ef4d47e12c45a29e3e3f39a7d21efcce2e0bdbe1b4947e3d32a6cb6e8c944071
NMC,FUDS,45,/home/user/바탕화면/DL/CEMA_MLP_OCVSTART_FULLGRID/nmc_ocvstart_25c_us06_soc0_dstfudsmean_lopo_clean/45C/NMC_45C_FUDS.csv,7832774,53105b6f99f2ab0a5644929d5ce28ceffc3d2d872fe78f1cb8cf1f9d915be239
NMC,US06,0,/home/user/바탕화면/DL/CEMA_MLP_OCVSTART_FULLGRID/nmc_ocvstart_25c_us06_soc0_dstfudsmean_lopo_clean/0C/NMC_0C_US06.csv,6487002,46ebea30d8185b20962f16c748f397fd391ac9ad5dd096d1d27e9c850360d612
NMC,US06,25,/home/user/바탕화면/DL/CEMA_MLP_OCVSTART_FULLGRID/nmc_ocvstart_25c_us06_soc0_dstfudsmean_lopo_clean/25C/NMC_25C_US06.csv,7113197,0b46a9f471beda42ae8e94520078d166695c23e681bd4a7fffd80d10789b5bc2
NMC,US06,45,/home/user/바탕화면/DL/CEMA_MLP_OCVSTART_FULLGRID/nmc_ocvstart_25c_us06_soc0_dstfudsmean_lopo_clean/45C/NMC_45C_US06.csv,7331843,ba6ca20ca6a375cab32810418ce2dac00253d56ff5e7b7b51f178c110c20f0d7
LFP,DST,-10,/home/user/바탕화면/DL/CEMA_SOC_REVIEW_DEFENSE_C/c1_baselines/prepared_data_ocv_discharge_soc/-10C/LFP_-10C_DST.csv,1617043,a1c61ce62f41e5278b5f53d1db9b36539ce273e3f8ccc8cf8049c260ed4497cb
LFP,DST,0,/home/user/바탕화면/DL/CEMA_SOC_REVIEW_DEFENSE_C/c1_baselines/prepared_data_ocv_discharge_soc/0C/LFP_0C_DST.csv,2117738,b9d65f6cc08652ef142f252284bbc558e1518e9a1f9e3564e750641c0ccdab8b
LFP,DST,10,/home/user/바탕화면/DL/CEMA_SOC_REVIEW_DEFENSE_C/c1_baselines/prepared_data_ocv_discharge_soc/10C/LFP_10C_DST.csv,2218853,69ab856855289bf595eb95105980470a35a4d516fe3e4b89ccd94f4487b7aaa5
LFP,DST,20,/home/user/바탕화면/DL/CEMA_SOC_REVIEW_DEFENSE_C/c1_baselines/prepared_data_ocv_discharge_soc/20C/LFP_20C_DST.csv,2298459,e1f09fe07481d6fb3ca0c9b9f93617b70fbb1bf0dc31ca46af5e16de47b87db4
LFP,DST,25,/home/user/바탕화면/DL/CEMA_SOC_REVIEW_DEFENSE_C/c1_baselines/prepared_data_ocv_discharge_soc/25C/LFP_25C_DST.csv,2180952,cc82549f6a31f8ab6faaee042fd90c515cff0457624111dc3fccb84ea0ff82fc
LFP,DST,30,/home/user/바탕화면/DL/CEMA_SOC_REVIEW_DEFENSE_C/c1_baselines/prepared_data_ocv_discharge_soc/30C/LFP_30C_DST.csv,2345550,b1c677cdc62b153e3d3ad4871556354e33ab923ddbdf9819a9d91819e0a5c32c
LFP,DST,40,/home/user/바탕화면/DL/CEMA_SOC_REVIEW_DEFENSE_C/c1_baselines/prepared_data_ocv_discharge_soc/40C/LFP_40C_DST.csv,2261725,b3e6acb96f463d52e8b8707ffb76ea08fd17c2af99230a44dd1d6563af2c37bb
LFP,DST,50,/home/user/바탕화면/DL/CEMA_SOC_REVIEW_DEFENSE_C/c1_baselines/prepared_data_ocv_discharge_soc/50C/LFP_50C_DST.csv,2264078,26345362c60928f04cf0408ed9ccb9485b43d3059cba6128e852e4dfc673ab34
LFP,FUDS,-10,/home/user/바탕화면/DL/CEMA_SOC_REVIEW_DEFENSE_C/c1_baselines/prepared_data_ocv_discharge_soc/-10C/LFP_-10C_FUDS.csv,1719471,fca4c4029fcf79349478028304e90b2049008ee75eb59b35c8037b1c765d96a5
LFP,FUDS,0,/home/user/바탕화면/DL/CEMA_SOC_REVIEW_DEFENSE_C/c1_baselines/prepared_data_ocv_discharge_soc/0C/LFP_0C_FUDS.csv,2222688,be97e397d8e0cc640b5d0228ef010ce93c2618d48e900446f3a9356676487eb7
LFP,FUDS,10,/home/user/바탕화면/DL/CEMA_SOC_REVIEW_DEFENSE_C/c1_baselines/prepared_data_ocv_discharge_soc/10C/LFP_10C_FUDS.csv,2190972,001f8d7cd09cefa9f05bb3ffdbe3d2e865f4e3ea284894ea6d700c4445a3bf3e
LFP,FUDS,20,/home/user/바탕화면/DL/CEMA_SOC_REVIEW_DEFENSE_C/c1_baselines/prepared_data_ocv_discharge_soc/20C/LFP_20C_FUDS.csv,2326863,f2e90aa53b4b6b4b008ee510801c394a117222211949e03f5a2965a0a804823d
LFP,FUDS,25,/home/user/바탕화면/DL/CEMA_SOC_REVIEW_DEFENSE_C/c1_baselines/prepared_data_ocv_discharge_soc/25C/LFP_25C_FUDS.csv,2254884,d8089862a0502881873d6d7de2ca91c4727e0636550f3d1038ce8124013fbab9
LFP,FUDS,30,/home/user/바탕화면/DL/CEMA_SOC_REVIEW_DEFENSE_C/c1_baselines/prepared_data_ocv_discharge_soc/30C/LFP_30C_FUDS.csv,2318351,29f63361ef64ae0901596dc02b9a85185f2a8776721b10c930e32aca7b75a1ea
LFP,FUDS,40,/home/user/바탕화면/DL/CEMA_SOC_REVIEW_DEFENSE_C/c1_baselines/prepared_data_ocv_discharge_soc/40C/LFP_40C_FUDS.csv,2326176,9b11a3cb0122e1db8685ed32ac7bbdc2260dd56c963e3fc055cda1468de9637f
LFP,FUDS,50,/home/user/바탕화면/DL/CEMA_SOC_REVIEW_DEFENSE_C/c1_baselines/prepared_data_ocv_discharge_soc/50C/LFP_50C_FUDS.csv,2337668,dea2411b645750917433b2fcbe14efddb7054cc18894357e00f9a8360d4e8e6b
LFP,US06,-10,/home/user/바탕화면/DL/CEMA_SOC_REVIEW_DEFENSE_C/c1_baselines/prepared_data_ocv_discharge_soc/-10C/LFP_-10C_US06.csv,1548096,7464de821388da9abb20f80ef68dc5c8038019ed970bacd1bd18da178b84d64a
LFP,US06,0,/home/user/바탕화면/DL/CEMA_SOC_REVIEW_DEFENSE_C/c1_baselines/prepared_data_ocv_discharge_soc/0C/LFP_0C_US06.csv,2009083,9cfee7f5d8c8e5e4ed40876c9c61c3b7e78fda2dcfce764cceacfc783aba4b9b
LFP,US06,10,/home/user/바탕화면/DL/CEMA_SOC_REVIEW_DEFENSE_C/c1_baselines/prepared_data_ocv_discharge_soc/10C/LFP_10C_US06.csv,2162456,1c4a5552b2373c6f838c68786e039c9916c1c8a9df0a0642f38ab5cd58dfe621
LFP,US06,20,/home/user/바탕화면/DL/CEMA_SOC_REVIEW_DEFENSE_C/c1_baselines/prepared_data_ocv_discharge_soc/20C/LFP_20C_US06.csv,2204849,bdbe02ee59c2dac625d8ac6fe40f595c1d8a5f9f813f572ca0cab455c187d8b0
LFP,US06,25,/home/user/바탕화면/DL/CEMA_SOC_REVIEW_DEFENSE_C/c1_baselines/prepared_data_ocv_discharge_soc/25C/LFP_25C_US06.csv,2133218,59839273f722a9926b91d39f76493d72e0b588cac6ededdc58671eb187e15767
LFP,US06,30,/home/user/바탕화면/DL/CEMA_SOC_REVIEW_DEFENSE_C/c1_baselines/prepared_data_ocv_discharge_soc/30C/LFP_30C_US06.csv,2236750,fb4f0bf3495b05904dc9103e10bb7c71f537e1af055d6be454c60175bf191001
LFP,US06,40,/home/user/바탕화면/DL/CEMA_SOC_REVIEW_DEFENSE_C/c1_baselines/prepared_data_ocv_discharge_soc/40C/LFP_40C_US06.csv,2150427,43d188581f49fbc832b30742b3e37d4c9e05f443d0a9da9c345e3464e3271794
LFP,US06,50,/home/user/바탕화면/DL/CEMA_SOC_REVIEW_DEFENSE_C/c1_baselines/prepared_data_ocv_discharge_soc/50C/LFP_50C_US06.csv,2204159,4dc9e66c2419de5b76b81e78eca3b1a0356624f2b1fa51daa038f7a43fbc5cd4
