chemistry,method,init_condition,precision,fold,temperature_C,mae_pct,rmse_pct,n_points,status,reason
LFP,adaptive_hysteresis_2rc_ekf,oracle,fp64,DST,-10,0.0785629492226624,MISSING_not_recorded,5235,PASS,actual MCU precision; no precision relabeling or mixed aggregation
LFP,adaptive_hysteresis_2rc_ekf,oracle,fp64,DST,0,0.1482900165018893,MISSING_not_recorded,6671,PASS,actual MCU precision; no precision relabeling or mixed aggregation
LFP,adaptive_hysteresis_2rc_ekf,oracle,fp64,DST,10,0.3416996997897517,MISSING_not_recorded,7031,PASS,actual MCU precision; no precision relabeling or mixed aggregation
LFP,adaptive_hysteresis_2rc_ekf,oracle,fp64,DST,20,0.4088753194297579,MISSING_not_recorded,7254,PASS,actual MCU precision; no precision relabeling or mixed aggregation
LFP,adaptive_hysteresis_2rc_ekf,oracle,fp64,DST,25,0.4260804747082387,MISSING_not_recorded,7319,PASS,actual MCU precision; no precision relabeling or mixed aggregation
LFP,adaptive_hysteresis_2rc_ekf,oracle,fp64,DST,30,0.1881221343106639,MISSING_not_recorded,7391,PASS,actual MCU precision; no precision relabeling or mixed aggregation
LFP,adaptive_hysteresis_2rc_ekf,oracle,fp64,DST,40,0.4314575716186233,MISSING_not_recorded,7397,PASS,actual MCU precision; no precision relabeling or mixed aggregation
LFP,adaptive_hysteresis_2rc_ekf,oracle,fp64,DST,50,0.1155000671304731,MISSING_not_recorded,7415,PASS,actual MCU precision; no precision relabeling or mixed aggregation
LFP,cc,oracle,fp32,DST,-10,0.1705749057456427,MISSING_not_recorded,5235,PASS,actual MCU precision; no precision relabeling or mixed aggregation
LFP,cc,oracle,fp32,DST,0,0.1407307519884877,MISSING_not_recorded,6671,PASS,actual MCU precision; no precision relabeling or mixed aggregation
LFP,cc,oracle,fp32,DST,10,0.1402439656448523,MISSING_not_recorded,7031,PASS,actual MCU precision; no precision relabeling or mixed aggregation
LFP,cc,oracle,fp32,DST,20,0.267687051429716,MISSING_not_recorded,7254,PASS,actual MCU precision; no precision relabeling or mixed aggregation
LFP,cc,oracle,fp32,DST,25,0.1587669018463027,MISSING_not_recorded,7319,PASS,actual MCU precision; no precision relabeling or mixed aggregation
LFP,cc,oracle,fp32,DST,30,0.051879450578355,MISSING_not_recorded,7391,PASS,actual MCU precision; no precision relabeling or mixed aggregation
LFP,cc,oracle,fp32,DST,40,0.2731971155544515,MISSING_not_recorded,7397,PASS,actual MCU precision; no precision relabeling or mixed aggregation
LFP,cc,oracle,fp32,DST,50,0.1625822095360135,MISSING_not_recorded,7415,PASS,actual MCU precision; no precision relabeling or mixed aggregation
LFP,hysteresis_2rc_ekf,oracle,fp64,DST,-10,0.1486646005204746,MISSING_not_recorded,5235,PASS,actual MCU precision; no precision relabeling or mixed aggregation
LFP,hysteresis_2rc_ekf,oracle,fp64,DST,0,0.1788576377118463,MISSING_not_recorded,6671,PASS,actual MCU precision; no precision relabeling or mixed aggregation
LFP,hysteresis_2rc_ekf,oracle,fp64,DST,10,0.2628451318381898,MISSING_not_recorded,7031,PASS,actual MCU precision; no precision relabeling or mixed aggregation
LFP,hysteresis_2rc_ekf,oracle,fp64,DST,20,0.4402932054314406,MISSING_not_recorded,7254,PASS,actual MCU precision; no precision relabeling or mixed aggregation
LFP,hysteresis_2rc_ekf,oracle,fp64,DST,25,0.3924627357326137,MISSING_not_recorded,7319,PASS,actual MCU precision; no precision relabeling or mixed aggregation
LFP,hysteresis_2rc_ekf,oracle,fp64,DST,30,0.2174914591026574,MISSING_not_recorded,7391,PASS,actual MCU precision; no precision relabeling or mixed aggregation
LFP,hysteresis_2rc_ekf,oracle,fp64,DST,40,0.4218024002788608,MISSING_not_recorded,7397,PASS,actual MCU precision; no precision relabeling or mixed aggregation
LFP,hysteresis_2rc_ekf,oracle,fp64,DST,50,0.1122173551466902,MISSING_not_recorded,7415,PASS,actual MCU precision; no precision relabeling or mixed aggregation
LFP,2rc_ukf,oracle,fp64,DST,-10,6.6968515517857545,MISSING_not_recorded,5235,PASS,actual MCU precision; no precision relabeling or mixed aggregation
LFP,2rc_ukf,oracle,fp64,DST,0,4.539103164091307,MISSING_not_recorded,6671,PASS,actual MCU precision; no precision relabeling or mixed aggregation
LFP,2rc_ukf,oracle,fp64,DST,10,5.606120740536055,MISSING_not_recorded,7031,PASS,actual MCU precision; no precision relabeling or mixed aggregation
LFP,2rc_ukf,oracle,fp64,DST,20,2.2880205611588416,MISSING_not_recorded,7254,PASS,actual MCU precision; no precision relabeling or mixed aggregation
LFP,2rc_ukf,oracle,fp64,DST,25,2.46073113843171,MISSING_not_recorded,7319,PASS,actual MCU precision; no precision relabeling or mixed aggregation
LFP,2rc_ukf,oracle,fp64,DST,30,1.7597159428294826,MISSING_not_recorded,7391,PASS,actual MCU precision; no precision relabeling or mixed aggregation
LFP,2rc_ukf,oracle,fp64,DST,40,3.249844576220532,MISSING_not_recorded,7397,PASS,actual MCU precision; no precision relabeling or mixed aggregation
LFP,2rc_ukf,oracle,fp64,DST,50,2.796379906352031,MISSING_not_recorded,7415,PASS,actual MCU precision; no precision relabeling or mixed aggregation
LFP,plain_2rc_ekf,oracle,fp64,DST,-10,0.1296482602596197,MISSING_not_recorded,5235,PASS,actual MCU precision; no precision relabeling or mixed aggregation
LFP,plain_2rc_ekf,oracle,fp64,DST,0,0.4031319537474628,MISSING_not_recorded,6671,PASS,actual MCU precision; no precision relabeling or mixed aggregation
LFP,plain_2rc_ekf,oracle,fp64,DST,10,0.3447321700065835,MISSING_not_recorded,7031,PASS,actual MCU precision; no precision relabeling or mixed aggregation
LFP,plain_2rc_ekf,oracle,fp64,DST,20,0.6308268108110526,MISSING_not_recorded,7254,PASS,actual MCU precision; no precision relabeling or mixed aggregation
LFP,plain_2rc_ekf,oracle,fp64,DST,25,0.4991017751960387,MISSING_not_recorded,7319,PASS,actual MCU precision; no precision relabeling or mixed aggregation
LFP,plain_2rc_ekf,oracle,fp64,DST,30,0.3456578151883375,MISSING_not_recorded,7391,PASS,actual MCU precision; no precision relabeling or mixed aggregation
LFP,plain_2rc_ekf,oracle,fp64,DST,40,0.4587275869779603,MISSING_not_recorded,7397,PASS,actual MCU precision; no precision relabeling or mixed aggregation
LFP,plain_2rc_ekf,oracle,fp64,DST,50,0.1200022267236889,MISSING_not_recorded,7415,PASS,actual MCU precision; no precision relabeling or mixed aggregation
LFP,adaptive_hysteresis_2rc_ekf,oracle,fp64,FUDS,-10,0.0792794085200089,MISSING_not_recorded,5621,PASS,actual MCU precision; no precision relabeling or mixed aggregation
LFP,adaptive_hysteresis_2rc_ekf,oracle,fp64,FUDS,0,0.4017607893406154,MISSING_not_recorded,6965,PASS,actual MCU precision; no precision relabeling or mixed aggregation
LFP,adaptive_hysteresis_2rc_ekf,oracle,fp64,FUDS,10,0.4467136960872796,MISSING_not_recorded,7021,PASS,actual MCU precision; no precision relabeling or mixed aggregation
LFP,adaptive_hysteresis_2rc_ekf,oracle,fp64,FUDS,20,0.2894331593212337,MISSING_not_recorded,7249,PASS,actual MCU precision; no precision relabeling or mixed aggregation
LFP,adaptive_hysteresis_2rc_ekf,oracle,fp64,FUDS,25,0.3898584123747241,MISSING_not_recorded,7323,PASS,actual MCU precision; no precision relabeling or mixed aggregation
LFP,adaptive_hysteresis_2rc_ekf,oracle,fp64,FUDS,30,0.2536693304114575,MISSING_not_recorded,7397,PASS,actual MCU precision; no precision relabeling or mixed aggregation
LFP,adaptive_hysteresis_2rc_ekf,oracle,fp64,FUDS,40,0.4399022188893825,MISSING_not_recorded,7529,PASS,actual MCU precision; no precision relabeling or mixed aggregation
LFP,adaptive_hysteresis_2rc_ekf,oracle,fp64,FUDS,50,0.2217636816383353,MISSING_not_recorded,7565,PASS,actual MCU precision; no precision relabeling or mixed aggregation
LFP,cc,oracle,fp32,FUDS,-10,0.0382461727703273,MISSING_not_recorded,5621,PASS,actual MCU precision; no precision relabeling or mixed aggregation
LFP,cc,oracle,fp32,FUDS,0,0.0364598935957617,MISSING_not_recorded,6965,PASS,actual MCU precision; no precision relabeling or mixed aggregation
LFP,cc,oracle,fp32,FUDS,10,0.1552228878542702,MISSING_not_recorded,7021,PASS,actual MCU precision; no precision relabeling or mixed aggregation
LFP,cc,oracle,fp32,FUDS,20,0.052419710308335,MISSING_not_recorded,7249,PASS,actual MCU precision; no precision relabeling or mixed aggregation
LFP,cc,oracle,fp32,FUDS,25,0.1093139957949686,MISSING_not_recorded,7323,PASS,actual MCU precision; no precision relabeling or mixed aggregation
LFP,cc,oracle,fp32,FUDS,30,0.0602094483614171,MISSING_not_recorded,7397,PASS,actual MCU precision; no precision relabeling or mixed aggregation
LFP,cc,oracle,fp32,FUDS,40,0.2160579220607717,MISSING_not_recorded,7529,PASS,actual MCU precision; no precision relabeling or mixed aggregation
LFP,cc,oracle,fp32,FUDS,50,0.0855883234028987,MISSING_not_recorded,7565,PASS,actual MCU precision; no precision relabeling or mixed aggregation
LFP,hysteresis_2rc_ekf,oracle,fp64,FUDS,-10,0.1093243413582952,MISSING_not_recorded,5621,PASS,actual MCU precision; no precision relabeling or mixed aggregation
LFP,hysteresis_2rc_ekf,oracle,fp64,FUDS,0,0.3886753676223787,MISSING_not_recorded,6965,PASS,actual MCU precision; no precision relabeling or mixed aggregation
LFP,hysteresis_2rc_ekf,oracle,fp64,FUDS,10,0.3328022082373609,MISSING_not_recorded,7021,PASS,actual MCU precision; no precision relabeling or mixed aggregation
LFP,hysteresis_2rc_ekf,oracle,fp64,FUDS,20,0.3096982598545849,MISSING_not_recorded,7249,PASS,actual MCU precision; no precision relabeling or mixed aggregation
LFP,hysteresis_2rc_ekf,oracle,fp64,FUDS,25,0.3362560336395749,MISSING_not_recorded,7323,PASS,actual MCU precision; no precision relabeling or mixed aggregation
LFP,hysteresis_2rc_ekf,oracle,fp64,FUDS,30,0.2156746822928787,MISSING_not_recorded,7397,PASS,actual MCU precision; no precision relabeling or mixed aggregation
LFP,hysteresis_2rc_ekf,oracle,fp64,FUDS,40,0.4096070252596625,MISSING_not_recorded,7529,PASS,actual MCU precision; no precision relabeling or mixed aggregation
LFP,hysteresis_2rc_ekf,oracle,fp64,FUDS,50,0.1649005904144116,MISSING_not_recorded,7565,PASS,actual MCU precision; no precision relabeling or mixed aggregation
LFP,2rc_ukf,oracle,fp64,FUDS,-10,0.7385712018318876,MISSING_not_recorded,5621,PASS,actual MCU precision; no precision relabeling or mixed aggregation
LFP,2rc_ukf,oracle,fp64,FUDS,0,25.339525622996423,MISSING_not_recorded,6965,PASS,actual MCU precision; no precision relabeling or mixed aggregation
LFP,2rc_ukf,oracle,fp64,FUDS,10,27.9289141682456,MISSING_not_recorded,7021,PASS,actual MCU precision; no precision relabeling or mixed aggregation
LFP,2rc_ukf,oracle,fp64,FUDS,20,7.835676172579905,MISSING_not_recorded,7249,PASS,actual MCU precision; no precision relabeling or mixed aggregation
LFP,2rc_ukf,oracle,fp64,FUDS,25,5.675092493957619,MISSING_not_recorded,7323,PASS,actual MCU precision; no precision relabeling or mixed aggregation
LFP,2rc_ukf,oracle,fp64,FUDS,30,5.579256362666179,MISSING_not_recorded,7397,PASS,actual MCU precision; no precision relabeling or mixed aggregation
LFP,2rc_ukf,oracle,fp64,FUDS,40,2.329230499715197,MISSING_not_recorded,7529,PASS,actual MCU precision; no precision relabeling or mixed aggregation
LFP,2rc_ukf,oracle,fp64,FUDS,50,13.923308419754784,MISSING_not_recorded,7565,PASS,actual MCU precision; no precision relabeling or mixed aggregation
LFP,plain_2rc_ekf,oracle,fp64,FUDS,-10,0.0515213746610518,MISSING_not_recorded,5621,PASS,actual MCU precision; no precision relabeling or mixed aggregation
LFP,plain_2rc_ekf,oracle,fp64,FUDS,0,0.400140770838825,MISSING_not_recorded,6965,PASS,actual MCU precision; no precision relabeling or mixed aggregation
LFP,plain_2rc_ekf,oracle,fp64,FUDS,10,0.2679621178257792,MISSING_not_recorded,7021,PASS,actual MCU precision; no precision relabeling or mixed aggregation
LFP,plain_2rc_ekf,oracle,fp64,FUDS,20,0.2910670745610172,MISSING_not_recorded,7249,PASS,actual MCU precision; no precision relabeling or mixed aggregation
LFP,plain_2rc_ekf,oracle,fp64,FUDS,25,0.3583018090199575,MISSING_not_recorded,7323,PASS,actual MCU precision; no precision relabeling or mixed aggregation
LFP,plain_2rc_ekf,oracle,fp64,FUDS,30,0.2368756636201748,MISSING_not_recorded,7397,PASS,actual MCU precision; no precision relabeling or mixed aggregation
LFP,plain_2rc_ekf,oracle,fp64,FUDS,40,0.4216158126764353,MISSING_not_recorded,7529,PASS,actual MCU precision; no precision relabeling or mixed aggregation
LFP,plain_2rc_ekf,oracle,fp64,FUDS,50,0.1687464475834608,MISSING_not_recorded,7565,PASS,actual MCU precision; no precision relabeling or mixed aggregation
LFP,adaptive_hysteresis_2rc_ekf,oracle,fp64,US06,-10,0.0893225392565956,MISSING_not_recorded,5051,PASS,actual MCU precision; no precision relabeling or mixed aggregation
LFP,adaptive_hysteresis_2rc_ekf,oracle,fp64,US06,0,0.0479818957285924,MISSING_not_recorded,6234,PASS,actual MCU precision; no precision relabeling or mixed aggregation
LFP,adaptive_hysteresis_2rc_ekf,oracle,fp64,US06,10,0.0563611926434108,MISSING_not_recorded,6727,PASS,actual MCU precision; no precision relabeling or mixed aggregation
LFP,adaptive_hysteresis_2rc_ekf,oracle,fp64,US06,20,0.0354255700913647,MISSING_not_recorded,6849,PASS,actual MCU precision; no precision relabeling or mixed aggregation
LFP,adaptive_hysteresis_2rc_ekf,oracle,fp64,US06,25,0.033473800969384,MISSING_not_recorded,6908,PASS,actual MCU precision; no precision relabeling or mixed aggregation
LFP,adaptive_hysteresis_2rc_ekf,oracle,fp64,US06,30,0.045461621658077,MISSING_not_recorded,6953,PASS,actual MCU precision; no precision relabeling or mixed aggregation
LFP,adaptive_hysteresis_2rc_ekf,oracle,fp64,US06,40,0.1756811551507798,MISSING_not_recorded,7095,PASS,actual MCU precision; no precision relabeling or mixed aggregation
LFP,adaptive_hysteresis_2rc_ekf,oracle,fp64,US06,50,0.0450093705008698,MISSING_not_recorded,7116,PASS,actual MCU precision; no precision relabeling or mixed aggregation
LFP,cc,oracle,fp32,US06,-10,0.1352571614158841,MISSING_not_recorded,5051,PASS,actual MCU precision; no precision relabeling or mixed aggregation
LFP,cc,oracle,fp32,US06,0,0.0402565212448252,MISSING_not_recorded,6234,PASS,actual MCU precision; no precision relabeling or mixed aggregation
LFP,cc,oracle,fp32,US06,10,0.0617797392835144,MISSING_not_recorded,6727,PASS,actual MCU precision; no precision relabeling or mixed aggregation
LFP,cc,oracle,fp32,US06,20,0.0541177425092343,MISSING_not_recorded,6849,PASS,actual MCU precision; no precision relabeling or mixed aggregation
LFP,cc,oracle,fp32,US06,25,0.0278956583128199,MISSING_not_recorded,6908,PASS,actual MCU precision; no precision relabeling or mixed aggregation
LFP,cc,oracle,fp32,US06,30,0.0300934014203704,MISSING_not_recorded,6953,PASS,actual MCU precision; no precision relabeling or mixed aggregation
LFP,cc,oracle,fp32,US06,40,0.1898471788200879,MISSING_not_recorded,7095,PASS,actual MCU precision; no precision relabeling or mixed aggregation
LFP,cc,oracle,fp32,US06,50,0.0459932909791461,MISSING_not_recorded,7116,PASS,actual MCU precision; no precision relabeling or mixed aggregation
LFP,hysteresis_2rc_ekf,oracle,fp64,US06,-10,0.089563636487582,MISSING_not_recorded,5051,PASS,actual MCU precision; no precision relabeling or mixed aggregation
LFP,hysteresis_2rc_ekf,oracle,fp64,US06,0,0.0477049586276145,MISSING_not_recorded,6234,PASS,actual MCU precision; no precision relabeling or mixed aggregation
LFP,hysteresis_2rc_ekf,oracle,fp64,US06,10,0.0566214678833566,MISSING_not_recorded,6727,PASS,actual MCU precision; no precision relabeling or mixed aggregation
LFP,hysteresis_2rc_ekf,oracle,fp64,US06,20,0.0353102283284943,MISSING_not_recorded,6849,PASS,actual MCU precision; no precision relabeling or mixed aggregation
LFP,hysteresis_2rc_ekf,oracle,fp64,US06,25,0.0337677575810192,MISSING_not_recorded,6908,PASS,actual MCU precision; no precision relabeling or mixed aggregation
LFP,hysteresis_2rc_ekf,oracle,fp64,US06,30,0.0454096381588218,MISSING_not_recorded,6953,PASS,actual MCU precision; no precision relabeling or mixed aggregation
LFP,hysteresis_2rc_ekf,oracle,fp64,US06,40,0.175609459563096,MISSING_not_recorded,7095,PASS,actual MCU precision; no precision relabeling or mixed aggregation
LFP,hysteresis_2rc_ekf,oracle,fp64,US06,50,0.0450346741679847,MISSING_not_recorded,7116,PASS,actual MCU precision; no precision relabeling or mixed aggregation
LFP,2rc_ukf,oracle,fp64,US06,-10,12.372264932919837,MISSING_not_recorded,5051,PASS,actual MCU precision; no precision relabeling or mixed aggregation
LFP,2rc_ukf,oracle,fp64,US06,0,8.443110873362764,MISSING_not_recorded,6234,PASS,actual MCU precision; no precision relabeling or mixed aggregation
LFP,2rc_ukf,oracle,fp64,US06,10,8.655873075878752,MISSING_not_recorded,6727,PASS,actual MCU precision; no precision relabeling or mixed aggregation
LFP,2rc_ukf,oracle,fp64,US06,20,7.248437236219716,MISSING_not_recorded,6849,PASS,actual MCU precision; no precision relabeling or mixed aggregation
LFP,2rc_ukf,oracle,fp64,US06,25,8.228400625700838,MISSING_not_recorded,6908,PASS,actual MCU precision; no precision relabeling or mixed aggregation
LFP,2rc_ukf,oracle,fp64,US06,30,8.11480388947008,MISSING_not_recorded,6953,PASS,actual MCU precision; no precision relabeling or mixed aggregation
LFP,2rc_ukf,oracle,fp64,US06,40,7.5580548149132065,MISSING_not_recorded,7095,PASS,actual MCU precision; no precision relabeling or mixed aggregation
LFP,2rc_ukf,oracle,fp64,US06,50,7.724659882351227,MISSING_not_recorded,7116,PASS,actual MCU precision; no precision relabeling or mixed aggregation
LFP,plain_2rc_ekf,oracle,fp64,US06,-10,0.079742348633262,MISSING_not_recorded,5051,PASS,actual MCU precision; no precision relabeling or mixed aggregation
LFP,plain_2rc_ekf,oracle,fp64,US06,0,0.173221701443575,MISSING_not_recorded,6234,PASS,actual MCU precision; no precision relabeling or mixed aggregation
LFP,plain_2rc_ekf,oracle,fp64,US06,10,0.0584859176401271,MISSING_not_recorded,6727,PASS,actual MCU precision; no precision relabeling or mixed aggregation
LFP,plain_2rc_ekf,oracle,fp64,US06,20,0.039100091361246,MISSING_not_recorded,6849,PASS,actual MCU precision; no precision relabeling or mixed aggregation
LFP,plain_2rc_ekf,oracle,fp64,US06,25,0.0359916678342898,MISSING_not_recorded,6908,PASS,actual MCU precision; no precision relabeling or mixed aggregation
LFP,plain_2rc_ekf,oracle,fp64,US06,30,0.1135561988612785,MISSING_not_recorded,6953,PASS,actual MCU precision; no precision relabeling or mixed aggregation
LFP,plain_2rc_ekf,oracle,fp64,US06,40,0.1240110877342365,MISSING_not_recorded,7095,PASS,actual MCU precision; no precision relabeling or mixed aggregation
LFP,plain_2rc_ekf,oracle,fp64,US06,50,0.0508136466278151,MISSING_not_recorded,7116,PASS,actual MCU precision; no precision relabeling or mixed aggregation
NMC,1RC_EKF,oracle,fp64,DST,0,2.014759460133386,MISSING_not_recorded,9478,PASS,actual MCU precision; no precision relabeling or mixed aggregation
NMC,1RC_EKF,oracle,fp64,DST,25,1.809042950485817,MISSING_not_recorded,10572,PASS,actual MCU precision; no precision relabeling or mixed aggregation
NMC,1RC_EKF,oracle,fp64,DST,45,2.2581564394184026,MISSING_not_recorded,11255,PASS,actual MCU precision; no precision relabeling or mixed aggregation
NMC,2RC_EKF,oracle,fp64,DST,0,1.9022251030104984,MISSING_not_recorded,9478,PASS,actual MCU precision; no precision relabeling or mixed aggregation
NMC,2RC_EKF,oracle,fp64,DST,25,1.7089626405280276,MISSING_not_recorded,10572,PASS,actual MCU precision; no precision relabeling or mixed aggregation
NMC,2RC_EKF,oracle,fp64,DST,45,1.2609044100902265,MISSING_not_recorded,11255,PASS,actual MCU precision; no precision relabeling or mixed aggregation
NMC,2RC_UKF,oracle,fp64,DST,0,1.994688600382716,MISSING_not_recorded,9478,PASS,actual MCU precision; no precision relabeling or mixed aggregation
NMC,2RC_UKF,oracle,fp64,DST,25,2.1326538121707825,MISSING_not_recorded,10572,PASS,actual MCU precision; no precision relabeling or mixed aggregation
NMC,2RC_UKF,oracle,fp64,DST,45,2.425111102950526,MISSING_not_recorded,11255,PASS,actual MCU precision; no precision relabeling or mixed aggregation
NMC,Adaptive_2RC_EKF,oracle,fp64,DST,0,1.9814603170972087,MISSING_not_recorded,9478,PASS,actual MCU precision; no precision relabeling or mixed aggregation
NMC,Adaptive_2RC_EKF,oracle,fp64,DST,25,1.7126907232983712,MISSING_not_recorded,10572,PASS,actual MCU precision; no precision relabeling or mixed aggregation
NMC,Adaptive_2RC_EKF,oracle,fp64,DST,45,1.2604965678953906,MISSING_not_recorded,11255,PASS,actual MCU precision; no precision relabeling or mixed aggregation
NMC,CC,oracle,fp32,DST,0,0.1044330164927535,MISSING_not_recorded,9478,PASS,actual MCU precision; no precision relabeling or mixed aggregation
NMC,CC,oracle,fp32,DST,25,0.0570575686025973,MISSING_not_recorded,10572,PASS,actual MCU precision; no precision relabeling or mixed aggregation
NMC,CC,oracle,fp32,DST,45,0.2550795048664398,MISSING_not_recorded,11255,PASS,actual MCU precision; no precision relabeling or mixed aggregation
NMC,1RC_EKF,oracle,fp64,FUDS,0,2.062597321482208,MISSING_not_recorded,9658,PASS,actual MCU precision; no precision relabeling or mixed aggregation
NMC,1RC_EKF,oracle,fp64,FUDS,25,1.6454121989805457,MISSING_not_recorded,11043,PASS,actual MCU precision; no precision relabeling or mixed aggregation
NMC,1RC_EKF,oracle,fp64,FUDS,45,2.2610863895387543,MISSING_not_recorded,11577,PASS,actual MCU precision; no precision relabeling or mixed aggregation
NMC,2RC_EKF,oracle,fp64,FUDS,0,2.19328852288396,MISSING_not_recorded,9658,PASS,actual MCU precision; no precision relabeling or mixed aggregation
NMC,2RC_EKF,oracle,fp64,FUDS,25,1.53920774213061,MISSING_not_recorded,11043,PASS,actual MCU precision; no precision relabeling or mixed aggregation
NMC,2RC_EKF,oracle,fp64,FUDS,45,3.0904778458393865,MISSING_not_recorded,11577,PASS,actual MCU precision; no precision relabeling or mixed aggregation
NMC,2RC_UKF,oracle,fp64,FUDS,0,2.5860259132940326,MISSING_not_recorded,9658,PASS,actual MCU precision; no precision relabeling or mixed aggregation
NMC,2RC_UKF,oracle,fp64,FUDS,25,2.116893447617356,MISSING_not_recorded,11043,PASS,actual MCU precision; no precision relabeling or mixed aggregation
NMC,2RC_UKF,oracle,fp64,FUDS,45,40.38041170911691,MISSING_not_recorded,11577,PASS,actual MCU precision; no precision relabeling or mixed aggregation
NMC,Adaptive_2RC_EKF,oracle,fp64,FUDS,0,2.0798787916067263,MISSING_not_recorded,9658,PASS,actual MCU precision; no precision relabeling or mixed aggregation
NMC,Adaptive_2RC_EKF,oracle,fp64,FUDS,25,1.5567313860802163,MISSING_not_recorded,11043,PASS,actual MCU precision; no precision relabeling or mixed aggregation
NMC,Adaptive_2RC_EKF,oracle,fp64,FUDS,45,3.1082263497326124,MISSING_not_recorded,11577,PASS,actual MCU precision; no precision relabeling or mixed aggregation
NMC,CC,oracle,fp32,FUDS,0,0.0257189393885298,MISSING_not_recorded,9658,PASS,actual MCU precision; no precision relabeling or mixed aggregation
NMC,CC,oracle,fp32,FUDS,25,0.0913628782257884,MISSING_not_recorded,11043,PASS,actual MCU precision; no precision relabeling or mixed aggregation
NMC,CC,oracle,fp32,FUDS,45,0.113795884157911,MISSING_not_recorded,11577,PASS,actual MCU precision; no precision relabeling or mixed aggregation
NMC,1RC_EKF,oracle,fp64,US06,0,2.0582449658742634,MISSING_not_recorded,9433,PASS,actual MCU precision; no precision relabeling or mixed aggregation
NMC,1RC_EKF,oracle,fp64,US06,25,1.4592331949042967,MISSING_not_recorded,10631,PASS,actual MCU precision; no precision relabeling or mixed aggregation
NMC,1RC_EKF,oracle,fp64,US06,45,2.099810762577914,MISSING_not_recorded,10835,PASS,actual MCU precision; no precision relabeling or mixed aggregation
NMC,2RC_EKF,oracle,fp64,US06,0,1.865786807784523,MISSING_not_recorded,9433,PASS,actual MCU precision; no precision relabeling or mixed aggregation
NMC,2RC_EKF,oracle,fp64,US06,25,0.8235336863081044,MISSING_not_recorded,10631,PASS,actual MCU precision; no precision relabeling or mixed aggregation
NMC,2RC_EKF,oracle,fp64,US06,45,1.160542792822969,MISSING_not_recorded,10835,PASS,actual MCU precision; no precision relabeling or mixed aggregation
NMC,2RC_UKF,oracle,fp64,US06,0,1.7763036940737336,MISSING_not_recorded,9433,PASS,actual MCU precision; no precision relabeling or mixed aggregation
NMC,2RC_UKF,oracle,fp64,US06,25,0.536788317114637,MISSING_not_recorded,10631,PASS,actual MCU precision; no precision relabeling or mixed aggregation
NMC,2RC_UKF,oracle,fp64,US06,45,2.346502678939178,MISSING_not_recorded,10835,PASS,actual MCU precision; no precision relabeling or mixed aggregation
NMC,Adaptive_2RC_EKF,oracle,fp64,US06,0,1.9611216426499305,MISSING_not_recorded,9433,PASS,actual MCU precision; no precision relabeling or mixed aggregation
NMC,Adaptive_2RC_EKF,oracle,fp64,US06,25,0.4388719047159173,MISSING_not_recorded,10631,PASS,actual MCU precision; no precision relabeling or mixed aggregation
NMC,Adaptive_2RC_EKF,oracle,fp64,US06,45,1.15882271050396,MISSING_not_recorded,10835,PASS,actual MCU precision; no precision relabeling or mixed aggregation
NMC,CC,oracle,fp32,US06,0,0.0367501534895502,MISSING_not_recorded,9433,PASS,actual MCU precision; no precision relabeling or mixed aggregation
NMC,CC,oracle,fp32,US06,25,0.1641122714608908,MISSING_not_recorded,10631,PASS,actual MCU precision; no precision relabeling or mixed aggregation
NMC,CC,oracle,fp32,US06,45,0.0469519980546254,MISSING_not_recorded,10835,PASS,actual MCU precision; no precision relabeling or mixed aggregation
