model,precision,clock_mhz,stage,n_reps,cycles_median,cycles_p90,cycles_max,us_median,us_p90
lfp_g4_dst_s0,fp32,250.0,preprocess_per_sample,1024,41084.0,41092.0,41108,164.336,164.368
lfp_g4_dst_s0,fp32,250.0,network_per_estimate,1024,58577831.0,58592666.2,58624343,234311.324,234370.6648
lfp_g4_dst_s0,fp32,250.0,total_per_estimate,1024,58618915.0,58633755.9,58665425,234475.66,234535.0236
lfp_g4_dst_s1,fp32,250.0,preprocess_per_sample,1024,41084.0,41092.0,41108,164.336,164.368
lfp_g4_dst_s1,fp32,250.0,network_per_estimate,1024,58537736.5,58555036.7,58583220,234150.946,234220.14680000002
lfp_g4_dst_s1,fp32,250.0,total_per_estimate,1024,58578823.5,58596126.7,58624302,234315.294,234384.5068
lfp_g4_dst_s2,fp32,250.0,preprocess_per_sample,1024,41084.0,41092.0,41108,164.336,164.368
lfp_g4_dst_s2,fp32,250.0,network_per_estimate,1024,58542918.0,58565388.6,58576485,234171.672,234261.5544
lfp_g4_dst_s2,fp32,250.0,total_per_estimate,1024,58584008.0,58606472.6,58617569,234336.032,234425.8904
lfp_g4_fuds_s0,fp32,250.0,preprocess_per_sample,1024,41090.0,41092.0,41110,164.36,164.368
lfp_g4_fuds_s0,fp32,250.0,network_per_estimate,1024,58570019.5,58583829.1,58599387,234280.078,234335.3164
lfp_g4_fuds_s0,fp32,250.0,total_per_estimate,1024,58611111.5,58624921.1,58640479,234444.446,234499.6844
lfp_g4_fuds_s1,fp32,250.0,preprocess_per_sample,1024,41090.0,41092.0,41110,164.36,164.368
lfp_g4_fuds_s1,fp32,250.0,network_per_estimate,1024,58533422.0,58547128.2,58581503,234133.688,234188.51280000003
lfp_g4_fuds_s1,fp32,250.0,total_per_estimate,1024,58574512.0,58588219.6,58622595,234298.048,234352.87840000002
lfp_g4_fuds_s2,fp32,250.0,preprocess_per_sample,1024,41090.0,41092.0,41110,164.36,164.368
lfp_g4_fuds_s2,fp32,250.0,network_per_estimate,1024,58562176.5,58573835.3,58581867,234248.706,234295.3412
lfp_g4_fuds_s2,fp32,250.0,total_per_estimate,1024,58603263.5,58614926.7,58622959,234413.054,234459.7068
lfp_g4_us06_s0,fp32,250.0,preprocess_per_sample,1024,41090.0,41092.0,41108,164.36,164.368
lfp_g4_us06_s0,fp32,250.0,network_per_estimate,1024,58574468.0,58601392.1,58617251,234297.872,234405.56840000002
lfp_g4_us06_s0,fp32,250.0,total_per_estimate,1024,58615555.0,58642480.0,58658335,234462.22,234569.92
lfp_g4_us06_s1,fp32,250.0,preprocess_per_sample,1024,41090.0,41092.0,41108,164.36,164.368
lfp_g4_us06_s1,fp32,250.0,network_per_estimate,1024,58558558.5,58577432.1,58588917,234234.234,234309.7284
lfp_g4_us06_s1,fp32,250.0,total_per_estimate,1024,58599640.5,58618522.1,58630001,234398.562,234474.0884
lfp_g4_us06_s2,fp32,250.0,preprocess_per_sample,1024,41090.0,41092.0,41108,164.36,164.368
lfp_g4_us06_s2,fp32,250.0,network_per_estimate,1024,58542776.0,58567925.5,58578048,234171.104,234271.702
lfp_g4_us06_s2,fp32,250.0,total_per_estimate,1024,58583862.0,58609015.5,58619141,234335.448,234436.062
lfp_t6_dst_s0,fp32,250.0,preprocess_per_sample,1024,23064.0,23072.0,23088,92.256,92.288
lfp_t6_dst_s0,fp32,250.0,network_per_estimate,1024,58336771.0,58373217.5,58398042,233347.084,233492.87
lfp_t6_dst_s0,fp32,250.0,total_per_estimate,1024,58359834.0,58396283.6,58421104,233439.336,233585.1344
lfp_t6_dst_s1,fp32,250.0,preprocess_per_sample,1024,23064.0,23072.0,23088,92.256,92.288
lfp_t6_dst_s1,fp32,250.0,network_per_estimate,1024,58379137.5,58395304.9,58402936,233516.55,233581.21959999998
lfp_t6_dst_s1,fp32,250.0,total_per_estimate,1024,58402205.5,58418368.9,58425998,233608.822,233673.4756
lfp_t6_dst_s2,fp32,250.0,preprocess_per_sample,1024,23064.0,23072.0,23088,92.256,92.288
lfp_t6_dst_s2,fp32,250.0,network_per_estimate,1024,58347060.0,58363165.7,58412695,233388.24,233452.66280000002
lfp_t6_dst_s2,fp32,250.0,total_per_estimate,1024,58370124.0,58386229.7,58435757,233480.496,233544.9188
lfp_t6_fuds_s0,fp32,250.0,preprocess_per_sample,1024,23070.0,23072.0,23090,92.28,92.288
lfp_t6_fuds_s0,fp32,250.0,network_per_estimate,1024,58353189.0,58372178.0,58390569,233412.756,233488.712
lfp_t6_fuds_s0,fp32,250.0,total_per_estimate,1024,58376259.5,58395248.9,58413641,233505.038,233580.9956
lfp_t6_fuds_s1,fp32,250.0,preprocess_per_sample,1024,23070.0,23072.0,23090,92.28,92.288
lfp_t6_fuds_s1,fp32,250.0,network_per_estimate,1024,58406435.5,58417182.3,58434618,233625.742,233668.7292
lfp_t6_fuds_s1,fp32,250.0,total_per_estimate,1024,58429506.5,58440254.3,58457690,233718.026,233761.0172
lfp_t6_fuds_s2,fp32,250.0,preprocess_per_sample,1024,23070.0,23072.0,23090,92.28,92.288
lfp_t6_fuds_s2,fp32,250.0,network_per_estimate,1024,58352572.5,58363418.5,58407030,233410.29,233453.674
lfp_t6_fuds_s2,fp32,250.0,total_per_estimate,1024,58375647.0,58386488.5,58430102,233502.588,233545.954
lfp_t6_us06_s0,fp32,250.0,preprocess_per_sample,1024,23070.0,23072.0,23088,92.28,92.288
lfp_t6_us06_s0,fp32,250.0,network_per_estimate,1024,58337108.5,58358647.7,58409139,233348.434,233434.5908
lfp_t6_us06_s0,fp32,250.0,total_per_estimate,1024,58360183.0,58381711.7,58432203,233440.732,233526.8468
lfp_t6_us06_s1,fp32,250.0,preprocess_per_sample,1024,23070.0,23072.0,23088,92.28,92.288
lfp_t6_us06_s1,fp32,250.0,network_per_estimate,1024,58374134.5,58389878.8,58448725,233496.538,233559.5152
lfp_t6_us06_s1,fp32,250.0,total_per_estimate,1024,58397202.5,58412950.8,58471789,233588.81,233651.8032
lfp_t6_us06_s2,fp32,250.0,preprocess_per_sample,1024,23070.0,23072.0,23088,92.28,92.288
lfp_t6_us06_s2,fp32,250.0,network_per_estimate,1024,58336678.0,58377625.0,58433708,233346.712,233510.5
lfp_t6_us06_s2,fp32,250.0,total_per_estimate,1024,58359745.0,58400697.0,58456783,233438.98,233602.788
lfp_t7_dst_s0,fp32,250.0,preprocess_per_sample,1024,27493.0,27501.0,27517,109.972,110.004
lfp_t7_dst_s0,fp32,250.0,network_per_estimate,1024,57780955.5,57891322.0,57924882,231123.822,231565.288
lfp_t7_dst_s0,fp32,250.0,total_per_estimate,1024,57808453.0,57918813.6,57952373,231233.812,231675.2544
lfp_t7_dst_s1,fp32,250.0,preprocess_per_sample,1024,27493.0,27501.0,27517,109.972,110.004
lfp_t7_dst_s1,fp32,250.0,network_per_estimate,1024,57756976.0,57839218.8,57870800,231027.904,231356.87519999998
lfp_t7_dst_s1,fp32,250.0,total_per_estimate,1024,57784469.0,57866711.8,57898291,231137.876,231466.8472
lfp_t7_dst_s2,fp32,250.0,preprocess_per_sample,1024,27493.0,27501.0,27517,109.972,110.004
lfp_t7_dst_s2,fp32,250.0,network_per_estimate,1024,57815385.0,57879335.1,57895700,231261.54,231517.34040000002
lfp_t7_dst_s2,fp32,250.0,total_per_estimate,1024,57842878.0,57906828.1,57923200,231371.512,231627.3124
lfp_t7_fuds_s0,fp32,250.0,preprocess_per_sample,1024,27499.0,27501.0,27519,109.996,110.004
lfp_t7_fuds_s0,fp32,250.0,network_per_estimate,1024,57748863.5,57867428.1,57893780,230995.454,231469.71240000002
lfp_t7_fuds_s0,fp32,250.0,total_per_estimate,1024,57776362.5,57894927.1,57921273,231105.45,231579.7084
lfp_t7_fuds_s1,fp32,250.0,preprocess_per_sample,1024,27499.0,27501.0,27519,109.996,110.004
lfp_t7_fuds_s1,fp32,250.0,network_per_estimate,1024,57715220.5,57858827.8,57893271,230860.882,231435.3112
lfp_t7_fuds_s1,fp32,250.0,total_per_estimate,1024,57742717.5,57886324.6,57920772,230970.87,231545.2984
lfp_t7_fuds_s2,fp32,250.0,preprocess_per_sample,1024,27499.0,27501.0,27519,109.996,110.004
lfp_t7_fuds_s2,fp32,250.0,network_per_estimate,1024,57779122.0,57891379.1,57912930,231116.488,231565.5164
lfp_t7_fuds_s2,fp32,250.0,total_per_estimate,1024,57806622.0,57918889.1,57940431,231226.488,231675.5564
lfp_t7_us06_s0,fp32,250.0,preprocess_per_sample,1024,27499.0,27501.0,27517,109.996,110.004
lfp_t7_us06_s0,fp32,250.0,network_per_estimate,1024,57781290.0,57884988.9,57908000,231125.16,231539.9556
lfp_t7_us06_s0,fp32,250.0,total_per_estimate,1024,57808787.0,57912489.9,57935501,231235.148,231649.9596
lfp_t7_us06_s1,fp32,250.0,preprocess_per_sample,1024,27499.0,27501.0,27517,109.996,110.004
lfp_t7_us06_s1,fp32,250.0,network_per_estimate,1024,57750992.0,57857271.8,57894722,231003.968,231429.08719999998
lfp_t7_us06_s1,fp32,250.0,total_per_estimate,1024,57778493.0,57884772.8,57922226,231113.972,231539.0912
lfp_t7_us06_s2,fp32,250.0,preprocess_per_sample,1024,27499.0,27501.0,27517,109.996,110.004
lfp_t7_us06_s2,fp32,250.0,network_per_estimate,1024,57800151.0,57894804.9,57914842,231200.604,231579.21959999998
lfp_t7_us06_s2,fp32,250.0,total_per_estimate,1024,57827647.5,57922305.9,57942346,231310.59,231689.2236
nmc_g4_dst_s0,fp32,250.0,preprocess_per_sample,1024,41103.0,41103.7,41119,164.412,164.41479999999999
nmc_g4_dst_s0,fp32,250.0,network_per_estimate,1024,58425202.0,58439573.4,58447131,233700.808,233758.2936
nmc_g4_dst_s0,fp32,250.0,total_per_estimate,1024,58466305.0,58480676.4,58488223,233865.22,233922.7056
nmc_g4_dst_s1,fp32,250.0,preprocess_per_sample,1024,41103.0,41103.7,41119,164.412,164.41479999999999
nmc_g4_dst_s1,fp32,250.0,network_per_estimate,1024,58434070.5,58477972.7,58490656,233736.282,233911.89080000002
nmc_g4_dst_s1,fp32,250.0,total_per_estimate,1024,58475173.0,58519068.7,58531759,233900.692,234076.2748
nmc_g4_dst_s2,fp32,250.0,preprocess_per_sample,1024,41103.0,41103.7,41119,164.412,164.41479999999999
nmc_g4_dst_s2,fp32,250.0,network_per_estimate,1024,58442229.0,58457192.2,58466667,233768.916,233828.76880000002
nmc_g4_dst_s2,fp32,250.0,total_per_estimate,1024,58483332.0,58498288.9,58507770,233933.328,233993.1556
nmc_g4_fuds_s0,fp32,250.0,preprocess_per_sample,1024,41102.0,41105.0,41125,164.408,164.42
nmc_g4_fuds_s0,fp32,250.0,network_per_estimate,1024,58436194.0,58450901.1,58457654,233744.776,233803.6044
nmc_g4_fuds_s0,fp32,250.0,total_per_estimate,1024,58477301.5,58492008.3,58498757,233909.206,233968.03319999998
nmc_g4_fuds_s1,fp32,250.0,preprocess_per_sample,1024,41102.0,41105.0,41125,164.408,164.42
nmc_g4_fuds_s1,fp32,250.0,network_per_estimate,1024,58446024.5,58462154.3,58466868,233784.098,233848.61719999998
nmc_g4_fuds_s1,fp32,250.0,total_per_estimate,1024,58487130.5,58503259.6,58507971,233948.522,234013.03840000002
nmc_g4_fuds_s2,fp32,250.0,preprocess_per_sample,1024,41102.0,41105.0,41125,164.408,164.42
nmc_g4_fuds_s2,fp32,250.0,network_per_estimate,1024,58447824.5,58464395.6,58472184,233791.298,233857.5824
nmc_g4_fuds_s2,fp32,250.0,total_per_estimate,1024,58488927.0,58505492.5,58513286,233955.708,234021.97
nmc_g4_us06_s0,fp32,250.0,preprocess_per_sample,1024,41101.0,41103.0,41116,164.404,164.412
nmc_g4_us06_s0,fp32,250.0,network_per_estimate,1024,58462729.0,58469148.2,58478720,233850.916,233876.5928
nmc_g4_us06_s0,fp32,250.0,total_per_estimate,1024,58503831.0,58510250.5,58519822,234015.324,234041.002
nmc_g4_us06_s1,fp32,250.0,preprocess_per_sample,1024,41101.0,41103.0,41116,164.404,164.412
nmc_g4_us06_s1,fp32,250.0,network_per_estimate,1024,58444307.5,58462725.0,58471644,233777.23,233850.9
nmc_g4_us06_s1,fp32,250.0,total_per_estimate,1024,58485405.0,58503825.9,58512746,233941.62,234015.30359999998
nmc_g4_us06_s2,fp32,250.0,preprocess_per_sample,1024,41101.0,41103.0,41116,164.404,164.412
nmc_g4_us06_s2,fp32,250.0,network_per_estimate,1024,58457477.5,58466766.4,58470542,233829.91,233867.0656
nmc_g4_us06_s2,fp32,250.0,total_per_estimate,1024,58498575.5,58507866.0,58511645,233994.302,234031.464
nmc_t6_dst_s0,fp32,250.0,preprocess_per_sample,1024,23082.0,23082.7,23098,92.328,92.3308
nmc_t6_dst_s0,fp32,250.0,network_per_estimate,1024,57978976.0,58003570.0,58010063,231915.904,232014.28
nmc_t6_dst_s0,fp32,250.0,total_per_estimate,1024,58002057.5,58026644.3,58033145,232008.23,232106.5772
nmc_t6_dst_s1,fp32,250.0,preprocess_per_sample,1024,23082.0,23082.7,23098,92.328,92.3308
nmc_t6_dst_s1,fp32,250.0,network_per_estimate,1024,57979288.5,57990957.4,57998970,231917.154,231963.8296
nmc_t6_dst_s1,fp32,250.0,total_per_estimate,1024,58002370.5,58014036.1,58022052,232009.482,232056.14440000002
nmc_t6_dst_s2,fp32,250.0,preprocess_per_sample,1024,23082.0,23082.7,23098,92.328,92.3308
nmc_t6_dst_s2,fp32,250.0,network_per_estimate,1024,57949497.0,57978840.7,57983957,231797.988,231915.3628
nmc_t6_dst_s2,fp32,250.0,total_per_estimate,1024,57972579.0,58001922.7,58007028,231890.316,232007.6908
nmc_t6_fuds_s0,fp32,250.0,preprocess_per_sample,1024,23081.0,23084.0,23104,92.324,92.336
nmc_t6_fuds_s0,fp32,250.0,network_per_estimate,1024,57967807.5,57978508.2,57987704,231871.23,231914.03280000002
nmc_t6_fuds_s0,fp32,250.0,total_per_estimate,1024,57990885.0,58001589.2,58010793,231963.54,232006.3568
nmc_t6_fuds_s1,fp32,250.0,preprocess_per_sample,1024,23081.0,23084.0,23104,92.324,92.336
nmc_t6_fuds_s1,fp32,250.0,network_per_estimate,1024,57978246.0,57982330.5,57992116,231912.984,231929.322
nmc_t6_fuds_s1,fp32,250.0,total_per_estimate,1024,58001326.5,58005402.7,58015189,232005.306,232021.61080000002
nmc_t6_fuds_s2,fp32,250.0,preprocess_per_sample,1024,23081.0,23084.0,23104,92.324,92.336
nmc_t6_fuds_s2,fp32,250.0,network_per_estimate,1024,57936299.5,57955465.1,57964408,231745.198,231821.8604
nmc_t6_fuds_s2,fp32,250.0,total_per_estimate,1024,57959380.5,57978540.8,57987489,231837.522,231914.16319999998
nmc_t6_us06_s0,fp32,250.0,preprocess_per_sample,1024,23080.0,23082.0,23095,92.32,92.328
nmc_t6_us06_s0,fp32,250.0,network_per_estimate,1024,57984031.0,58006505.6,58010017,231936.124,232026.02240000002
nmc_t6_us06_s0,fp32,250.0,total_per_estimate,1024,58007111.5,58029584.9,58033090,232028.446,232118.3396
nmc_t6_us06_s1,fp32,250.0,preprocess_per_sample,1024,23080.0,23082.0,23095,92.32,92.328
nmc_t6_us06_s1,fp32,250.0,network_per_estimate,1024,58005647.5,58017936.6,58022432,232022.59,232071.7464
nmc_t6_us06_s1,fp32,250.0,total_per_estimate,1024,58028728.0,58041012.7,58045505,232114.912,232164.05080000003
nmc_t6_us06_s2,fp32,250.0,preprocess_per_sample,1024,23080.0,23082.0,23095,92.32,92.328
nmc_t6_us06_s2,fp32,250.0,network_per_estimate,1024,57944743.0,57957463.9,57961240,231778.972,231829.85559999998
nmc_t6_us06_s2,fp32,250.0,total_per_estimate,1024,57967824.5,57980545.6,57984313,231871.298,231922.18240000002
