chemistry,feature,fold,seed,temperature_C,reevaluated_mae_pct,locked_mae_pct,abs_mae_delta_pct,max_abs_prediction_delta_fraction,deterministic_bit_identical,atol,passed,package_path,locked_metric_path
LFP,G4,DST,0,-10.0,0.7101383038748871,0.7101382863100301,1.7564857013319113e-08,2.552772522257385e-07,True,1e-06,True,${SOURCE_WORKSPACE}/LFP_REMOTE_EXACT_COPY_20260713/DL/CEMA_LFP/lfp_confirmatory_minipanel/inference_pkg_lfp/G4/DST/0,${SOURCE_WORKSPACE}/LFP_REMOTE_EXACT_COPY_20260713/DL/CEMA_LFP/lfp_confirmatory_minipanel/runs/all8_train_all8_test/tier1/nmc_goal_vcorr_it_train_dst_selector_results/lfpconfirm_all8_train_all8_test_tier1_gru_residual_g4_holdoutdst_s012_b2048_e200_by_temperature.csv
LFP,G4,DST,0,0.0,0.4510890046122723,0.451089123917598,1.1930532561876817e-07,2.552772522257385e-07,True,1e-06,True,${SOURCE_WORKSPACE}/LFP_REMOTE_EXACT_COPY_20260713/DL/CEMA_LFP/lfp_confirmatory_minipanel/inference_pkg_lfp/G4/DST/0,${SOURCE_WORKSPACE}/LFP_REMOTE_EXACT_COPY_20260713/DL/CEMA_LFP/lfp_confirmatory_minipanel/runs/all8_train_all8_test/tier1/nmc_goal_vcorr_it_train_dst_selector_results/lfpconfirm_all8_train_all8_test_tier1_gru_residual_g4_holdoutdst_s012_b2048_e200_by_temperature.csv
LFP,G4,DST,0,10.0,0.3945979070171468,0.394598075563954,1.685468071777052e-07,2.552772522257385e-07,True,1e-06,True,${SOURCE_WORKSPACE}/LFP_REMOTE_EXACT_COPY_20260713/DL/CEMA_LFP/lfp_confirmatory_minipanel/inference_pkg_lfp/G4/DST/0,${SOURCE_WORKSPACE}/LFP_REMOTE_EXACT_COPY_20260713/DL/CEMA_LFP/lfp_confirmatory_minipanel/runs/all8_train_all8_test/tier1/nmc_goal_vcorr_it_train_dst_selector_results/lfpconfirm_all8_train_all8_test_tier1_gru_residual_g4_holdoutdst_s012_b2048_e200_by_temperature.csv
LFP,G4,DST,0,20.0,0.4296805025124987,0.4296808687162228,3.6620372406703794e-07,2.552772522257385e-07,True,1e-06,True,${SOURCE_WORKSPACE}/LFP_REMOTE_EXACT_COPY_20260713/DL/CEMA_LFP/lfp_confirmatory_minipanel/inference_pkg_lfp/G4/DST/0,${SOURCE_WORKSPACE}/LFP_REMOTE_EXACT_COPY_20260713/DL/CEMA_LFP/lfp_confirmatory_minipanel/runs/all8_train_all8_test/tier1/nmc_goal_vcorr_it_train_dst_selector_results/lfpconfirm_all8_train_all8_test_tier1_gru_residual_g4_holdoutdst_s012_b2048_e200_by_temperature.csv
LFP,G4,DST,0,25.0,0.4096514586036519,0.4096516642288393,2.056251874327231e-07,2.552772522257385e-07,True,1e-06,True,${SOURCE_WORKSPACE}/LFP_REMOTE_EXACT_COPY_20260713/DL/CEMA_LFP/lfp_confirmatory_minipanel/inference_pkg_lfp/G4/DST/0,${SOURCE_WORKSPACE}/LFP_REMOTE_EXACT_COPY_20260713/DL/CEMA_LFP/lfp_confirmatory_minipanel/runs/all8_train_all8_test/tier1/nmc_goal_vcorr_it_train_dst_selector_results/lfpconfirm_all8_train_all8_test_tier1_gru_residual_g4_holdoutdst_s012_b2048_e200_by_temperature.csv
LFP,G4,DST,0,30.0,0.4927364760041556,0.4927365258265503,4.9822394709853064e-08,2.552772522257385e-07,True,1e-06,True,${SOURCE_WORKSPACE}/LFP_REMOTE_EXACT_COPY_20260713/DL/CEMA_LFP/lfp_confirmatory_minipanel/inference_pkg_lfp/G4/DST/0,${SOURCE_WORKSPACE}/LFP_REMOTE_EXACT_COPY_20260713/DL/CEMA_LFP/lfp_confirmatory_minipanel/runs/all8_train_all8_test/tier1/nmc_goal_vcorr_it_train_dst_selector_results/lfpconfirm_all8_train_all8_test_tier1_gru_residual_g4_holdoutdst_s012_b2048_e200_by_temperature.csv
LFP,G4,DST,0,40.0,0.5824977939630377,0.5824978752556533,8.129261563905034e-08,2.552772522257385e-07,True,1e-06,True,${SOURCE_WORKSPACE}/LFP_REMOTE_EXACT_COPY_20260713/DL/CEMA_LFP/lfp_confirmatory_minipanel/inference_pkg_lfp/G4/DST/0,${SOURCE_WORKSPACE}/LFP_REMOTE_EXACT_COPY_20260713/DL/CEMA_LFP/lfp_confirmatory_minipanel/runs/all8_train_all8_test/tier1/nmc_goal_vcorr_it_train_dst_selector_results/lfpconfirm_all8_train_all8_test_tier1_gru_residual_g4_holdoutdst_s012_b2048_e200_by_temperature.csv
LFP,G4,DST,0,50.0,0.6289791299840195,0.628979855586931,7.256029115332296e-07,2.552772522257385e-07,True,1e-06,True,${SOURCE_WORKSPACE}/LFP_REMOTE_EXACT_COPY_20260713/DL/CEMA_LFP/lfp_confirmatory_minipanel/inference_pkg_lfp/G4/DST/0,${SOURCE_WORKSPACE}/LFP_REMOTE_EXACT_COPY_20260713/DL/CEMA_LFP/lfp_confirmatory_minipanel/runs/all8_train_all8_test/tier1/nmc_goal_vcorr_it_train_dst_selector_results/lfpconfirm_all8_train_all8_test_tier1_gru_residual_g4_holdoutdst_s012_b2048_e200_by_temperature.csv
LFP,G4,DST,1,-10.0,0.7044923371362929,0.7044926254432773,2.8830698439730185e-07,2.60912322969098e-07,True,1e-06,True,${SOURCE_WORKSPACE}/LFP_REMOTE_EXACT_COPY_20260713/DL/CEMA_LFP/lfp_confirmatory_minipanel/inference_pkg_lfp/G4/DST/1,${SOURCE_WORKSPACE}/LFP_REMOTE_EXACT_COPY_20260713/DL/CEMA_LFP/lfp_confirmatory_minipanel/runs/all8_train_all8_test/tier1/nmc_goal_vcorr_it_train_dst_selector_results/lfpconfirm_all8_train_all8_test_tier1_gru_residual_g4_holdoutdst_s012_b2048_e200_by_temperature.csv
LFP,G4,DST,1,0.0,0.4762790257133142,0.4762789170578704,1.086554438090026e-07,2.60912322969098e-07,True,1e-06,True,${SOURCE_WORKSPACE}/LFP_REMOTE_EXACT_COPY_20260713/DL/CEMA_LFP/lfp_confirmatory_minipanel/inference_pkg_lfp/G4/DST/1,${SOURCE_WORKSPACE}/LFP_REMOTE_EXACT_COPY_20260713/DL/CEMA_LFP/lfp_confirmatory_minipanel/runs/all8_train_all8_test/tier1/nmc_goal_vcorr_it_train_dst_selector_results/lfpconfirm_all8_train_all8_test_tier1_gru_residual_g4_holdoutdst_s012_b2048_e200_by_temperature.csv
LFP,G4,DST,1,10.0,0.405905456693253,0.4059054327289167,2.3964336293147426e-08,2.60912322969098e-07,True,1e-06,True,${SOURCE_WORKSPACE}/LFP_REMOTE_EXACT_COPY_20260713/DL/CEMA_LFP/lfp_confirmatory_minipanel/inference_pkg_lfp/G4/DST/1,${SOURCE_WORKSPACE}/LFP_REMOTE_EXACT_COPY_20260713/DL/CEMA_LFP/lfp_confirmatory_minipanel/runs/all8_train_all8_test/tier1/nmc_goal_vcorr_it_train_dst_selector_results/lfpconfirm_all8_train_all8_test_tier1_gru_residual_g4_holdoutdst_s012_b2048_e200_by_temperature.csv
LFP,G4,DST,1,20.0,0.4010292953594366,0.401029305448866,1.0089429403059569e-08,2.60912322969098e-07,True,1e-06,True,${SOURCE_WORKSPACE}/LFP_REMOTE_EXACT_COPY_20260713/DL/CEMA_LFP/lfp_confirmatory_minipanel/inference_pkg_lfp/G4/DST/1,${SOURCE_WORKSPACE}/LFP_REMOTE_EXACT_COPY_20260713/DL/CEMA_LFP/lfp_confirmatory_minipanel/runs/all8_train_all8_test/tier1/nmc_goal_vcorr_it_train_dst_selector_results/lfpconfirm_all8_train_all8_test_tier1_gru_residual_g4_holdoutdst_s012_b2048_e200_by_temperature.csv
LFP,G4,DST,1,25.0,0.3076068293925015,0.3076069438729493,1.1448044773265666e-07,2.60912322969098e-07,True,1e-06,True,${SOURCE_WORKSPACE}/LFP_REMOTE_EXACT_COPY_20260713/DL/CEMA_LFP/lfp_confirmatory_minipanel/inference_pkg_lfp/G4/DST/1,${SOURCE_WORKSPACE}/LFP_REMOTE_EXACT_COPY_20260713/DL/CEMA_LFP/lfp_confirmatory_minipanel/runs/all8_train_all8_test/tier1/nmc_goal_vcorr_it_train_dst_selector_results/lfpconfirm_all8_train_all8_test_tier1_gru_residual_g4_holdoutdst_s012_b2048_e200_by_temperature.csv
LFP,G4,DST,1,30.0,0.3388549858255116,0.3388551942486996,2.0842318793068415e-07,2.60912322969098e-07,True,1e-06,True,${SOURCE_WORKSPACE}/LFP_REMOTE_EXACT_COPY_20260713/DL/CEMA_LFP/lfp_confirmatory_minipanel/inference_pkg_lfp/G4/DST/1,${SOURCE_WORKSPACE}/LFP_REMOTE_EXACT_COPY_20260713/DL/CEMA_LFP/lfp_confirmatory_minipanel/runs/all8_train_all8_test/tier1/nmc_goal_vcorr_it_train_dst_selector_results/lfpconfirm_all8_train_all8_test_tier1_gru_residual_g4_holdoutdst_s012_b2048_e200_by_temperature.csv
LFP,G4,DST,1,40.0,0.451864694878847,0.451865051346114,3.564672669820191e-07,2.60912322969098e-07,True,1e-06,True,${SOURCE_WORKSPACE}/LFP_REMOTE_EXACT_COPY_20260713/DL/CEMA_LFP/lfp_confirmatory_minipanel/inference_pkg_lfp/G4/DST/1,${SOURCE_WORKSPACE}/LFP_REMOTE_EXACT_COPY_20260713/DL/CEMA_LFP/lfp_confirmatory_minipanel/runs/all8_train_all8_test/tier1/nmc_goal_vcorr_it_train_dst_selector_results/lfpconfirm_all8_train_all8_test_tier1_gru_residual_g4_holdoutdst_s012_b2048_e200_by_temperature.csv
LFP,G4,DST,1,50.0,0.5814825680366804,0.5814829599350912,3.9189841083420163e-07,2.60912322969098e-07,True,1e-06,True,${SOURCE_WORKSPACE}/LFP_REMOTE_EXACT_COPY_20260713/DL/CEMA_LFP/lfp_confirmatory_minipanel/inference_pkg_lfp/G4/DST/1,${SOURCE_WORKSPACE}/LFP_REMOTE_EXACT_COPY_20260713/DL/CEMA_LFP/lfp_confirmatory_minipanel/runs/all8_train_all8_test/tier1/nmc_goal_vcorr_it_train_dst_selector_results/lfpconfirm_all8_train_all8_test_tier1_gru_residual_g4_holdoutdst_s012_b2048_e200_by_temperature.csv
LFP,G4,DST,2,-10.0,0.6665687737880105,0.6665689783542637,2.0456625315912194e-07,2.997917175617815e-07,True,1e-06,True,${SOURCE_WORKSPACE}/LFP_REMOTE_EXACT_COPY_20260713/DL/CEMA_LFP/lfp_confirmatory_minipanel/inference_pkg_lfp/G4/DST/2,${SOURCE_WORKSPACE}/LFP_REMOTE_EXACT_COPY_20260713/DL/CEMA_LFP/lfp_confirmatory_minipanel/runs/all8_train_all8_test/tier1/nmc_goal_vcorr_it_train_dst_selector_results/lfpconfirm_all8_train_all8_test_tier1_gru_residual_g4_holdoutdst_s012_b2048_e200_by_temperature.csv
LFP,G4,DST,2,0.0,0.4495396595553709,0.4495398641937123,2.046383413834008e-07,2.997917175617815e-07,True,1e-06,True,${SOURCE_WORKSPACE}/LFP_REMOTE_EXACT_COPY_20260713/DL/CEMA_LFP/lfp_confirmatory_minipanel/inference_pkg_lfp/G4/DST/2,${SOURCE_WORKSPACE}/LFP_REMOTE_EXACT_COPY_20260713/DL/CEMA_LFP/lfp_confirmatory_minipanel/runs/all8_train_all8_test/tier1/nmc_goal_vcorr_it_train_dst_selector_results/lfpconfirm_all8_train_all8_test_tier1_gru_residual_g4_holdoutdst_s012_b2048_e200_by_temperature.csv
LFP,G4,DST,2,10.0,0.3760540503533538,0.3760537421647387,3.081886151279356e-07,2.997917175617815e-07,True,1e-06,True,${SOURCE_WORKSPACE}/LFP_REMOTE_EXACT_COPY_20260713/DL/CEMA_LFP/lfp_confirmatory_minipanel/inference_pkg_lfp/G4/DST/2,${SOURCE_WORKSPACE}/LFP_REMOTE_EXACT_COPY_20260713/DL/CEMA_LFP/lfp_confirmatory_minipanel/runs/all8_train_all8_test/tier1/nmc_goal_vcorr_it_train_dst_selector_results/lfpconfirm_all8_train_all8_test_tier1_gru_residual_g4_holdoutdst_s012_b2048_e200_by_temperature.csv
LFP,G4,DST,2,20.0,0.3516104093977324,0.3516103927511337,1.6646598766101306e-08,2.997917175617815e-07,True,1e-06,True,${SOURCE_WORKSPACE}/LFP_REMOTE_EXACT_COPY_20260713/DL/CEMA_LFP/lfp_confirmatory_minipanel/inference_pkg_lfp/G4/DST/2,${SOURCE_WORKSPACE}/LFP_REMOTE_EXACT_COPY_20260713/DL/CEMA_LFP/lfp_confirmatory_minipanel/runs/all8_train_all8_test/tier1/nmc_goal_vcorr_it_train_dst_selector_results/lfpconfirm_all8_train_all8_test_tier1_gru_residual_g4_holdoutdst_s012_b2048_e200_by_temperature.csv
LFP,G4,DST,2,25.0,0.314008552507996,0.3140087482104749,1.9570247894451498e-07,2.997917175617815e-07,True,1e-06,True,${SOURCE_WORKSPACE}/LFP_REMOTE_EXACT_COPY_20260713/DL/CEMA_LFP/lfp_confirmatory_minipanel/inference_pkg_lfp/G4/DST/2,${SOURCE_WORKSPACE}/LFP_REMOTE_EXACT_COPY_20260713/DL/CEMA_LFP/lfp_confirmatory_minipanel/runs/all8_train_all8_test/tier1/nmc_goal_vcorr_it_train_dst_selector_results/lfpconfirm_all8_train_all8_test_tier1_gru_residual_g4_holdoutdst_s012_b2048_e200_by_temperature.csv
LFP,G4,DST,2,30.0,0.3747715208788034,0.3747713483568619,1.7252194151051725e-07,2.997917175617815e-07,True,1e-06,True,${SOURCE_WORKSPACE}/LFP_REMOTE_EXACT_COPY_20260713/DL/CEMA_LFP/lfp_confirmatory_minipanel/inference_pkg_lfp/G4/DST/2,${SOURCE_WORKSPACE}/LFP_REMOTE_EXACT_COPY_20260713/DL/CEMA_LFP/lfp_confirmatory_minipanel/runs/all8_train_all8_test/tier1/nmc_goal_vcorr_it_train_dst_selector_results/lfpconfirm_all8_train_all8_test_tier1_gru_residual_g4_holdoutdst_s012_b2048_e200_by_temperature.csv
LFP,G4,DST,2,40.0,0.4969712496915673,0.4969711301777029,1.1951386441610978e-07,2.997917175617815e-07,True,1e-06,True,${SOURCE_WORKSPACE}/LFP_REMOTE_EXACT_COPY_20260713/DL/CEMA_LFP/lfp_confirmatory_minipanel/inference_pkg_lfp/G4/DST/2,${SOURCE_WORKSPACE}/LFP_REMOTE_EXACT_COPY_20260713/DL/CEMA_LFP/lfp_confirmatory_minipanel/runs/all8_train_all8_test/tier1/nmc_goal_vcorr_it_train_dst_selector_results/lfpconfirm_all8_train_all8_test_tier1_gru_residual_g4_holdoutdst_s012_b2048_e200_by_temperature.csv
LFP,G4,DST,2,50.0,0.6273072224076783,0.6273069320622121,2.903454662250837e-07,2.997917175617815e-07,True,1e-06,True,${SOURCE_WORKSPACE}/LFP_REMOTE_EXACT_COPY_20260713/DL/CEMA_LFP/lfp_confirmatory_minipanel/inference_pkg_lfp/G4/DST/2,${SOURCE_WORKSPACE}/LFP_REMOTE_EXACT_COPY_20260713/DL/CEMA_LFP/lfp_confirmatory_minipanel/runs/all8_train_all8_test/tier1/nmc_goal_vcorr_it_train_dst_selector_results/lfpconfirm_all8_train_all8_test_tier1_gru_residual_g4_holdoutdst_s012_b2048_e200_by_temperature.csv
LFP,G4,FUDS,0,-10.0,0.917545310051772,0.9175449392376072,3.7081416470741146e-07,2.407922363723003e-07,True,1e-06,True,${SOURCE_WORKSPACE}/LFP_REMOTE_EXACT_COPY_20260713/DL/CEMA_LFP/lfp_confirmatory_minipanel/inference_pkg_lfp/G4/FUDS/0,${SOURCE_WORKSPACE}/LFP_REMOTE_EXACT_COPY_20260713/DL/CEMA_LFP/lfp_confirmatory_minipanel/runs/all8_train_all8_test/tier1/nmc_goal_vcorr_it_train_dst_selector_results/lfpconfirm_all8_train_all8_test_tier1_gru_residual_g4_holdoutfuds_s012_b2048_e200_by_temperature.csv
LFP,G4,FUDS,0,0.0,0.502767806094323,0.5027677271747795,7.891954356686881e-08,2.407922363723003e-07,True,1e-06,True,${SOURCE_WORKSPACE}/LFP_REMOTE_EXACT_COPY_20260713/DL/CEMA_LFP/lfp_confirmatory_minipanel/inference_pkg_lfp/G4/FUDS/0,${SOURCE_WORKSPACE}/LFP_REMOTE_EXACT_COPY_20260713/DL/CEMA_LFP/lfp_confirmatory_minipanel/runs/all8_train_all8_test/tier1/nmc_goal_vcorr_it_train_dst_selector_results/lfpconfirm_all8_train_all8_test_tier1_gru_residual_g4_holdoutfuds_s012_b2048_e200_by_temperature.csv
LFP,G4,FUDS,0,10.0,0.4514427831886054,0.4514424520040777,3.311845277464976e-07,2.407922363723003e-07,True,1e-06,True,${SOURCE_WORKSPACE}/LFP_REMOTE_EXACT_COPY_20260713/DL/CEMA_LFP/lfp_confirmatory_minipanel/inference_pkg_lfp/G4/FUDS/0,${SOURCE_WORKSPACE}/LFP_REMOTE_EXACT_COPY_20260713/DL/CEMA_LFP/lfp_confirmatory_minipanel/runs/all8_train_all8_test/tier1/nmc_goal_vcorr_it_train_dst_selector_results/lfpconfirm_all8_train_all8_test_tier1_gru_residual_g4_holdoutfuds_s012_b2048_e200_by_temperature.csv
LFP,G4,FUDS,0,20.0,0.4399693865132358,0.4399693921642116,5.650975798410229e-09,2.407922363723003e-07,True,1e-06,True,${SOURCE_WORKSPACE}/LFP_REMOTE_EXACT_COPY_20260713/DL/CEMA_LFP/lfp_confirmatory_minipanel/inference_pkg_lfp/G4/FUDS/0,${SOURCE_WORKSPACE}/LFP_REMOTE_EXACT_COPY_20260713/DL/CEMA_LFP/lfp_confirmatory_minipanel/runs/all8_train_all8_test/tier1/nmc_goal_vcorr_it_train_dst_selector_results/lfpconfirm_all8_train_all8_test_tier1_gru_residual_g4_holdoutfuds_s012_b2048_e200_by_temperature.csv
LFP,G4,FUDS,0,25.0,0.4515253352239752,0.4515253812192682,4.5995292963230134e-08,2.407922363723003e-07,True,1e-06,True,${SOURCE_WORKSPACE}/LFP_REMOTE_EXACT_COPY_20260713/DL/CEMA_LFP/lfp_confirmatory_minipanel/inference_pkg_lfp/G4/FUDS/0,${SOURCE_WORKSPACE}/LFP_REMOTE_EXACT_COPY_20260713/DL/CEMA_LFP/lfp_confirmatory_minipanel/runs/all8_train_all8_test/tier1/nmc_goal_vcorr_it_train_dst_selector_results/lfpconfirm_all8_train_all8_test_tier1_gru_residual_g4_holdoutfuds_s012_b2048_e200_by_temperature.csv
LFP,G4,FUDS,0,30.0,0.5422581405202995,0.5422581204276028,2.009269672864633e-08,2.407922363723003e-07,True,1e-06,True,${SOURCE_WORKSPACE}/LFP_REMOTE_EXACT_COPY_20260713/DL/CEMA_LFP/lfp_confirmatory_minipanel/inference_pkg_lfp/G4/FUDS/0,${SOURCE_WORKSPACE}/LFP_REMOTE_EXACT_COPY_20260713/DL/CEMA_LFP/lfp_confirmatory_minipanel/runs/all8_train_all8_test/tier1/nmc_goal_vcorr_it_train_dst_selector_results/lfpconfirm_all8_train_all8_test_tier1_gru_residual_g4_holdoutfuds_s012_b2048_e200_by_temperature.csv
LFP,G4,FUDS,0,40.0,0.6261906002140807,0.6261904854938508,1.1472022987124578e-07,2.407922363723003e-07,True,1e-06,True,${SOURCE_WORKSPACE}/LFP_REMOTE_EXACT_COPY_20260713/DL/CEMA_LFP/lfp_confirmatory_minipanel/inference_pkg_lfp/G4/FUDS/0,${SOURCE_WORKSPACE}/LFP_REMOTE_EXACT_COPY_20260713/DL/CEMA_LFP/lfp_confirmatory_minipanel/runs/all8_train_all8_test/tier1/nmc_goal_vcorr_it_train_dst_selector_results/lfpconfirm_all8_train_all8_test_tier1_gru_residual_g4_holdoutfuds_s012_b2048_e200_by_temperature.csv
LFP,G4,FUDS,0,50.0,0.7517690641080021,0.7517686799434503,3.841645518365411e-07,2.407922363723003e-07,True,1e-06,True,${SOURCE_WORKSPACE}/LFP_REMOTE_EXACT_COPY_20260713/DL/CEMA_LFP/lfp_confirmatory_minipanel/inference_pkg_lfp/G4/FUDS/0,${SOURCE_WORKSPACE}/LFP_REMOTE_EXACT_COPY_20260713/DL/CEMA_LFP/lfp_confirmatory_minipanel/runs/all8_train_all8_test/tier1/nmc_goal_vcorr_it_train_dst_selector_results/lfpconfirm_all8_train_all8_test_tier1_gru_residual_g4_holdoutfuds_s012_b2048_e200_by_temperature.csv
LFP,G4,FUDS,1,-10.0,0.969095115857382,0.9690950146308468,1.0122653526511983e-07,2.7851833342418253e-07,True,1e-06,True,${SOURCE_WORKSPACE}/LFP_REMOTE_EXACT_COPY_20260713/DL/CEMA_LFP/lfp_confirmatory_minipanel/inference_pkg_lfp/G4/FUDS/1,${SOURCE_WORKSPACE}/LFP_REMOTE_EXACT_COPY_20260713/DL/CEMA_LFP/lfp_confirmatory_minipanel/runs/all8_train_all8_test/tier1/nmc_goal_vcorr_it_train_dst_selector_results/lfpconfirm_all8_train_all8_test_tier1_gru_residual_g4_holdoutfuds_s012_b2048_e200_by_temperature.csv
LFP,G4,FUDS,1,0.0,0.562500620312478,0.5625008586834253,2.38370947203137e-07,2.7851833342418253e-07,True,1e-06,True,${SOURCE_WORKSPACE}/LFP_REMOTE_EXACT_COPY_20260713/DL/CEMA_LFP/lfp_confirmatory_minipanel/inference_pkg_lfp/G4/FUDS/1,${SOURCE_WORKSPACE}/LFP_REMOTE_EXACT_COPY_20260713/DL/CEMA_LFP/lfp_confirmatory_minipanel/runs/all8_train_all8_test/tier1/nmc_goal_vcorr_it_train_dst_selector_results/lfpconfirm_all8_train_all8_test_tier1_gru_residual_g4_holdoutfuds_s012_b2048_e200_by_temperature.csv
LFP,G4,FUDS,1,10.0,0.5945653167915445,0.59456537972317,6.2931625577356e-08,2.7851833342418253e-07,True,1e-06,True,${SOURCE_WORKSPACE}/LFP_REMOTE_EXACT_COPY_20260713/DL/CEMA_LFP/lfp_confirmatory_minipanel/inference_pkg_lfp/G4/FUDS/1,${SOURCE_WORKSPACE}/LFP_REMOTE_EXACT_COPY_20260713/DL/CEMA_LFP/lfp_confirmatory_minipanel/runs/all8_train_all8_test/tier1/nmc_goal_vcorr_it_train_dst_selector_results/lfpconfirm_all8_train_all8_test_tier1_gru_residual_g4_holdoutfuds_s012_b2048_e200_by_temperature.csv
LFP,G4,FUDS,1,20.0,0.4365512761692215,0.4365512627143665,1.3454855063432802e-08,2.7851833342418253e-07,True,1e-06,True,${SOURCE_WORKSPACE}/LFP_REMOTE_EXACT_COPY_20260713/DL/CEMA_LFP/lfp_confirmatory_minipanel/inference_pkg_lfp/G4/FUDS/1,${SOURCE_WORKSPACE}/LFP_REMOTE_EXACT_COPY_20260713/DL/CEMA_LFP/lfp_confirmatory_minipanel/runs/all8_train_all8_test/tier1/nmc_goal_vcorr_it_train_dst_selector_results/lfpconfirm_all8_train_all8_test_tier1_gru_residual_g4_holdoutfuds_s012_b2048_e200_by_temperature.csv
LFP,G4,FUDS,1,25.0,0.4325170716680758,0.4325171987264514,1.270583755985655e-07,2.7851833342418253e-07,True,1e-06,True,${SOURCE_WORKSPACE}/LFP_REMOTE_EXACT_COPY_20260713/DL/CEMA_LFP/lfp_confirmatory_minipanel/inference_pkg_lfp/G4/FUDS/1,${SOURCE_WORKSPACE}/LFP_REMOTE_EXACT_COPY_20260713/DL/CEMA_LFP/lfp_confirmatory_minipanel/runs/all8_train_all8_test/tier1/nmc_goal_vcorr_it_train_dst_selector_results/lfpconfirm_all8_train_all8_test_tier1_gru_residual_g4_holdoutfuds_s012_b2048_e200_by_temperature.csv
LFP,G4,FUDS,1,30.0,0.4051694321802986,0.4051695969743923,1.6479409370440126e-07,2.7851833342418253e-07,True,1e-06,True,${SOURCE_WORKSPACE}/LFP_REMOTE_EXACT_COPY_20260713/DL/CEMA_LFP/lfp_confirmatory_minipanel/inference_pkg_lfp/G4/FUDS/1,${SOURCE_WORKSPACE}/LFP_REMOTE_EXACT_COPY_20260713/DL/CEMA_LFP/lfp_confirmatory_minipanel/runs/all8_train_all8_test/tier1/nmc_goal_vcorr_it_train_dst_selector_results/lfpconfirm_all8_train_all8_test_tier1_gru_residual_g4_holdoutfuds_s012_b2048_e200_by_temperature.csv
LFP,G4,FUDS,1,40.0,0.4716211239453202,0.4716211334929743,9.547654056252242e-09,2.7851833342418253e-07,True,1e-06,True,${SOURCE_WORKSPACE}/LFP_REMOTE_EXACT_COPY_20260713/DL/CEMA_LFP/lfp_confirmatory_minipanel/inference_pkg_lfp/G4/FUDS/1,${SOURCE_WORKSPACE}/LFP_REMOTE_EXACT_COPY_20260713/DL/CEMA_LFP/lfp_confirmatory_minipanel/runs/all8_train_all8_test/tier1/nmc_goal_vcorr_it_train_dst_selector_results/lfpconfirm_all8_train_all8_test_tier1_gru_residual_g4_holdoutfuds_s012_b2048_e200_by_temperature.csv
LFP,G4,FUDS,1,50.0,0.5790332430864541,0.5790329373442252,3.057422288677003e-07,2.7851833342418253e-07,True,1e-06,True,${SOURCE_WORKSPACE}/LFP_REMOTE_EXACT_COPY_20260713/DL/CEMA_LFP/lfp_confirmatory_minipanel/inference_pkg_lfp/G4/FUDS/1,${SOURCE_WORKSPACE}/LFP_REMOTE_EXACT_COPY_20260713/DL/CEMA_LFP/lfp_confirmatory_minipanel/runs/all8_train_all8_test/tier1/nmc_goal_vcorr_it_train_dst_selector_results/lfpconfirm_all8_train_all8_test_tier1_gru_residual_g4_holdoutfuds_s012_b2048_e200_by_temperature.csv
LFP,G4,FUDS,2,-10.0,1.1136786684538662,1.1136785390813504,1.2937251581135456e-07,3.109583663896132e-07,True,1e-06,True,${SOURCE_WORKSPACE}/LFP_REMOTE_EXACT_COPY_20260713/DL/CEMA_LFP/lfp_confirmatory_minipanel/inference_pkg_lfp/G4/FUDS/2,${SOURCE_WORKSPACE}/LFP_REMOTE_EXACT_COPY_20260713/DL/CEMA_LFP/lfp_confirmatory_minipanel/runs/all8_train_all8_test/tier1/nmc_goal_vcorr_it_train_dst_selector_results/lfpconfirm_all8_train_all8_test_tier1_gru_residual_g4_holdoutfuds_s012_b2048_e200_by_temperature.csv
LFP,G4,FUDS,2,0.0,0.6551276700994568,0.6551275540835894,1.160158674684553e-07,3.109583663896132e-07,True,1e-06,True,${SOURCE_WORKSPACE}/LFP_REMOTE_EXACT_COPY_20260713/DL/CEMA_LFP/lfp_confirmatory_minipanel/inference_pkg_lfp/G4/FUDS/2,${SOURCE_WORKSPACE}/LFP_REMOTE_EXACT_COPY_20260713/DL/CEMA_LFP/lfp_confirmatory_minipanel/runs/all8_train_all8_test/tier1/nmc_goal_vcorr_it_train_dst_selector_results/lfpconfirm_all8_train_all8_test_tier1_gru_residual_g4_holdoutfuds_s012_b2048_e200_by_temperature.csv
LFP,G4,FUDS,2,10.0,0.5528861076137617,0.5528860665372831,4.1076478551893565e-08,3.109583663896132e-07,True,1e-06,True,${SOURCE_WORKSPACE}/LFP_REMOTE_EXACT_COPY_20260713/DL/CEMA_LFP/lfp_confirmatory_minipanel/inference_pkg_lfp/G4/FUDS/2,${SOURCE_WORKSPACE}/LFP_REMOTE_EXACT_COPY_20260713/DL/CEMA_LFP/lfp_confirmatory_minipanel/runs/all8_train_all8_test/tier1/nmc_goal_vcorr_it_train_dst_selector_results/lfpconfirm_all8_train_all8_test_tier1_gru_residual_g4_holdoutfuds_s012_b2048_e200_by_temperature.csv
LFP,G4,FUDS,2,20.0,0.3906368723731293,0.3906368128035475,5.9569581822849216e-08,3.109583663896132e-07,True,1e-06,True,${SOURCE_WORKSPACE}/LFP_REMOTE_EXACT_COPY_20260713/DL/CEMA_LFP/lfp_confirmatory_minipanel/inference_pkg_lfp/G4/FUDS/2,${SOURCE_WORKSPACE}/LFP_REMOTE_EXACT_COPY_20260713/DL/CEMA_LFP/lfp_confirmatory_minipanel/runs/all8_train_all8_test/tier1/nmc_goal_vcorr_it_train_dst_selector_results/lfpconfirm_all8_train_all8_test_tier1_gru_residual_g4_holdoutfuds_s012_b2048_e200_by_temperature.csv
LFP,G4,FUDS,2,25.0,0.4462875993692513,0.4462875890777392,1.0291512142490689e-08,3.109583663896132e-07,True,1e-06,True,${SOURCE_WORKSPACE}/LFP_REMOTE_EXACT_COPY_20260713/DL/CEMA_LFP/lfp_confirmatory_minipanel/inference_pkg_lfp/G4/FUDS/2,${SOURCE_WORKSPACE}/LFP_REMOTE_EXACT_COPY_20260713/DL/CEMA_LFP/lfp_confirmatory_minipanel/runs/all8_train_all8_test/tier1/nmc_goal_vcorr_it_train_dst_selector_results/lfpconfirm_all8_train_all8_test_tier1_gru_residual_g4_holdoutfuds_s012_b2048_e200_by_temperature.csv
LFP,G4,FUDS,2,30.0,0.455259953182754,0.4552598287724991,1.2441025493137306e-07,3.109583663896132e-07,True,1e-06,True,${SOURCE_WORKSPACE}/LFP_REMOTE_EXACT_COPY_20260713/DL/CEMA_LFP/lfp_confirmatory_minipanel/inference_pkg_lfp/G4/FUDS/2,${SOURCE_WORKSPACE}/LFP_REMOTE_EXACT_COPY_20260713/DL/CEMA_LFP/lfp_confirmatory_minipanel/runs/all8_train_all8_test/tier1/nmc_goal_vcorr_it_train_dst_selector_results/lfpconfirm_all8_train_all8_test_tier1_gru_residual_g4_holdoutfuds_s012_b2048_e200_by_temperature.csv
LFP,G4,FUDS,2,40.0,0.569518388075947,0.5695183797413996,8.334547385580038e-09,3.109583663896132e-07,True,1e-06,True,${SOURCE_WORKSPACE}/LFP_REMOTE_EXACT_COPY_20260713/DL/CEMA_LFP/lfp_confirmatory_minipanel/inference_pkg_lfp/G4/FUDS/2,${SOURCE_WORKSPACE}/LFP_REMOTE_EXACT_COPY_20260713/DL/CEMA_LFP/lfp_confirmatory_minipanel/runs/all8_train_all8_test/tier1/nmc_goal_vcorr_it_train_dst_selector_results/lfpconfirm_all8_train_all8_test_tier1_gru_residual_g4_holdoutfuds_s012_b2048_e200_by_temperature.csv
LFP,G4,FUDS,2,50.0,0.7738748977789266,0.7738746591380158,2.386409108101617e-07,3.109583663896132e-07,True,1e-06,True,${SOURCE_WORKSPACE}/LFP_REMOTE_EXACT_COPY_20260713/DL/CEMA_LFP/lfp_confirmatory_minipanel/inference_pkg_lfp/G4/FUDS/2,${SOURCE_WORKSPACE}/LFP_REMOTE_EXACT_COPY_20260713/DL/CEMA_LFP/lfp_confirmatory_minipanel/runs/all8_train_all8_test/tier1/nmc_goal_vcorr_it_train_dst_selector_results/lfpconfirm_all8_train_all8_test_tier1_gru_residual_g4_holdoutfuds_s012_b2048_e200_by_temperature.csv
LFP,G4,US06,0,-10.0,1.6756530671792371,1.6756532027494362,1.3557019906684786e-07,2.404045105208752e-07,True,1e-06,True,${SOURCE_WORKSPACE}/LFP_REMOTE_EXACT_COPY_20260713/DL/CEMA_LFP/lfp_confirmatory_minipanel/inference_pkg_lfp/G4/US06/0,${SOURCE_WORKSPACE}/LFP_REMOTE_EXACT_COPY_20260713/DL/CEMA_LFP/lfp_confirmatory_minipanel/runs/all8_train_all8_test/tier1/nmc_goal_vcorr_it_train_dst_selector_results/lfpconfirm_all8_train_all8_test_tier1_gru_residual_g4_holdoutus06_s012_b2048_e200_by_temperature.csv
LFP,G4,US06,0,0.0,0.5961441487254698,0.5961443890659404,2.403404705253465e-07,2.404045105208752e-07,True,1e-06,True,${SOURCE_WORKSPACE}/LFP_REMOTE_EXACT_COPY_20260713/DL/CEMA_LFP/lfp_confirmatory_minipanel/inference_pkg_lfp/G4/US06/0,${SOURCE_WORKSPACE}/LFP_REMOTE_EXACT_COPY_20260713/DL/CEMA_LFP/lfp_confirmatory_minipanel/runs/all8_train_all8_test/tier1/nmc_goal_vcorr_it_train_dst_selector_results/lfpconfirm_all8_train_all8_test_tier1_gru_residual_g4_holdoutus06_s012_b2048_e200_by_temperature.csv
LFP,G4,US06,0,10.0,0.4031300593365335,0.4031301873815135,1.280449800078465e-07,2.404045105208752e-07,True,1e-06,True,${SOURCE_WORKSPACE}/LFP_REMOTE_EXACT_COPY_20260713/DL/CEMA_LFP/lfp_confirmatory_minipanel/inference_pkg_lfp/G4/US06/0,${SOURCE_WORKSPACE}/LFP_REMOTE_EXACT_COPY_20260713/DL/CEMA_LFP/lfp_confirmatory_minipanel/runs/all8_train_all8_test/tier1/nmc_goal_vcorr_it_train_dst_selector_results/lfpconfirm_all8_train_all8_test_tier1_gru_residual_g4_holdoutus06_s012_b2048_e200_by_temperature.csv
LFP,G4,US06,0,20.0,0.3181696710883928,0.3181695544314151,1.166569776889226e-07,2.404045105208752e-07,True,1e-06,True,${SOURCE_WORKSPACE}/LFP_REMOTE_EXACT_COPY_20260713/DL/CEMA_LFP/lfp_confirmatory_minipanel/inference_pkg_lfp/G4/US06/0,${SOURCE_WORKSPACE}/LFP_REMOTE_EXACT_COPY_20260713/DL/CEMA_LFP/lfp_confirmatory_minipanel/runs/all8_train_all8_test/tier1/nmc_goal_vcorr_it_train_dst_selector_results/lfpconfirm_all8_train_all8_test_tier1_gru_residual_g4_holdoutus06_s012_b2048_e200_by_temperature.csv
LFP,G4,US06,0,25.0,0.3181817711601153,0.3181815768641133,1.9429600206510853e-07,2.404045105208752e-07,True,1e-06,True,${SOURCE_WORKSPACE}/LFP_REMOTE_EXACT_COPY_20260713/DL/CEMA_LFP/lfp_confirmatory_minipanel/inference_pkg_lfp/G4/US06/0,${SOURCE_WORKSPACE}/LFP_REMOTE_EXACT_COPY_20260713/DL/CEMA_LFP/lfp_confirmatory_minipanel/runs/all8_train_all8_test/tier1/nmc_goal_vcorr_it_train_dst_selector_results/lfpconfirm_all8_train_all8_test_tier1_gru_residual_g4_holdoutus06_s012_b2048_e200_by_temperature.csv
LFP,G4,US06,0,30.0,0.2886529545539961,0.2886528936578407,6.089615545157301e-08,2.404045105208752e-07,True,1e-06,True,${SOURCE_WORKSPACE}/LFP_REMOTE_EXACT_COPY_20260713/DL/CEMA_LFP/lfp_confirmatory_minipanel/inference_pkg_lfp/G4/US06/0,${SOURCE_WORKSPACE}/LFP_REMOTE_EXACT_COPY_20260713/DL/CEMA_LFP/lfp_confirmatory_minipanel/runs/all8_train_all8_test/tier1/nmc_goal_vcorr_it_train_dst_selector_results/lfpconfirm_all8_train_all8_test_tier1_gru_residual_g4_holdoutus06_s012_b2048_e200_by_temperature.csv
LFP,G4,US06,0,40.0,0.3409986509297287,0.340998449150822,2.017789067498832e-07,2.404045105208752e-07,True,1e-06,True,${SOURCE_WORKSPACE}/LFP_REMOTE_EXACT_COPY_20260713/DL/CEMA_LFP/lfp_confirmatory_minipanel/inference_pkg_lfp/G4/US06/0,${SOURCE_WORKSPACE}/LFP_REMOTE_EXACT_COPY_20260713/DL/CEMA_LFP/lfp_confirmatory_minipanel/runs/all8_train_all8_test/tier1/nmc_goal_vcorr_it_train_dst_selector_results/lfpconfirm_all8_train_all8_test_tier1_gru_residual_g4_holdoutus06_s012_b2048_e200_by_temperature.csv
LFP,G4,US06,0,50.0,0.3674292556982404,0.3674293348399222,7.914168176359483e-08,2.404045105208752e-07,True,1e-06,True,${SOURCE_WORKSPACE}/LFP_REMOTE_EXACT_COPY_20260713/DL/CEMA_LFP/lfp_confirmatory_minipanel/inference_pkg_lfp/G4/US06/0,${SOURCE_WORKSPACE}/LFP_REMOTE_EXACT_COPY_20260713/DL/CEMA_LFP/lfp_confirmatory_minipanel/runs/all8_train_all8_test/tier1/nmc_goal_vcorr_it_train_dst_selector_results/lfpconfirm_all8_train_all8_test_tier1_gru_residual_g4_holdoutus06_s012_b2048_e200_by_temperature.csv
LFP,G4,US06,1,-10.0,1.77984843747515,1.7798485885254585,1.510503084833914e-07,2.467369079051096e-07,True,1e-06,True,${SOURCE_WORKSPACE}/LFP_REMOTE_EXACT_COPY_20260713/DL/CEMA_LFP/lfp_confirmatory_minipanel/inference_pkg_lfp/G4/US06/1,${SOURCE_WORKSPACE}/LFP_REMOTE_EXACT_COPY_20260713/DL/CEMA_LFP/lfp_confirmatory_minipanel/runs/all8_train_all8_test/tier1/nmc_goal_vcorr_it_train_dst_selector_results/lfpconfirm_all8_train_all8_test_tier1_gru_residual_g4_holdoutus06_s012_b2048_e200_by_temperature.csv
LFP,G4,US06,1,0.0,0.633748010848654,0.6337487548446289,7.439959749389047e-07,2.467369079051096e-07,True,1e-06,True,${SOURCE_WORKSPACE}/LFP_REMOTE_EXACT_COPY_20260713/DL/CEMA_LFP/lfp_confirmatory_minipanel/inference_pkg_lfp/G4/US06/1,${SOURCE_WORKSPACE}/LFP_REMOTE_EXACT_COPY_20260713/DL/CEMA_LFP/lfp_confirmatory_minipanel/runs/all8_train_all8_test/tier1/nmc_goal_vcorr_it_train_dst_selector_results/lfpconfirm_all8_train_all8_test_tier1_gru_residual_g4_holdoutus06_s012_b2048_e200_by_temperature.csv
LFP,G4,US06,1,10.0,0.4489033205145566,0.4489041728641651,8.523496085044435e-07,2.467369079051096e-07,True,1e-06,True,${SOURCE_WORKSPACE}/LFP_REMOTE_EXACT_COPY_20260713/DL/CEMA_LFP/lfp_confirmatory_minipanel/inference_pkg_lfp/G4/US06/1,${SOURCE_WORKSPACE}/LFP_REMOTE_EXACT_COPY_20260713/DL/CEMA_LFP/lfp_confirmatory_minipanel/runs/all8_train_all8_test/tier1/nmc_goal_vcorr_it_train_dst_selector_results/lfpconfirm_all8_train_all8_test_tier1_gru_residual_g4_holdoutus06_s012_b2048_e200_by_temperature.csv
LFP,G4,US06,1,20.0,0.2677869190209396,0.2677870085681854,8.954724578513763e-08,2.467369079051096e-07,True,1e-06,True,${SOURCE_WORKSPACE}/LFP_REMOTE_EXACT_COPY_20260713/DL/CEMA_LFP/lfp_confirmatory_minipanel/inference_pkg_lfp/G4/US06/1,${SOURCE_WORKSPACE}/LFP_REMOTE_EXACT_COPY_20260713/DL/CEMA_LFP/lfp_confirmatory_minipanel/runs/all8_train_all8_test/tier1/nmc_goal_vcorr_it_train_dst_selector_results/lfpconfirm_all8_train_all8_test_tier1_gru_residual_g4_holdoutus06_s012_b2048_e200_by_temperature.csv
LFP,G4,US06,1,25.0,0.2763116583525283,0.2763115469264929,1.114260353984875e-07,2.467369079051096e-07,True,1e-06,True,${SOURCE_WORKSPACE}/LFP_REMOTE_EXACT_COPY_20260713/DL/CEMA_LFP/lfp_confirmatory_minipanel/inference_pkg_lfp/G4/US06/1,${SOURCE_WORKSPACE}/LFP_REMOTE_EXACT_COPY_20260713/DL/CEMA_LFP/lfp_confirmatory_minipanel/runs/all8_train_all8_test/tier1/nmc_goal_vcorr_it_train_dst_selector_results/lfpconfirm_all8_train_all8_test_tier1_gru_residual_g4_holdoutus06_s012_b2048_e200_by_temperature.csv
LFP,G4,US06,1,30.0,0.2406345815586488,0.2406345414340401,4.012460874669444e-08,2.467369079051096e-07,True,1e-06,True,${SOURCE_WORKSPACE}/LFP_REMOTE_EXACT_COPY_20260713/DL/CEMA_LFP/lfp_confirmatory_minipanel/inference_pkg_lfp/G4/US06/1,${SOURCE_WORKSPACE}/LFP_REMOTE_EXACT_COPY_20260713/DL/CEMA_LFP/lfp_confirmatory_minipanel/runs/all8_train_all8_test/tier1/nmc_goal_vcorr_it_train_dst_selector_results/lfpconfirm_all8_train_all8_test_tier1_gru_residual_g4_holdoutus06_s012_b2048_e200_by_temperature.csv
LFP,G4,US06,1,40.0,0.3273201292211533,0.327320152642947,2.3421793671207783e-08,2.467369079051096e-07,True,1e-06,True,${SOURCE_WORKSPACE}/LFP_REMOTE_EXACT_COPY_20260713/DL/CEMA_LFP/lfp_confirmatory_minipanel/inference_pkg_lfp/G4/US06/1,${SOURCE_WORKSPACE}/LFP_REMOTE_EXACT_COPY_20260713/DL/CEMA_LFP/lfp_confirmatory_minipanel/runs/all8_train_all8_test/tier1/nmc_goal_vcorr_it_train_dst_selector_results/lfpconfirm_all8_train_all8_test_tier1_gru_residual_g4_holdoutus06_s012_b2048_e200_by_temperature.csv
LFP,G4,US06,1,50.0,0.3979100135093771,0.3979102388535275,2.2534415033970134e-07,2.467369079051096e-07,True,1e-06,True,${SOURCE_WORKSPACE}/LFP_REMOTE_EXACT_COPY_20260713/DL/CEMA_LFP/lfp_confirmatory_minipanel/inference_pkg_lfp/G4/US06/1,${SOURCE_WORKSPACE}/LFP_REMOTE_EXACT_COPY_20260713/DL/CEMA_LFP/lfp_confirmatory_minipanel/runs/all8_train_all8_test/tier1/nmc_goal_vcorr_it_train_dst_selector_results/lfpconfirm_all8_train_all8_test_tier1_gru_residual_g4_holdoutus06_s012_b2048_e200_by_temperature.csv
LFP,G4,US06,2,-10.0,1.7304524472988057,1.7304531302081076,6.829093019966592e-07,2.086563110070827e-07,True,1e-06,True,${SOURCE_WORKSPACE}/LFP_REMOTE_EXACT_COPY_20260713/DL/CEMA_LFP/lfp_confirmatory_minipanel/inference_pkg_lfp/G4/US06/2,${SOURCE_WORKSPACE}/LFP_REMOTE_EXACT_COPY_20260713/DL/CEMA_LFP/lfp_confirmatory_minipanel/runs/all8_train_all8_test/tier1/nmc_goal_vcorr_it_train_dst_selector_results/lfpconfirm_all8_train_all8_test_tier1_gru_residual_g4_holdoutus06_s012_b2048_e200_by_temperature.csv
LFP,G4,US06,2,0.0,0.6467503825391849,0.6467507059160317,3.2337684674477174e-07,2.086563110070827e-07,True,1e-06,True,${SOURCE_WORKSPACE}/LFP_REMOTE_EXACT_COPY_20260713/DL/CEMA_LFP/lfp_confirmatory_minipanel/inference_pkg_lfp/G4/US06/2,${SOURCE_WORKSPACE}/LFP_REMOTE_EXACT_COPY_20260713/DL/CEMA_LFP/lfp_confirmatory_minipanel/runs/all8_train_all8_test/tier1/nmc_goal_vcorr_it_train_dst_selector_results/lfpconfirm_all8_train_all8_test_tier1_gru_residual_g4_holdoutus06_s012_b2048_e200_by_temperature.csv
LFP,G4,US06,2,10.0,0.3671602672473518,0.3671601638408335,1.0340651834805925e-07,2.086563110070827e-07,True,1e-06,True,${SOURCE_WORKSPACE}/LFP_REMOTE_EXACT_COPY_20260713/DL/CEMA_LFP/lfp_confirmatory_minipanel/inference_pkg_lfp/G4/US06/2,${SOURCE_WORKSPACE}/LFP_REMOTE_EXACT_COPY_20260713/DL/CEMA_LFP/lfp_confirmatory_minipanel/runs/all8_train_all8_test/tier1/nmc_goal_vcorr_it_train_dst_selector_results/lfpconfirm_all8_train_all8_test_tier1_gru_residual_g4_holdoutus06_s012_b2048_e200_by_temperature.csv
LFP,G4,US06,2,20.0,0.2937812331529444,0.2937812381529394,4.999994918097883e-09,2.086563110070827e-07,True,1e-06,True,${SOURCE_WORKSPACE}/LFP_REMOTE_EXACT_COPY_20260713/DL/CEMA_LFP/lfp_confirmatory_minipanel/inference_pkg_lfp/G4/US06/2,${SOURCE_WORKSPACE}/LFP_REMOTE_EXACT_COPY_20260713/DL/CEMA_LFP/lfp_confirmatory_minipanel/runs/all8_train_all8_test/tier1/nmc_goal_vcorr_it_train_dst_selector_results/lfpconfirm_all8_train_all8_test_tier1_gru_residual_g4_holdoutus06_s012_b2048_e200_by_temperature.csv
LFP,G4,US06,2,25.0,0.2866671134039224,0.286667013554885,9.984903742710217e-08,2.086563110070827e-07,True,1e-06,True,${SOURCE_WORKSPACE}/LFP_REMOTE_EXACT_COPY_20260713/DL/CEMA_LFP/lfp_confirmatory_minipanel/inference_pkg_lfp/G4/US06/2,${SOURCE_WORKSPACE}/LFP_REMOTE_EXACT_COPY_20260713/DL/CEMA_LFP/lfp_confirmatory_minipanel/runs/all8_train_all8_test/tier1/nmc_goal_vcorr_it_train_dst_selector_results/lfpconfirm_all8_train_all8_test_tier1_gru_residual_g4_holdoutus06_s012_b2048_e200_by_temperature.csv
LFP,G4,US06,2,30.0,0.2411688144053348,0.2411689069756977,9.257036287513289e-08,2.086563110070827e-07,True,1e-06,True,${SOURCE_WORKSPACE}/LFP_REMOTE_EXACT_COPY_20260713/DL/CEMA_LFP/lfp_confirmatory_minipanel/inference_pkg_lfp/G4/US06/2,${SOURCE_WORKSPACE}/LFP_REMOTE_EXACT_COPY_20260713/DL/CEMA_LFP/lfp_confirmatory_minipanel/runs/all8_train_all8_test/tier1/nmc_goal_vcorr_it_train_dst_selector_results/lfpconfirm_all8_train_all8_test_tier1_gru_residual_g4_holdoutus06_s012_b2048_e200_by_temperature.csv
LFP,G4,US06,2,40.0,0.3158344207199005,0.3158343199527625,1.0076713802265048e-07,2.086563110070827e-07,True,1e-06,True,${SOURCE_WORKSPACE}/LFP_REMOTE_EXACT_COPY_20260713/DL/CEMA_LFP/lfp_confirmatory_minipanel/inference_pkg_lfp/G4/US06/2,${SOURCE_WORKSPACE}/LFP_REMOTE_EXACT_COPY_20260713/DL/CEMA_LFP/lfp_confirmatory_minipanel/runs/all8_train_all8_test/tier1/nmc_goal_vcorr_it_train_dst_selector_results/lfpconfirm_all8_train_all8_test_tier1_gru_residual_g4_holdoutus06_s012_b2048_e200_by_temperature.csv
LFP,G4,US06,2,50.0,0.4178717591847582,0.4178714725393603,2.866453979177841e-07,2.086563110070827e-07,True,1e-06,True,${SOURCE_WORKSPACE}/LFP_REMOTE_EXACT_COPY_20260713/DL/CEMA_LFP/lfp_confirmatory_minipanel/inference_pkg_lfp/G4/US06/2,${SOURCE_WORKSPACE}/LFP_REMOTE_EXACT_COPY_20260713/DL/CEMA_LFP/lfp_confirmatory_minipanel/runs/all8_train_all8_test/tier1/nmc_goal_vcorr_it_train_dst_selector_results/lfpconfirm_all8_train_all8_test_tier1_gru_residual_g4_holdoutus06_s012_b2048_e200_by_temperature.csv
NMC,G4,DST,0,0.0,0.4057549507525378,0.4057549957384864,4.4985948577380697e-08,2.5993652341682605e-07,True,1e-06,True,${SOURCE_WORKSPACE}/CEMA_SOC_ESTIMATION/nmc/kf/inference_pkg_nmc/G4/DST/0,${SOURCE_WORKSPACE}/DL/CEMA_MLP_OCVSTART_FULLGRID/nmc_goal_vcorr_it_train_dst_selector_results/s3_3l_bm_gru_g4_r_dst_s012_b2048_e200_by_temperature.csv
NMC,G4,DST,0,25.0,0.3056342702863248,0.3056343446118877,7.432556292652492e-08,2.5993652341682605e-07,True,1e-06,True,${SOURCE_WORKSPACE}/CEMA_SOC_ESTIMATION/nmc/kf/inference_pkg_nmc/G4/DST/0,${SOURCE_WORKSPACE}/DL/CEMA_MLP_OCVSTART_FULLGRID/nmc_goal_vcorr_it_train_dst_selector_results/s3_3l_bm_gru_g4_r_dst_s012_b2048_e200_by_temperature.csv
NMC,G4,DST,0,45.0,0.2402218428640123,0.2402217978109311,4.505308126567797e-08,2.5993652341682605e-07,True,1e-06,True,${SOURCE_WORKSPACE}/CEMA_SOC_ESTIMATION/nmc/kf/inference_pkg_nmc/G4/DST/0,${SOURCE_WORKSPACE}/DL/CEMA_MLP_OCVSTART_FULLGRID/nmc_goal_vcorr_it_train_dst_selector_results/s3_3l_bm_gru_g4_r_dst_s012_b2048_e200_by_temperature.csv
NMC,G4,DST,1,0.0,0.3234616034905345,0.3234614901312244,1.1335931016098757e-07,2.553184509368478e-07,True,1e-06,True,${SOURCE_WORKSPACE}/CEMA_SOC_ESTIMATION/nmc/kf/inference_pkg_nmc/G4/DST/1,${SOURCE_WORKSPACE}/DL/CEMA_MLP_OCVSTART_FULLGRID/nmc_goal_vcorr_it_train_dst_selector_results/s3_3l_bm_gru_g4_r_dst_s012_b2048_e200_by_temperature.csv
NMC,G4,DST,1,25.0,0.3529018271551226,0.3529020682727122,2.4111758956113505e-07,2.553184509368478e-07,True,1e-06,True,${SOURCE_WORKSPACE}/CEMA_SOC_ESTIMATION/nmc/kf/inference_pkg_nmc/G4/DST/1,${SOURCE_WORKSPACE}/DL/CEMA_MLP_OCVSTART_FULLGRID/nmc_goal_vcorr_it_train_dst_selector_results/s3_3l_bm_gru_g4_r_dst_s012_b2048_e200_by_temperature.csv
NMC,G4,DST,1,45.0,0.2089470994390964,0.2089469324795737,1.6695952276268858e-07,2.553184509368478e-07,True,1e-06,True,${SOURCE_WORKSPACE}/CEMA_SOC_ESTIMATION/nmc/kf/inference_pkg_nmc/G4/DST/1,${SOURCE_WORKSPACE}/DL/CEMA_MLP_OCVSTART_FULLGRID/nmc_goal_vcorr_it_train_dst_selector_results/s3_3l_bm_gru_g4_r_dst_s012_b2048_e200_by_temperature.csv
NMC,G4,DST,2,0.0,0.3654053838477122,0.3654053050723602,7.877535207478914e-08,2.3774948121335626e-07,True,1e-06,True,${SOURCE_WORKSPACE}/CEMA_SOC_ESTIMATION/nmc/kf/inference_pkg_nmc/G4/DST/2,${SOURCE_WORKSPACE}/DL/CEMA_MLP_OCVSTART_FULLGRID/nmc_goal_vcorr_it_train_dst_selector_results/s3_3l_bm_gru_g4_r_dst_s012_b2048_e200_by_temperature.csv
NMC,G4,DST,2,25.0,0.3255007200763857,0.325500631350439,8.872594670084055e-08,2.3774948121335626e-07,True,1e-06,True,${SOURCE_WORKSPACE}/CEMA_SOC_ESTIMATION/nmc/kf/inference_pkg_nmc/G4/DST/2,${SOURCE_WORKSPACE}/DL/CEMA_MLP_OCVSTART_FULLGRID/nmc_goal_vcorr_it_train_dst_selector_results/s3_3l_bm_gru_g4_r_dst_s012_b2048_e200_by_temperature.csv
NMC,G4,DST,2,45.0,0.2070210468895758,0.2070208413502419,2.0553933394173998e-07,2.3774948121335626e-07,True,1e-06,True,${SOURCE_WORKSPACE}/CEMA_SOC_ESTIMATION/nmc/kf/inference_pkg_nmc/G4/DST/2,${SOURCE_WORKSPACE}/DL/CEMA_MLP_OCVSTART_FULLGRID/nmc_goal_vcorr_it_train_dst_selector_results/s3_3l_bm_gru_g4_r_dst_s012_b2048_e200_by_temperature.csv
NMC,G4,FUDS,0,0.0,0.4374430110610059,0.4374428920109935,1.1905001245926529e-07,2.217720032060555e-07,True,1e-06,True,${SOURCE_WORKSPACE}/CEMA_SOC_ESTIMATION/nmc/kf/inference_pkg_nmc/G4/FUDS/0,${SOURCE_WORKSPACE}/DL/CEMA_MLP_OCVSTART_FULLGRID/nmc_goal_vcorr_it_train_dst_selector_results/s3_3l_bm_gru_g4_r_fuds_s012_b2048_e200_by_temperature.csv
NMC,G4,FUDS,0,25.0,0.2689406837167413,0.2689406363458658,4.7370875499996856e-08,2.217720032060555e-07,True,1e-06,True,${SOURCE_WORKSPACE}/CEMA_SOC_ESTIMATION/nmc/kf/inference_pkg_nmc/G4/FUDS/0,${SOURCE_WORKSPACE}/DL/CEMA_MLP_OCVSTART_FULLGRID/nmc_goal_vcorr_it_train_dst_selector_results/s3_3l_bm_gru_g4_r_fuds_s012_b2048_e200_by_temperature.csv
NMC,G4,FUDS,0,45.0,0.2829056526795528,0.2829057601713872,1.0749183432245957e-07,2.217720032060555e-07,True,1e-06,True,${SOURCE_WORKSPACE}/CEMA_SOC_ESTIMATION/nmc/kf/inference_pkg_nmc/G4/FUDS/0,${SOURCE_WORKSPACE}/DL/CEMA_MLP_OCVSTART_FULLGRID/nmc_goal_vcorr_it_train_dst_selector_results/s3_3l_bm_gru_g4_r_fuds_s012_b2048_e200_by_temperature.csv
NMC,G4,FUDS,1,0.0,0.4638365691198946,0.4638364285903333,1.4052956132104558e-07,2.661750793109263e-07,True,1e-06,True,${SOURCE_WORKSPACE}/CEMA_SOC_ESTIMATION/nmc/kf/inference_pkg_nmc/G4/FUDS/1,${SOURCE_WORKSPACE}/DL/CEMA_MLP_OCVSTART_FULLGRID/nmc_goal_vcorr_it_train_dst_selector_results/s3_3l_bm_gru_g4_r_fuds_s012_b2048_e200_by_temperature.csv
NMC,G4,FUDS,1,25.0,0.2956310064277746,0.2956311172477406,1.1081996598161227e-07,2.661750793109263e-07,True,1e-06,True,${SOURCE_WORKSPACE}/CEMA_SOC_ESTIMATION/nmc/kf/inference_pkg_nmc/G4/FUDS/1,${SOURCE_WORKSPACE}/DL/CEMA_MLP_OCVSTART_FULLGRID/nmc_goal_vcorr_it_train_dst_selector_results/s3_3l_bm_gru_g4_r_fuds_s012_b2048_e200_by_temperature.csv
NMC,G4,FUDS,1,45.0,0.3012718876452986,0.3012720595537159,1.7190841727909858e-07,2.661750793109263e-07,True,1e-06,True,${SOURCE_WORKSPACE}/CEMA_SOC_ESTIMATION/nmc/kf/inference_pkg_nmc/G4/FUDS/1,${SOURCE_WORKSPACE}/DL/CEMA_MLP_OCVSTART_FULLGRID/nmc_goal_vcorr_it_train_dst_selector_results/s3_3l_bm_gru_g4_r_fuds_s012_b2048_e200_by_temperature.csv
NMC,G4,FUDS,2,0.0,0.4392922565808392,0.439292173944514,8.26363252270923e-08,2.010871886781729e-07,True,1e-06,True,${SOURCE_WORKSPACE}/CEMA_SOC_ESTIMATION/nmc/kf/inference_pkg_nmc/G4/FUDS/2,${SOURCE_WORKSPACE}/DL/CEMA_MLP_OCVSTART_FULLGRID/nmc_goal_vcorr_it_train_dst_selector_results/s3_3l_bm_gru_g4_r_fuds_s012_b2048_e200_by_temperature.csv
NMC,G4,FUDS,2,25.0,0.2667516852084741,0.2667517805837865,9.537531242553855e-08,2.010871886781729e-07,True,1e-06,True,${SOURCE_WORKSPACE}/CEMA_SOC_ESTIMATION/nmc/kf/inference_pkg_nmc/G4/FUDS/2,${SOURCE_WORKSPACE}/DL/CEMA_MLP_OCVSTART_FULLGRID/nmc_goal_vcorr_it_train_dst_selector_results/s3_3l_bm_gru_g4_r_fuds_s012_b2048_e200_by_temperature.csv
NMC,G4,FUDS,2,45.0,0.2845806983974476,0.2845806419370581,5.646038953033283e-08,2.010871886781729e-07,True,1e-06,True,${SOURCE_WORKSPACE}/CEMA_SOC_ESTIMATION/nmc/kf/inference_pkg_nmc/G4/FUDS/2,${SOURCE_WORKSPACE}/DL/CEMA_MLP_OCVSTART_FULLGRID/nmc_goal_vcorr_it_train_dst_selector_results/s3_3l_bm_gru_g4_r_fuds_s012_b2048_e200_by_temperature.csv
NMC,G4,US06,0,0.0,0.4785535587217388,0.4785535495531188,9.168620029864629e-09,2.0730590821749217e-07,True,1e-06,True,${SOURCE_WORKSPACE}/CEMA_SOC_ESTIMATION/nmc/kf/inference_pkg_nmc/G4/US06/0,${SOURCE_WORKSPACE}/DL/CEMA_MLP_OCVSTART_FULLGRID/nmc_goal_vcorr_it_train_dst_selector_results/s3_3l_bm_gru_g4_r_us06_s012_b2048_e200_by_temperature.csv
NMC,G4,US06,0,25.0,0.3713079005649147,0.3713077844428316,1.1612208311584383e-07,2.0730590821749217e-07,True,1e-06,True,${SOURCE_WORKSPACE}/CEMA_SOC_ESTIMATION/nmc/kf/inference_pkg_nmc/G4/US06/0,${SOURCE_WORKSPACE}/DL/CEMA_MLP_OCVSTART_FULLGRID/nmc_goal_vcorr_it_train_dst_selector_results/s3_3l_bm_gru_g4_r_us06_s012_b2048_e200_by_temperature.csv
NMC,G4,US06,0,45.0,0.1800754628187762,0.180075615850747,1.5303197078986308e-07,2.0730590821749217e-07,True,1e-06,True,${SOURCE_WORKSPACE}/CEMA_SOC_ESTIMATION/nmc/kf/inference_pkg_nmc/G4/US06/0,${SOURCE_WORKSPACE}/DL/CEMA_MLP_OCVSTART_FULLGRID/nmc_goal_vcorr_it_train_dst_selector_results/s3_3l_bm_gru_g4_r_us06_s012_b2048_e200_by_temperature.csv
NMC,G4,US06,1,0.0,0.5022000238830828,0.5021999689322773,5.495080557249565e-08,2.0674438472312323e-07,True,1e-06,True,${SOURCE_WORKSPACE}/CEMA_SOC_ESTIMATION/nmc/kf/inference_pkg_nmc/G4/US06/1,${SOURCE_WORKSPACE}/DL/CEMA_MLP_OCVSTART_FULLGRID/nmc_goal_vcorr_it_train_dst_selector_results/s3_3l_bm_gru_g4_r_us06_s012_b2048_e200_by_temperature.csv
NMC,G4,US06,1,25.0,0.3311982775848192,0.3311980635210887,2.1406373051924282e-07,2.0674438472312323e-07,True,1e-06,True,${SOURCE_WORKSPACE}/CEMA_SOC_ESTIMATION/nmc/kf/inference_pkg_nmc/G4/US06/1,${SOURCE_WORKSPACE}/DL/CEMA_MLP_OCVSTART_FULLGRID/nmc_goal_vcorr_it_train_dst_selector_results/s3_3l_bm_gru_g4_r_us06_s012_b2048_e200_by_temperature.csv
NMC,G4,US06,1,45.0,0.2015056048911513,0.2015054022380158,2.026531355503458e-07,2.0674438472312323e-07,True,1e-06,True,${SOURCE_WORKSPACE}/CEMA_SOC_ESTIMATION/nmc/kf/inference_pkg_nmc/G4/US06/1,${SOURCE_WORKSPACE}/DL/CEMA_MLP_OCVSTART_FULLGRID/nmc_goal_vcorr_it_train_dst_selector_results/s3_3l_bm_gru_g4_r_us06_s012_b2048_e200_by_temperature.csv
NMC,G4,US06,2,0.0,0.459500086198474,0.4595001012033158,1.5004841757981783e-08,2.081777114859573e-07,True,1e-06,True,${SOURCE_WORKSPACE}/CEMA_SOC_ESTIMATION/nmc/kf/inference_pkg_nmc/G4/US06/2,${SOURCE_WORKSPACE}/DL/CEMA_MLP_OCVSTART_FULLGRID/nmc_goal_vcorr_it_train_dst_selector_results/s3_3l_bm_gru_g4_r_us06_s012_b2048_e200_by_temperature.csv
NMC,G4,US06,2,25.0,0.3881315477704337,0.3881313538194745,1.9395095918195443e-07,2.081777114859573e-07,True,1e-06,True,${SOURCE_WORKSPACE}/CEMA_SOC_ESTIMATION/nmc/kf/inference_pkg_nmc/G4/US06/2,${SOURCE_WORKSPACE}/DL/CEMA_MLP_OCVSTART_FULLGRID/nmc_goal_vcorr_it_train_dst_selector_results/s3_3l_bm_gru_g4_r_us06_s012_b2048_e200_by_temperature.csv
NMC,G4,US06,2,45.0,0.1603550837804954,0.1603549540070382,1.297734572025533e-07,2.081777114859573e-07,True,1e-06,True,${SOURCE_WORKSPACE}/CEMA_SOC_ESTIMATION/nmc/kf/inference_pkg_nmc/G4/US06/2,${SOURCE_WORKSPACE}/DL/CEMA_MLP_OCVSTART_FULLGRID/nmc_goal_vcorr_it_train_dst_selector_results/s3_3l_bm_gru_g4_r_us06_s012_b2048_e200_by_temperature.csv
