chemistry,feature,fold,seed,temperature,mae,rmse,aux_config,source
LFP,G4,DST,0,-10.0,0.7525873594092777,0.8635073235805254,anchor_only,new_retraining
LFP,G4,DST,0,0.0,0.5113550862921462,0.6119661905659098,anchor_only,new_retraining
LFP,G4,DST,0,10.0,0.4541642269798607,0.5582791465569091,anchor_only,new_retraining
LFP,G4,DST,0,20.0,0.4352136456279475,0.555260673340842,anchor_only,new_retraining
LFP,G4,DST,0,25.0,0.3775098705278717,0.4877582589251925,anchor_only,new_retraining
LFP,G4,DST,0,30.0,0.445127932342459,0.5485182559469219,anchor_only,new_retraining
LFP,G4,DST,0,40.0,0.6061566960606943,0.7047130048777285,anchor_only,new_retraining
LFP,G4,DST,0,50.0,0.7280028003016116,0.8507958058276086,anchor_only,new_retraining
LFP,G4,DST,1,-10.0,0.7632229139151295,0.9176791752460608,anchor_only,new_retraining
LFP,G4,DST,1,0.0,0.4825652869740199,0.5904583777287989,anchor_only,new_retraining
LFP,G4,DST,1,10.0,0.4283393112630766,0.5453079467457456,anchor_only,new_retraining
LFP,G4,DST,1,20.0,0.4500150483338866,0.5543247516989717,anchor_only,new_retraining
LFP,G4,DST,1,25.0,0.3893999246189968,0.504087264100572,anchor_only,new_retraining
LFP,G4,DST,1,30.0,0.4110441787238695,0.522900147249647,anchor_only,new_retraining
LFP,G4,DST,1,40.0,0.5632775610196231,0.6721922675273286,anchor_only,new_retraining
LFP,G4,DST,1,50.0,0.6548519883699218,0.7978981717884772,anchor_only,new_retraining
LFP,G4,DST,2,-10.0,0.6639113694913293,0.8027068892986471,anchor_only,new_retraining
LFP,G4,DST,2,0.0,0.4823657172924574,0.5593979046153554,anchor_only,new_retraining
LFP,G4,DST,2,10.0,0.3738559118088304,0.4559144236011904,anchor_only,new_retraining
LFP,G4,DST,2,20.0,0.3858358760756962,0.4812565532115169,anchor_only,new_retraining
LFP,G4,DST,2,25.0,0.3266530767264368,0.4085171415067306,anchor_only,new_retraining
LFP,G4,DST,2,30.0,0.3679556350491234,0.4508455110584938,anchor_only,new_retraining
LFP,G4,DST,2,40.0,0.4549650488728782,0.5325754620362163,anchor_only,new_retraining
LFP,G4,DST,2,50.0,0.5480413395090032,0.6516219881592916,anchor_only,new_retraining
LFP,G4,FUDS,0,-10.0,0.9938234622061538,1.124231505322479,anchor_only,new_retraining
LFP,G4,FUDS,0,0.0,0.6149549614330546,0.7560753402002688,anchor_only,new_retraining
LFP,G4,FUDS,0,10.0,0.6212514989516315,0.7396015251509094,anchor_only,new_retraining
LFP,G4,FUDS,0,20.0,0.4563342227427972,0.6030987020079515,anchor_only,new_retraining
LFP,G4,FUDS,0,25.0,0.4683333733816641,0.6241339626804508,anchor_only,new_retraining
LFP,G4,FUDS,0,30.0,0.4680327036678267,0.6170508177883566,anchor_only,new_retraining
LFP,G4,FUDS,0,40.0,0.5411900218731063,0.6872230789719896,anchor_only,new_retraining
LFP,G4,FUDS,0,50.0,0.6207807309881237,0.7775545610716434,anchor_only,new_retraining
LFP,G4,FUDS,1,-10.0,0.993036311878638,1.1684478457290592,anchor_only,new_retraining
LFP,G4,FUDS,1,0.0,0.5466157792715057,0.7057446458834032,anchor_only,new_retraining
LFP,G4,FUDS,1,10.0,0.5555339525812559,0.679509782207462,anchor_only,new_retraining
LFP,G4,FUDS,1,20.0,0.3887293667345314,0.5292774475797584,anchor_only,new_retraining
LFP,G4,FUDS,1,25.0,0.4100630066197182,0.5507775536500085,anchor_only,new_retraining
LFP,G4,FUDS,1,30.0,0.491363547437172,0.593467835990943,anchor_only,new_retraining
LFP,G4,FUDS,1,40.0,0.5835433581987215,0.7021185447454155,anchor_only,new_retraining
LFP,G4,FUDS,1,50.0,0.7496617420257045,0.873399357331667,anchor_only,new_retraining
LFP,G4,FUDS,2,-10.0,0.9604848167095038,1.084949106766132,anchor_only,new_retraining
LFP,G4,FUDS,2,0.0,0.5727636600173983,0.6651959118629612,anchor_only,new_retraining
LFP,G4,FUDS,2,10.0,0.5316237237884386,0.6345704320122124,anchor_only,new_retraining
LFP,G4,FUDS,2,20.0,0.3857811338606497,0.4997337855512819,anchor_only,new_retraining
LFP,G4,FUDS,2,25.0,0.4086479013545354,0.5408376026976546,anchor_only,new_retraining
LFP,G4,FUDS,2,30.0,0.4239170006905051,0.5516537024495491,anchor_only,new_retraining
LFP,G4,FUDS,2,40.0,0.4883158047022866,0.6094515403348998,anchor_only,new_retraining
LFP,G4,FUDS,2,50.0,0.6289831495253518,0.7730055485235847,anchor_only,new_retraining
LFP,G4,US06,0,-10.0,1.63680739129942,1.9433002748693533,anchor_only,new_retraining
LFP,G4,US06,0,0.0,0.5347289333826921,0.6416196447055229,anchor_only,new_retraining
LFP,G4,US06,0,10.0,0.3311048065090278,0.4194745832601692,anchor_only,new_retraining
LFP,G4,US06,0,20.0,0.273141232497989,0.3589783574035158,anchor_only,new_retraining
LFP,G4,US06,0,25.0,0.3760129058022822,0.4730585366210414,anchor_only,new_retraining
LFP,G4,US06,0,30.0,0.3180005748237995,0.406217278272979,anchor_only,new_retraining
LFP,G4,US06,0,40.0,0.3745979704934161,0.4524020258563201,anchor_only,new_retraining
LFP,G4,US06,0,50.0,0.4487271420134125,0.5517632096875742,anchor_only,new_retraining
LFP,G4,US06,1,-10.0,1.8718911689995443,2.149960449831938,anchor_only,new_retraining
LFP,G4,US06,1,0.0,0.7195787702113112,0.8320045402035168,anchor_only,new_retraining
LFP,G4,US06,1,10.0,0.508131218183372,0.6075473318637172,anchor_only,new_retraining
LFP,G4,US06,1,20.0,0.3126230191481272,0.3779822243884392,anchor_only,new_retraining
LFP,G4,US06,1,25.0,0.2658671116511395,0.3343648335548707,anchor_only,new_retraining
LFP,G4,US06,1,30.0,0.2663483915270001,0.3496330946573646,anchor_only,new_retraining
LFP,G4,US06,1,40.0,0.3530721398959116,0.4512931604331993,anchor_only,new_retraining
LFP,G4,US06,1,50.0,0.3970370023286765,0.5029041171446889,anchor_only,new_retraining
LFP,G4,US06,2,-10.0,1.7420732108844763,2.1166049362924566,anchor_only,new_retraining
LFP,G4,US06,2,0.0,0.6400053914938747,0.7880706113070339,anchor_only,new_retraining
LFP,G4,US06,2,10.0,0.404533603419268,0.5305649214176396,anchor_only,new_retraining
LFP,G4,US06,2,20.0,0.335473675922088,0.4018561205429087,anchor_only,new_retraining
LFP,G4,US06,2,25.0,0.3009081473568649,0.374281237714053,anchor_only,new_retraining
LFP,G4,US06,2,30.0,0.2764476043413684,0.3550426236200039,anchor_only,new_retraining
LFP,G4,US06,2,40.0,0.2955668236354104,0.3866727060356703,anchor_only,new_retraining
LFP,G4,US06,2,50.0,0.3761639147410572,0.4826926570394976,anchor_only,new_retraining
LFP,T6,DST,0,-10.0,0.6417938312577882,0.7744500019180011,anchor_only,new_retraining
LFP,T6,DST,0,0.0,0.4837165867401338,0.5906087246063613,anchor_only,new_retraining
LFP,T6,DST,0,10.0,0.4640791124884527,0.5730111973068472,anchor_only,new_retraining
LFP,T6,DST,0,20.0,0.4351696233168297,0.5467852575140495,anchor_only,new_retraining
LFP,T6,DST,0,25.0,0.3896832286961369,0.486508906964387,anchor_only,new_retraining
LFP,T6,DST,0,30.0,0.4138374147968708,0.5249395756167349,anchor_only,new_retraining
LFP,T6,DST,0,40.0,0.4430143570793598,0.5558001359715694,anchor_only,new_retraining
LFP,T6,DST,0,50.0,0.5112144397226284,0.615736303173372,anchor_only,new_retraining
LFP,T6,DST,1,-10.0,0.8514344908560358,1.0460135566642437,anchor_only,new_retraining
LFP,T6,DST,1,0.0,0.4978950476471299,0.5954066357279652,anchor_only,new_retraining
LFP,T6,DST,1,10.0,0.414125475295491,0.5042589688983848,anchor_only,new_retraining
LFP,T6,DST,1,20.0,0.357633423207054,0.4554872610017481,anchor_only,new_retraining
LFP,T6,DST,1,25.0,0.2883656638325653,0.3830646752690942,anchor_only,new_retraining
LFP,T6,DST,1,30.0,0.3147093502308419,0.4061154990308672,anchor_only,new_retraining
LFP,T6,DST,1,40.0,0.3589663551323346,0.4407055710938087,anchor_only,new_retraining
LFP,T6,DST,1,50.0,0.3997174437915804,0.4999000827497066,anchor_only,new_retraining
LFP,T6,DST,2,-10.0,0.6904834503202976,0.8548379168208395,anchor_only,new_retraining
LFP,T6,DST,2,0.0,0.4339040657012578,0.5312076583248023,anchor_only,new_retraining
LFP,T6,DST,2,10.0,0.3698283621264867,0.4601605013186141,anchor_only,new_retraining
LFP,T6,DST,2,20.0,0.4036789989550317,0.4959606839482484,anchor_only,new_retraining
LFP,T6,DST,2,25.0,0.3553227642745752,0.4621310515290784,anchor_only,new_retraining
LFP,T6,DST,2,30.0,0.4102106265972696,0.5107424802102448,anchor_only,new_retraining
LFP,T6,DST,2,40.0,0.4858111785652993,0.5855508971183395,anchor_only,new_retraining
LFP,T6,DST,2,50.0,0.5818150225155111,0.690984029072676,anchor_only,new_retraining
LFP,T6,FUDS,0,-10.0,1.5422153422001563,1.958934922313017,anchor_only,new_retraining
LFP,T6,FUDS,0,0.0,0.702706187300261,0.9734211966811775,anchor_only,new_retraining
LFP,T6,FUDS,0,10.0,0.576772514596452,0.7944989177179477,anchor_only,new_retraining
LFP,T6,FUDS,0,20.0,0.4759244449156072,0.6225645887038415,anchor_only,new_retraining
LFP,T6,FUDS,0,25.0,0.4928185870441341,0.6401177696515676,anchor_only,new_retraining
LFP,T6,FUDS,0,30.0,0.5745674768653902,0.6828072571192286,anchor_only,new_retraining
LFP,T6,FUDS,0,40.0,0.6077820631846249,0.7483578033151765,anchor_only,new_retraining
LFP,T6,FUDS,0,50.0,0.6626980058893177,0.8431063174273448,anchor_only,new_retraining
LFP,T6,FUDS,1,-10.0,1.629032704397954,2.0804277993070035,anchor_only,new_retraining
LFP,T6,FUDS,1,0.0,0.7925825348365931,1.04017237027135,anchor_only,new_retraining
LFP,T6,FUDS,1,10.0,0.65684830627963,0.8420171669011307,anchor_only,new_retraining
LFP,T6,FUDS,1,20.0,0.4599798529834513,0.6384029345783242,anchor_only,new_retraining
LFP,T6,FUDS,1,25.0,0.4536605998008902,0.6135808873885512,anchor_only,new_retraining
LFP,T6,FUDS,1,30.0,0.4818015635553463,0.5977161259599253,anchor_only,new_retraining
LFP,T6,FUDS,1,40.0,0.527699007299542,0.6532780385542793,anchor_only,new_retraining
LFP,T6,FUDS,1,50.0,0.6049983484100524,0.7686356692477953,anchor_only,new_retraining
LFP,T6,FUDS,2,-10.0,1.5487849044324749,2.020869898792978,anchor_only,new_retraining
LFP,T6,FUDS,2,0.0,0.8677774594999096,1.1498283911203633,anchor_only,new_retraining
LFP,T6,FUDS,2,10.0,0.6721286789981444,0.8797827182435167,anchor_only,new_retraining
LFP,T6,FUDS,2,20.0,0.5168780949645609,0.661098055255481,anchor_only,new_retraining
LFP,T6,FUDS,2,25.0,0.5254579309913836,0.6645102440497314,anchor_only,new_retraining
LFP,T6,FUDS,2,30.0,0.5820818683561867,0.7102888874870186,anchor_only,new_retraining
LFP,T6,FUDS,2,40.0,0.6425594710341044,0.7944934288530717,anchor_only,new_retraining
LFP,T6,FUDS,2,50.0,0.7527678326432151,0.9303164272133496,anchor_only,new_retraining
LFP,T6,US06,0,-10.0,2.151919440263995,2.3844730504456577,anchor_only,new_retraining
LFP,T6,US06,0,0.0,0.8446385013701482,0.951817919270162,anchor_only,new_retraining
LFP,T6,US06,0,10.0,0.5725731728458645,0.6948576395576529,anchor_only,new_retraining
LFP,T6,US06,0,20.0,0.3588452141099401,0.4561872870224285,anchor_only,new_retraining
LFP,T6,US06,0,25.0,0.3088024909191209,0.4030977762737577,anchor_only,new_retraining
LFP,T6,US06,0,30.0,0.3026127318041146,0.4170596375384887,anchor_only,new_retraining
LFP,T6,US06,0,40.0,0.4194179002964807,0.5328603706007979,anchor_only,new_retraining
LFP,T6,US06,0,50.0,0.5470671031902585,0.6507699468020701,anchor_only,new_retraining
LFP,T6,US06,1,-10.0,2.0905133875920687,2.316450304565361,anchor_only,new_retraining
LFP,T6,US06,1,0.0,1.009891757530626,1.106994614345724,anchor_only,new_retraining
LFP,T6,US06,1,10.0,0.7910927638834612,0.9031526580252752,anchor_only,new_retraining
LFP,T6,US06,1,20.0,0.6044418080947159,0.7235913602303422,anchor_only,new_retraining
LFP,T6,US06,1,25.0,0.418934811038231,0.5153216806228305,anchor_only,new_retraining
LFP,T6,US06,1,30.0,0.4161884574500601,0.5262761369472007,anchor_only,new_retraining
LFP,T6,US06,1,40.0,0.2898771851897828,0.4325225080616698,anchor_only,new_retraining
LFP,T6,US06,1,50.0,0.3184440164099656,0.4628255788565895,anchor_only,new_retraining
LFP,T6,US06,2,-10.0,2.0336939589478336,2.246116039203652,anchor_only,new_retraining
LFP,T6,US06,2,0.0,0.8548131385291659,0.9560465382466472,anchor_only,new_retraining
LFP,T6,US06,2,10.0,0.6056570946523441,0.7244696716973102,anchor_only,new_retraining
LFP,T6,US06,2,20.0,0.3790031968981597,0.4771988200610373,anchor_only,new_retraining
LFP,T6,US06,2,25.0,0.3008267923663238,0.3851755073741806,anchor_only,new_retraining
LFP,T6,US06,2,30.0,0.2772747381597941,0.3876414637310806,anchor_only,new_retraining
LFP,T6,US06,2,40.0,0.3616192031696365,0.4587848463697763,anchor_only,new_retraining
LFP,T6,US06,2,50.0,0.441516805995107,0.5336502078590407,anchor_only,new_retraining
LFP,G4,DST,0,-10.0,0.6846017482287563,0.8284399285479329,aux_all_off,new_retraining
LFP,G4,DST,0,0.0,0.5502477933791888,0.6610998758344785,aux_all_off,new_retraining
LFP,G4,DST,0,10.0,0.4417439406363355,0.5676475151121267,aux_all_off,new_retraining
LFP,G4,DST,0,20.0,0.5047975245145256,0.6329597417900691,aux_all_off,new_retraining
LFP,G4,DST,0,25.0,0.4251651823203051,0.5498979667056748,aux_all_off,new_retraining
LFP,G4,DST,0,30.0,0.4848533837338162,0.6076959233282014,aux_all_off,new_retraining
LFP,G4,DST,0,40.0,0.5871698882783831,0.6919592008241436,aux_all_off,new_retraining
LFP,G4,DST,0,50.0,0.7029639830560357,0.8252233802460245,aux_all_off,new_retraining
LFP,G4,DST,1,-10.0,0.6295627714228152,0.7680779836124026,aux_all_off,new_retraining
LFP,G4,DST,1,0.0,0.4721540254625204,0.5910892819252497,aux_all_off,new_retraining
LFP,G4,DST,1,10.0,0.4231151375114756,0.5586812293597304,aux_all_off,new_retraining
LFP,G4,DST,1,20.0,0.5273732068882456,0.6632021689291838,aux_all_off,new_retraining
LFP,G4,DST,1,25.0,0.4777277748935583,0.6025522431557861,aux_all_off,new_retraining
LFP,G4,DST,1,30.0,0.4844314883323342,0.5992642505864239,aux_all_off,new_retraining
LFP,G4,DST,1,40.0,0.5631158081795761,0.6706233293570162,aux_all_off,new_retraining
LFP,G4,DST,1,50.0,0.6755805803325959,0.7971487980752238,aux_all_off,new_retraining
LFP,G4,DST,2,-10.0,0.8938081080045946,1.0927665394120274,aux_all_off,new_retraining
LFP,G4,DST,2,0.0,0.6463187796264337,0.7871751686716117,aux_all_off,new_retraining
LFP,G4,DST,2,10.0,0.4716336481297546,0.5853397545470735,aux_all_off,new_retraining
LFP,G4,DST,2,20.0,0.527885389420031,0.6620405615270374,aux_all_off,new_retraining
LFP,G4,DST,2,25.0,0.5010382173686491,0.6142143066800637,aux_all_off,new_retraining
LFP,G4,DST,2,30.0,0.5658191009426516,0.6772710261286106,aux_all_off,new_retraining
LFP,G4,DST,2,40.0,0.6526256785677045,0.7746390235480273,aux_all_off,new_retraining
LFP,G4,DST,2,50.0,0.7766108004852316,0.9086962373874676,aux_all_off,new_retraining
LFP,G4,FUDS,0,-10.0,0.929072165781865,1.1047510468797763,aux_all_off,new_retraining
LFP,G4,FUDS,0,0.0,0.8126822514065033,1.066734067181479,aux_all_off,new_retraining
LFP,G4,FUDS,0,10.0,0.8295735476142982,1.0697924433421473,aux_all_off,new_retraining
LFP,G4,FUDS,0,20.0,0.449618638375822,0.6341595831933283,aux_all_off,new_retraining
LFP,G4,FUDS,0,25.0,0.6112407534301207,0.781992547430241,aux_all_off,new_retraining
LFP,G4,FUDS,0,30.0,0.5017902555539187,0.6339185944420943,aux_all_off,new_retraining
LFP,G4,FUDS,0,40.0,0.5941306124456788,0.711536457776655,aux_all_off,new_retraining
LFP,G4,FUDS,0,50.0,0.7354756868681369,0.8659290549597791,aux_all_off,new_retraining
LFP,G4,FUDS,1,-10.0,1.0439845425996508,1.2304869178917317,aux_all_off,new_retraining
LFP,G4,FUDS,1,0.0,0.8560736189621092,1.1280168390110634,aux_all_off,new_retraining
LFP,G4,FUDS,1,10.0,0.7781993424242131,0.9807111833834028,aux_all_off,new_retraining
LFP,G4,FUDS,1,20.0,0.4761281252269137,0.6539657291194199,aux_all_off,new_retraining
LFP,G4,FUDS,1,25.0,0.6521877232558998,0.8685773558042201,aux_all_off,new_retraining
LFP,G4,FUDS,1,30.0,0.5289565651452556,0.6753687046554824,aux_all_off,new_retraining
LFP,G4,FUDS,1,40.0,0.616668575011745,0.7413185896697718,aux_all_off,new_retraining
LFP,G4,FUDS,1,50.0,0.7351079896358331,0.8476134717391529,aux_all_off,new_retraining
LFP,G4,FUDS,2,-10.0,1.0813326072998264,1.2369496533304365,aux_all_off,new_retraining
LFP,G4,FUDS,2,0.0,0.8008971560027046,0.9531325122501784,aux_all_off,new_retraining
LFP,G4,FUDS,2,10.0,0.7963515502947074,0.9583975591745676,aux_all_off,new_retraining
LFP,G4,FUDS,2,20.0,0.3811746568478524,0.53627909856674,aux_all_off,new_retraining
LFP,G4,FUDS,2,25.0,0.4695944816675828,0.6267318613553478,aux_all_off,new_retraining
LFP,G4,FUDS,2,30.0,0.4196247313817772,0.5544636388993313,aux_all_off,new_retraining
LFP,G4,FUDS,2,40.0,0.5139895178341014,0.6213409168441946,aux_all_off,new_retraining
LFP,G4,FUDS,2,50.0,0.666816953153541,0.7923642170496563,aux_all_off,new_retraining
LFP,G4,US06,0,-10.0,1.9223430892590887,2.18758613135694,aux_all_off,new_retraining
LFP,G4,US06,0,0.0,0.5269522310488874,0.6214220811932725,aux_all_off,new_retraining
LFP,G4,US06,0,10.0,0.4233870868504233,0.5389191950404261,aux_all_off,new_retraining
LFP,G4,US06,0,20.0,0.3808019474172682,0.4514038759343687,aux_all_off,new_retraining
LFP,G4,US06,0,25.0,0.3843070457074155,0.4766027669449498,aux_all_off,new_retraining
LFP,G4,US06,0,30.0,0.3918431876083938,0.4864509235100058,aux_all_off,new_retraining
LFP,G4,US06,0,40.0,0.4391158618416225,0.5298067870818205,aux_all_off,new_retraining
LFP,G4,US06,0,50.0,0.4303145401929455,0.5308289368189413,aux_all_off,new_retraining
LFP,G4,US06,1,-10.0,1.6466825746163545,1.941685801681404,aux_all_off,new_retraining
LFP,G4,US06,1,0.0,0.5085316268840125,0.6306508248682765,aux_all_off,new_retraining
LFP,G4,US06,1,10.0,0.5607217882546801,0.6763812198491543,aux_all_off,new_retraining
LFP,G4,US06,1,20.0,0.5841545013289049,0.689732526682904,aux_all_off,new_retraining
LFP,G4,US06,1,25.0,0.4513378045292486,0.5759923568473111,aux_all_off,new_retraining
LFP,G4,US06,1,30.0,0.591017554239388,0.6848239314545088,aux_all_off,new_retraining
LFP,G4,US06,1,40.0,0.5161576778473697,0.6171115708716646,aux_all_off,new_retraining
LFP,G4,US06,1,50.0,0.5368840734632985,0.6659030655319724,aux_all_off,new_retraining
LFP,G4,US06,2,-10.0,1.7213549337347436,2.008166274950433,aux_all_off,new_retraining
LFP,G4,US06,2,0.0,0.5159996433215223,0.6501072527233954,aux_all_off,new_retraining
LFP,G4,US06,2,10.0,0.3987685521538197,0.4802475902571373,aux_all_off,new_retraining
LFP,G4,US06,2,20.0,0.3051405297454943,0.3794608554432462,aux_all_off,new_retraining
LFP,G4,US06,2,25.0,0.3290401936681821,0.4203580422235353,aux_all_off,new_retraining
LFP,G4,US06,2,30.0,0.3170150450694549,0.3981863081030259,aux_all_off,new_retraining
LFP,G4,US06,2,40.0,0.4274816526503021,0.5395373585303906,aux_all_off,new_retraining
LFP,G4,US06,2,50.0,0.5114975707325927,0.6440679791241057,aux_all_off,new_retraining
LFP,T6,DST,0,-10.0,0.766697877229911,0.9571992788243034,aux_all_off,new_retraining
LFP,T6,DST,0,0.0,0.480099064605809,0.6305148847471667,aux_all_off,new_retraining
LFP,T6,DST,0,10.0,0.4333229275859279,0.5383202545351844,aux_all_off,new_retraining
LFP,T6,DST,0,20.0,0.3860124320342319,0.5039285439602232,aux_all_off,new_retraining
LFP,T6,DST,0,25.0,0.3249522587171196,0.4384234718212214,aux_all_off,new_retraining
LFP,T6,DST,0,30.0,0.3922039884108682,0.4906765489667264,aux_all_off,new_retraining
LFP,T6,DST,0,40.0,0.4338805435702046,0.5187734902163482,aux_all_off,new_retraining
LFP,T6,DST,0,50.0,0.4748898973677179,0.5573251777632906,aux_all_off,new_retraining
LFP,T6,DST,1,-10.0,0.6473334858046335,0.8456991773705258,aux_all_off,new_retraining
LFP,T6,DST,1,0.0,0.3672810727340888,0.4800774432001267,aux_all_off,new_retraining
LFP,T6,DST,1,10.0,0.3262390878118809,0.4176094201265292,aux_all_off,new_retraining
LFP,T6,DST,1,20.0,0.3304803571919287,0.4393249797935835,aux_all_off,new_retraining
LFP,T6,DST,1,25.0,0.2613357807674895,0.340420491042059,aux_all_off,new_retraining
LFP,T6,DST,1,30.0,0.3294418893926861,0.3930774386539478,aux_all_off,new_retraining
LFP,T6,DST,1,40.0,0.406632255634392,0.4630281938843782,aux_all_off,new_retraining
LFP,T6,DST,1,50.0,0.4708022084175053,0.5360016952586381,aux_all_off,new_retraining
LFP,T6,DST,2,-10.0,0.719879919159606,0.9865669674773802,aux_all_off,new_retraining
LFP,T6,DST,2,0.0,0.475199886248255,0.6292501183029368,aux_all_off,new_retraining
LFP,T6,DST,2,10.0,0.4031347318828877,0.5093928017762714,aux_all_off,new_retraining
LFP,T6,DST,2,20.0,0.4036313415329615,0.4993250509746941,aux_all_off,new_retraining
LFP,T6,DST,2,25.0,0.3744653851498279,0.4611810640248923,aux_all_off,new_retraining
LFP,T6,DST,2,30.0,0.4773636726190491,0.5511397461113355,aux_all_off,new_retraining
LFP,T6,DST,2,40.0,0.561791455341188,0.647347489915722,aux_all_off,new_retraining
LFP,T6,DST,2,50.0,0.65970457653218,0.7482406661073804,aux_all_off,new_retraining
LFP,T6,FUDS,0,-10.0,1.820152057402712,2.147658156247997,aux_all_off,new_retraining
LFP,T6,FUDS,0,0.0,0.9132945974011774,1.1284670823965368,aux_all_off,new_retraining
LFP,T6,FUDS,0,10.0,0.6889305296760563,0.8302069761294664,aux_all_off,new_retraining
LFP,T6,FUDS,0,20.0,0.4533659722792196,0.5851498217051486,aux_all_off,new_retraining
LFP,T6,FUDS,0,25.0,0.4551319123356293,0.5826036865770984,aux_all_off,new_retraining
LFP,T6,FUDS,0,30.0,0.4662913503849266,0.5914439076968665,aux_all_off,new_retraining
LFP,T6,FUDS,0,40.0,0.5166776786051291,0.6492583566636958,aux_all_off,new_retraining
LFP,T6,FUDS,0,50.0,0.6586674468373905,0.8215873491811361,aux_all_off,new_retraining
LFP,T6,FUDS,1,-10.0,1.5795716016111456,1.9299255568118283,aux_all_off,new_retraining
LFP,T6,FUDS,1,0.0,0.7832673001614561,0.9832117944175808,aux_all_off,new_retraining
LFP,T6,FUDS,1,10.0,0.7987306288140671,0.9494041654098432,aux_all_off,new_retraining
LFP,T6,FUDS,1,20.0,0.5302347406253665,0.6554262685183383,aux_all_off,new_retraining
LFP,T6,FUDS,1,25.0,0.5163806523030432,0.6300037552050752,aux_all_off,new_retraining
LFP,T6,FUDS,1,30.0,0.4074351891031197,0.5166604540581716,aux_all_off,new_retraining
LFP,T6,FUDS,1,40.0,0.4243949634776455,0.555780373783277,aux_all_off,new_retraining
LFP,T6,FUDS,1,50.0,0.5457980847090818,0.7020581764699307,aux_all_off,new_retraining
LFP,T6,FUDS,2,-10.0,1.7649363334695125,2.116303207962405,aux_all_off,new_retraining
LFP,T6,FUDS,2,0.0,0.9325053926346032,1.1857174688108791,aux_all_off,new_retraining
LFP,T6,FUDS,2,10.0,0.7995707953762353,0.9483062192194136,aux_all_off,new_retraining
LFP,T6,FUDS,2,20.0,0.5730225449842425,0.7023803762710131,aux_all_off,new_retraining
LFP,T6,FUDS,2,25.0,0.5606005235104455,0.6789192468556116,aux_all_off,new_retraining
LFP,T6,FUDS,2,30.0,0.4431632816654549,0.5681968733708546,aux_all_off,new_retraining
LFP,T6,FUDS,2,40.0,0.4394579636716545,0.5745417226409828,aux_all_off,new_retraining
LFP,T6,FUDS,2,50.0,0.5556773359383169,0.7124205754254431,aux_all_off,new_retraining
LFP,T6,US06,0,-10.0,2.451541970871718,2.664965708989494,aux_all_off,new_retraining
LFP,T6,US06,0,0.0,1.1298840497983431,1.2353449357722956,aux_all_off,new_retraining
LFP,T6,US06,0,10.0,0.7896340972551075,0.9137049457083504,aux_all_off,new_retraining
LFP,T6,US06,0,20.0,0.5417171612780083,0.6348862048222431,aux_all_off,new_retraining
LFP,T6,US06,0,25.0,0.3336356289482006,0.4163454493440542,aux_all_off,new_retraining
LFP,T6,US06,0,30.0,0.3261719232803623,0.4162581552896716,aux_all_off,new_retraining
LFP,T6,US06,0,40.0,0.2377155408462728,0.3325410020760442,aux_all_off,new_retraining
LFP,T6,US06,0,50.0,0.3064023235529041,0.3906833505658759,aux_all_off,new_retraining
LFP,T6,US06,1,-10.0,2.127393300734848,2.3106516427074864,aux_all_off,new_retraining
LFP,T6,US06,1,0.0,0.8461771923110468,0.9114445137145192,aux_all_off,new_retraining
LFP,T6,US06,1,10.0,0.57637778330792,0.683706503084283,aux_all_off,new_retraining
LFP,T6,US06,1,20.0,0.3937167849118108,0.4852501319184055,aux_all_off,new_retraining
LFP,T6,US06,1,25.0,0.2884728030517878,0.3647000323083623,aux_all_off,new_retraining
LFP,T6,US06,1,30.0,0.2768994337806389,0.3712664121459426,aux_all_off,new_retraining
LFP,T6,US06,1,40.0,0.2990666806823859,0.4045561556168111,aux_all_off,new_retraining
LFP,T6,US06,1,50.0,0.4062984417233995,0.5212577019853121,aux_all_off,new_retraining
LFP,T6,US06,2,-10.0,2.042255088188369,2.248182405367942,aux_all_off,new_retraining
LFP,T6,US06,2,0.0,0.7908128108739624,0.90902610447141,aux_all_off,new_retraining
LFP,T6,US06,2,10.0,0.5579417503587165,0.6990687885738281,aux_all_off,new_retraining
LFP,T6,US06,2,20.0,0.3738478807345465,0.4750964277806815,aux_all_off,new_retraining
LFP,T6,US06,2,25.0,0.2888841337735209,0.3806822334697642,aux_all_off,new_retraining
LFP,T6,US06,2,30.0,0.2746229324000663,0.3740214635694239,aux_all_off,new_retraining
LFP,T6,US06,2,40.0,0.3032822429167712,0.4057293534494449,aux_all_off,new_retraining
LFP,T6,US06,2,50.0,0.3924128311011414,0.4940112581158036,aux_all_off,new_retraining
LFP,G4,DST,0,-10.0,0.7101382863100301,0.8404328611957066,aux_on_locked_reference,locked_existing_result
LFP,G4,DST,0,0.0,0.451089123917598,0.5365248880846006,aux_on_locked_reference,locked_existing_result
LFP,G4,DST,0,10.0,0.394598075563954,0.494957651391461,aux_on_locked_reference,locked_existing_result
LFP,G4,DST,0,20.0,0.4296808687162228,0.5376787488209469,aux_on_locked_reference,locked_existing_result
LFP,G4,DST,0,25.0,0.4096516642288393,0.5074579021910189,aux_on_locked_reference,locked_existing_result
LFP,G4,DST,0,30.0,0.4927365258265503,0.5935618911264914,aux_on_locked_reference,locked_existing_result
LFP,G4,DST,0,40.0,0.5824978752556533,0.6723304381789473,aux_on_locked_reference,locked_existing_result
LFP,G4,DST,0,50.0,0.628979855586931,0.7391765211322678,aux_on_locked_reference,locked_existing_result
LFP,G4,DST,1,-10.0,0.7044926254432773,0.8596676752643818,aux_on_locked_reference,locked_existing_result
LFP,G4,DST,1,0.0,0.4762789170578704,0.5691317271733402,aux_on_locked_reference,locked_existing_result
LFP,G4,DST,1,10.0,0.4059054327289167,0.5188179093987364,aux_on_locked_reference,locked_existing_result
LFP,G4,DST,1,20.0,0.401029305448866,0.5090687710082046,aux_on_locked_reference,locked_existing_result
LFP,G4,DST,1,25.0,0.3076069438729493,0.4134367583046376,aux_on_locked_reference,locked_existing_result
LFP,G4,DST,1,30.0,0.3388551942486996,0.4425738135486521,aux_on_locked_reference,locked_existing_result
LFP,G4,DST,1,40.0,0.451865051346114,0.5565158156544007,aux_on_locked_reference,locked_existing_result
LFP,G4,DST,1,50.0,0.5814829599350912,0.7154803502773883,aux_on_locked_reference,locked_existing_result
LFP,G4,DST,2,-10.0,0.6665689783542637,0.8440195307118734,aux_on_locked_reference,locked_existing_result
LFP,G4,DST,2,0.0,0.4495398641937123,0.5350247937301966,aux_on_locked_reference,locked_existing_result
LFP,G4,DST,2,10.0,0.3760537421647387,0.4558206889222324,aux_on_locked_reference,locked_existing_result
LFP,G4,DST,2,20.0,0.3516103927511337,0.4415206587697768,aux_on_locked_reference,locked_existing_result
LFP,G4,DST,2,25.0,0.3140087482104749,0.3951239161006649,aux_on_locked_reference,locked_existing_result
LFP,G4,DST,2,30.0,0.3747713483568619,0.462005169097344,aux_on_locked_reference,locked_existing_result
LFP,G4,DST,2,40.0,0.4969711301777029,0.5912645120269365,aux_on_locked_reference,locked_existing_result
LFP,G4,DST,2,50.0,0.6273069320622121,0.7587332504210895,aux_on_locked_reference,locked_existing_result
LFP,G4,FUDS,0,-10.0,0.9175449392376072,1.04073228101576,aux_on_locked_reference,locked_existing_result
LFP,G4,FUDS,0,0.0,0.5027677271747795,0.6315838203708561,aux_on_locked_reference,locked_existing_result
LFP,G4,FUDS,0,10.0,0.4514424520040777,0.5912855715800854,aux_on_locked_reference,locked_existing_result
LFP,G4,FUDS,0,20.0,0.4399693921642116,0.5901930372107165,aux_on_locked_reference,locked_existing_result
LFP,G4,FUDS,0,25.0,0.4515253812192682,0.5969899916545054,aux_on_locked_reference,locked_existing_result
LFP,G4,FUDS,0,30.0,0.5422581204276028,0.6830620280311898,aux_on_locked_reference,locked_existing_result
LFP,G4,FUDS,0,40.0,0.6261904854938508,0.7527073947123619,aux_on_locked_reference,locked_existing_result
LFP,G4,FUDS,0,50.0,0.7517686799434503,0.8794382931589658,aux_on_locked_reference,locked_existing_result
LFP,G4,FUDS,1,-10.0,0.9690950146308468,1.158162546654131,aux_on_locked_reference,locked_existing_result
LFP,G4,FUDS,1,0.0,0.5625008586834253,0.7184860070804406,aux_on_locked_reference,locked_existing_result
LFP,G4,FUDS,1,10.0,0.59456537972317,0.7102267965135458,aux_on_locked_reference,locked_existing_result
LFP,G4,FUDS,1,20.0,0.4365512627143665,0.5597462086162928,aux_on_locked_reference,locked_existing_result
LFP,G4,FUDS,1,25.0,0.4325171987264514,0.5781559242970411,aux_on_locked_reference,locked_existing_result
LFP,G4,FUDS,1,30.0,0.4051695969743923,0.5223884962746329,aux_on_locked_reference,locked_existing_result
LFP,G4,FUDS,1,40.0,0.4716211334929743,0.598040616157171,aux_on_locked_reference,locked_existing_result
LFP,G4,FUDS,1,50.0,0.5790329373442252,0.6986277984667566,aux_on_locked_reference,locked_existing_result
LFP,G4,FUDS,2,-10.0,1.1136785390813504,1.2390614346122963,aux_on_locked_reference,locked_existing_result
LFP,G4,FUDS,2,0.0,0.6551275540835894,0.7510521045183954,aux_on_locked_reference,locked_existing_result
LFP,G4,FUDS,2,10.0,0.5528860665372831,0.6667034785460011,aux_on_locked_reference,locked_existing_result
LFP,G4,FUDS,2,20.0,0.3906368128035475,0.5066102987068216,aux_on_locked_reference,locked_existing_result
LFP,G4,FUDS,2,25.0,0.4462875890777392,0.5690063625975764,aux_on_locked_reference,locked_existing_result
LFP,G4,FUDS,2,30.0,0.4552598287724991,0.5850754174039973,aux_on_locked_reference,locked_existing_result
LFP,G4,FUDS,2,40.0,0.5695183797413996,0.6945408944247072,aux_on_locked_reference,locked_existing_result
LFP,G4,FUDS,2,50.0,0.7738746591380158,0.928776402349362,aux_on_locked_reference,locked_existing_result
LFP,G4,US06,0,-10.0,1.6756532027494362,1.9796206804229255,aux_on_locked_reference,locked_existing_result
LFP,G4,US06,0,0.0,0.5961443890659404,0.7116322001040928,aux_on_locked_reference,locked_existing_result
LFP,G4,US06,0,10.0,0.4031301873815135,0.5210770097380861,aux_on_locked_reference,locked_existing_result
LFP,G4,US06,0,20.0,0.3181695544314151,0.3870430874172558,aux_on_locked_reference,locked_existing_result
LFP,G4,US06,0,25.0,0.3181815768641133,0.4069475627046686,aux_on_locked_reference,locked_existing_result
LFP,G4,US06,0,30.0,0.2886528936578407,0.3911626328737407,aux_on_locked_reference,locked_existing_result
LFP,G4,US06,0,40.0,0.340998449150822,0.4300529849864692,aux_on_locked_reference,locked_existing_result
LFP,G4,US06,0,50.0,0.3674293348399222,0.4461154087799096,aux_on_locked_reference,locked_existing_result
LFP,G4,US06,1,-10.0,1.7798485885254585,2.0991103470484043,aux_on_locked_reference,locked_existing_result
LFP,G4,US06,1,0.0,0.6337487548446289,0.7600587909527952,aux_on_locked_reference,locked_existing_result
LFP,G4,US06,1,10.0,0.4489041728641651,0.5489188150515708,aux_on_locked_reference,locked_existing_result
LFP,G4,US06,1,20.0,0.2677870085681854,0.3267525936660337,aux_on_locked_reference,locked_existing_result
LFP,G4,US06,1,25.0,0.2763115469264929,0.3376124875032038,aux_on_locked_reference,locked_existing_result
LFP,G4,US06,1,30.0,0.2406345414340401,0.3162574538404883,aux_on_locked_reference,locked_existing_result
LFP,G4,US06,1,40.0,0.327320152642947,0.4062150394837939,aux_on_locked_reference,locked_existing_result
LFP,G4,US06,1,50.0,0.3979102388535275,0.4997416201531102,aux_on_locked_reference,locked_existing_result
LFP,G4,US06,2,-10.0,1.7304531302081076,2.111748645210269,aux_on_locked_reference,locked_existing_result
LFP,G4,US06,2,0.0,0.6467507059160317,0.7854592136963467,aux_on_locked_reference,locked_existing_result
LFP,G4,US06,2,10.0,0.3671601638408335,0.4753956821498806,aux_on_locked_reference,locked_existing_result
LFP,G4,US06,2,20.0,0.2937812381529394,0.3623081857222765,aux_on_locked_reference,locked_existing_result
LFP,G4,US06,2,25.0,0.286667013554885,0.362421547279835,aux_on_locked_reference,locked_existing_result
LFP,G4,US06,2,30.0,0.2411689069756977,0.3110672547145648,aux_on_locked_reference,locked_existing_result
LFP,G4,US06,2,40.0,0.3158343199527625,0.4083802171570949,aux_on_locked_reference,locked_existing_result
LFP,G4,US06,2,50.0,0.4178714725393603,0.5519672395353993,aux_on_locked_reference,locked_existing_result
LFP,T6,DST,0,-10.0,0.624957499098755,0.7725730478402151,aux_on_locked_reference,locked_existing_result
LFP,T6,DST,0,0.0,0.4149265329334944,0.5178404605504272,aux_on_locked_reference,locked_existing_result
LFP,T6,DST,0,10.0,0.4205347446913129,0.5114717569961504,aux_on_locked_reference,locked_existing_result
LFP,T6,DST,0,20.0,0.3990807939502599,0.4953631326199257,aux_on_locked_reference,locked_existing_result
LFP,T6,DST,0,25.0,0.3929796660593061,0.4919516693383757,aux_on_locked_reference,locked_existing_result
LFP,T6,DST,0,30.0,0.4193907064056706,0.5209813252670592,aux_on_locked_reference,locked_existing_result
LFP,T6,DST,0,40.0,0.5084657743200508,0.5961970198554558,aux_on_locked_reference,locked_existing_result
LFP,T6,DST,0,50.0,0.5654884156389809,0.6474850648964936,aux_on_locked_reference,locked_existing_result
LFP,T6,DST,1,-10.0,0.7069798845730174,0.9058684918077294,aux_on_locked_reference,locked_existing_result
LFP,T6,DST,1,0.0,0.4368697841062733,0.588170450895536,aux_on_locked_reference,locked_existing_result
LFP,T6,DST,1,10.0,0.3827230822834855,0.4728113949903259,aux_on_locked_reference,locked_existing_result
LFP,T6,DST,1,20.0,0.349777343682688,0.4542959338359668,aux_on_locked_reference,locked_existing_result
LFP,T6,DST,1,25.0,0.3139484032921362,0.4048460013014041,aux_on_locked_reference,locked_existing_result
LFP,T6,DST,1,30.0,0.3363312347189142,0.4304081891045886,aux_on_locked_reference,locked_existing_result
LFP,T6,DST,1,40.0,0.3438227326866419,0.4392027584013092,aux_on_locked_reference,locked_existing_result
LFP,T6,DST,1,50.0,0.3966317229872206,0.505559141937636,aux_on_locked_reference,locked_existing_result
LFP,T6,DST,2,-10.0,0.8001145341904138,0.9752522507793484,aux_on_locked_reference,locked_existing_result
LFP,T6,DST,2,0.0,0.5071271468345381,0.6045756241082039,aux_on_locked_reference,locked_existing_result
LFP,T6,DST,2,10.0,0.4408879268900155,0.5304354347387886,aux_on_locked_reference,locked_existing_result
LFP,T6,DST,2,20.0,0.414030762917745,0.530137857544961,aux_on_locked_reference,locked_existing_result
LFP,T6,DST,2,25.0,0.3343378574018482,0.4319947103301972,aux_on_locked_reference,locked_existing_result
LFP,T6,DST,2,30.0,0.3658565322015076,0.4589243924699671,aux_on_locked_reference,locked_existing_result
LFP,T6,DST,2,40.0,0.4138181833894055,0.50465795098021,aux_on_locked_reference,locked_existing_result
LFP,T6,DST,2,50.0,0.5255588131503969,0.6148034081725348,aux_on_locked_reference,locked_existing_result
LFP,T6,FUDS,0,-10.0,1.6510977182624138,2.078401229786053,aux_on_locked_reference,locked_existing_result
LFP,T6,FUDS,0,0.0,0.7866835645523673,1.0413769299518745,aux_on_locked_reference,locked_existing_result
LFP,T6,FUDS,0,10.0,0.5941402197325608,0.7975390937843253,aux_on_locked_reference,locked_existing_result
LFP,T6,FUDS,0,20.0,0.4447201915174735,0.6085187980494796,aux_on_locked_reference,locked_existing_result
LFP,T6,FUDS,0,25.0,0.4700657384701314,0.6293613151102638,aux_on_locked_reference,locked_existing_result
LFP,T6,FUDS,0,30.0,0.5429719289573637,0.6570604579714354,aux_on_locked_reference,locked_existing_result
LFP,T6,FUDS,0,40.0,0.5954541411433408,0.7259369082723836,aux_on_locked_reference,locked_existing_result
LFP,T6,FUDS,0,50.0,0.676002080914837,0.8512834821386985,aux_on_locked_reference,locked_existing_result
LFP,T6,FUDS,1,-10.0,1.574544545234554,2.052304520765549,aux_on_locked_reference,locked_existing_result
LFP,T6,FUDS,1,0.0,0.7953775502415072,1.066108806608823,aux_on_locked_reference,locked_existing_result
LFP,T6,FUDS,1,10.0,0.6701161898433814,0.873806352891803,aux_on_locked_reference,locked_existing_result
LFP,T6,FUDS,1,20.0,0.4359637248728222,0.6114584203135238,aux_on_locked_reference,locked_existing_result
LFP,T6,FUDS,1,25.0,0.4431813169857297,0.6064161935431303,aux_on_locked_reference,locked_existing_result
LFP,T6,FUDS,1,30.0,0.4982014306416394,0.607724351478946,aux_on_locked_reference,locked_existing_result
LFP,T6,FUDS,1,40.0,0.6071427758589638,0.7355456264861745,aux_on_locked_reference,locked_existing_result
LFP,T6,FUDS,1,50.0,0.7287929307051393,0.8921610488725943,aux_on_locked_reference,locked_existing_result
LFP,T6,FUDS,2,-10.0,1.5267712644486426,2.02899085772988,aux_on_locked_reference,locked_existing_result
LFP,T6,FUDS,2,0.0,0.7985228218796094,1.1108520663142936,aux_on_locked_reference,locked_existing_result
LFP,T6,FUDS,2,10.0,0.5921179846538266,0.8193146732352299,aux_on_locked_reference,locked_existing_result
LFP,T6,FUDS,2,20.0,0.4749061703961509,0.623562739091218,aux_on_locked_reference,locked_existing_result
LFP,T6,FUDS,2,25.0,0.4832731249813303,0.6198033958008475,aux_on_locked_reference,locked_existing_result
LFP,T6,FUDS,2,30.0,0.5621566891073939,0.6708581417965865,aux_on_locked_reference,locked_existing_result
LFP,T6,FUDS,2,40.0,0.626827847484194,0.7790809137753868,aux_on_locked_reference,locked_existing_result
LFP,T6,FUDS,2,50.0,0.7581141959415393,0.9383165408894883,aux_on_locked_reference,locked_existing_result
LFP,T6,US06,0,-10.0,2.1173627842442637,2.4029357622205065,aux_on_locked_reference,locked_existing_result
LFP,T6,US06,0,0.0,0.925934326201247,1.0542206432448031,aux_on_locked_reference,locked_existing_result
LFP,T6,US06,0,10.0,0.6893037243408275,0.8192953522279783,aux_on_locked_reference,locked_existing_result
LFP,T6,US06,0,20.0,0.4449797644373586,0.5387262413878813,aux_on_locked_reference,locked_existing_result
LFP,T6,US06,0,25.0,0.3032082032798409,0.385658591910865,aux_on_locked_reference,locked_existing_result
LFP,T6,US06,0,30.0,0.2957511596262721,0.3958066976557129,aux_on_locked_reference,locked_existing_result
LFP,T6,US06,0,40.0,0.3787706509873093,0.4954322231016865,aux_on_locked_reference,locked_existing_result
LFP,T6,US06,0,50.0,0.5432682401883328,0.6561332714487155,aux_on_locked_reference,locked_existing_result
LFP,T6,US06,1,-10.0,1.8753304761887728,2.0563983683730824,aux_on_locked_reference,locked_existing_result
LFP,T6,US06,1,0.0,0.8733491619160285,0.9505626036615888,aux_on_locked_reference,locked_existing_result
LFP,T6,US06,1,10.0,0.6614004004421605,0.7739639674407734,aux_on_locked_reference,locked_existing_result
LFP,T6,US06,1,20.0,0.4864229017982588,0.5906196508568442,aux_on_locked_reference,locked_existing_result
LFP,T6,US06,1,25.0,0.3115083554195543,0.4153815296558756,aux_on_locked_reference,locked_existing_result
LFP,T6,US06,1,30.0,0.3221321702603554,0.4284042996965372,aux_on_locked_reference,locked_existing_result
LFP,T6,US06,1,40.0,0.2981204521160381,0.3950741253745685,aux_on_locked_reference,locked_existing_result
LFP,T6,US06,1,50.0,0.3395952891606571,0.4426087076516248,aux_on_locked_reference,locked_existing_result
LFP,T6,US06,2,-10.0,2.201329323589814,2.445197322448988,aux_on_locked_reference,locked_existing_result
LFP,T6,US06,2,0.0,0.930717521498591,1.025089429655197,aux_on_locked_reference,locked_existing_result
LFP,T6,US06,2,10.0,0.6109869673292155,0.7253098711838748,aux_on_locked_reference,locked_existing_result
LFP,T6,US06,2,20.0,0.43218282996033,0.5440965564072721,aux_on_locked_reference,locked_existing_result
LFP,T6,US06,2,25.0,0.3072857546129873,0.4141675424441112,aux_on_locked_reference,locked_existing_result
LFP,T6,US06,2,30.0,0.3254525253074247,0.4460095814262845,aux_on_locked_reference,locked_existing_result
LFP,T6,US06,2,40.0,0.3577903637674344,0.4745753685011736,aux_on_locked_reference,locked_existing_result
LFP,T6,US06,2,50.0,0.4556747016242007,0.5693505474952673,aux_on_locked_reference,locked_existing_result
NMC,G4,DST,0,0.0,0.4005424833971882,0.5077910144351122,anchor_only,new_retraining
NMC,G4,DST,0,25.0,0.3049982437526372,0.3629350416132847,anchor_only,new_retraining
NMC,G4,DST,0,45.0,0.2497490879060532,0.3398650405022767,anchor_only,new_retraining
NMC,G4,DST,1,0.0,0.3078040303900212,0.3964561356972051,anchor_only,new_retraining
NMC,G4,DST,1,25.0,0.3791767406138875,0.4289845945639484,anchor_only,new_retraining
NMC,G4,DST,1,45.0,0.1876811555415881,0.3068455332181494,anchor_only,new_retraining
NMC,G4,DST,2,0.0,0.3593959343486205,0.4710871400215309,anchor_only,new_retraining
NMC,G4,DST,2,25.0,0.2883158305626767,0.3410724190281672,anchor_only,new_retraining
NMC,G4,DST,2,45.0,0.2114595661476843,0.2810163569805723,anchor_only,new_retraining
NMC,G4,FUDS,0,0.0,0.4238420007736891,0.5374791732950737,anchor_only,new_retraining
NMC,G4,FUDS,0,25.0,0.2699090423418173,0.3420687492945279,anchor_only,new_retraining
NMC,G4,FUDS,0,45.0,0.2780422600499602,0.3725853655912802,anchor_only,new_retraining
NMC,G4,FUDS,1,0.0,0.4304747375105942,0.5685120907170084,anchor_only,new_retraining
NMC,G4,FUDS,1,25.0,0.2730849281899319,0.3567623084320485,anchor_only,new_retraining
NMC,G4,FUDS,1,45.0,0.2431122288963816,0.3193534676497175,anchor_only,new_retraining
NMC,G4,FUDS,2,0.0,0.445243077486488,0.580076505844719,anchor_only,new_retraining
NMC,G4,FUDS,2,25.0,0.2763575362433755,0.3539929386482774,anchor_only,new_retraining
NMC,G4,FUDS,2,45.0,0.28480349751018,0.3639663738761209,anchor_only,new_retraining
NMC,G4,US06,0,0.0,0.4761873746896414,0.6321612508697283,anchor_only,new_retraining
NMC,G4,US06,0,25.0,0.4236861372384244,0.6460279585626981,anchor_only,new_retraining
NMC,G4,US06,0,45.0,0.1739062578600015,0.2685565260683261,anchor_only,new_retraining
NMC,G4,US06,1,0.0,0.4961498163037849,0.6392852910288154,anchor_only,new_retraining
NMC,G4,US06,1,25.0,0.3583646091981123,0.6033012526207392,anchor_only,new_retraining
NMC,G4,US06,1,45.0,0.2365516367517531,0.3637066752254539,anchor_only,new_retraining
NMC,G4,US06,2,0.0,0.4941070798875721,0.634097174520481,anchor_only,new_retraining
NMC,G4,US06,2,25.0,0.4091614849782037,0.5877204686463198,anchor_only,new_retraining
NMC,G4,US06,2,45.0,0.1658601088627286,0.2215350930776349,anchor_only,new_retraining
NMC,T6,DST,0,0.0,0.3839228318748305,0.4668227592009867,anchor_only,new_retraining
NMC,T6,DST,0,25.0,0.3535415744673245,0.4274399496304746,anchor_only,new_retraining
NMC,T6,DST,0,45.0,0.1642754712352642,0.1928026232908597,anchor_only,new_retraining
NMC,T6,DST,1,0.0,0.3434858988246527,0.4324673551017723,anchor_only,new_retraining
NMC,T6,DST,1,25.0,0.2094186349118969,0.2557108340858985,anchor_only,new_retraining
NMC,T6,DST,1,45.0,0.2439499213821567,0.2812246585315876,anchor_only,new_retraining
NMC,T6,DST,2,0.0,0.3367040825936582,0.42154195837545,anchor_only,new_retraining
NMC,T6,DST,2,25.0,0.2977564530619788,0.3492640555472106,anchor_only,new_retraining
NMC,T6,DST,2,45.0,0.2157707078782043,0.2646069225355512,anchor_only,new_retraining
NMC,T6,FUDS,0,0.0,0.4358799518277912,0.5645023336144475,anchor_only,new_retraining
NMC,T6,FUDS,0,25.0,0.313938666888362,0.389395867953752,anchor_only,new_retraining
NMC,T6,FUDS,0,45.0,0.2808868653355994,0.3858696443706819,anchor_only,new_retraining
NMC,T6,FUDS,1,0.0,0.4880876811697607,0.6044885190661762,anchor_only,new_retraining
NMC,T6,FUDS,1,25.0,0.2859429854106549,0.3707007190522255,anchor_only,new_retraining
NMC,T6,FUDS,1,45.0,0.2793944148682885,0.3845630684674899,anchor_only,new_retraining
NMC,T6,FUDS,2,0.0,0.4305671524818849,0.5736380894108761,anchor_only,new_retraining
NMC,T6,FUDS,2,25.0,0.292829926717997,0.3668903996734021,anchor_only,new_retraining
NMC,T6,FUDS,2,45.0,0.2852210461439489,0.3707471758513517,anchor_only,new_retraining
NMC,T6,US06,0,0.0,0.4675252003115206,0.5827276866484662,anchor_only,new_retraining
NMC,T6,US06,0,25.0,0.2146396461137318,0.4286808730986162,anchor_only,new_retraining
NMC,T6,US06,0,45.0,0.1534951407072122,0.1809674817138046,anchor_only,new_retraining
NMC,T6,US06,1,0.0,0.4549450653425572,0.5795407685232894,anchor_only,new_retraining
NMC,T6,US06,1,25.0,0.2345455409374637,0.4404451598583094,anchor_only,new_retraining
NMC,T6,US06,1,45.0,0.1402338199148983,0.1867921512882404,anchor_only,new_retraining
NMC,T6,US06,2,0.0,0.4440882268392255,0.5373481508775628,anchor_only,new_retraining
NMC,T6,US06,2,25.0,0.3320222257076432,0.4754168608858741,anchor_only,new_retraining
NMC,T6,US06,2,45.0,0.1243310446116469,0.1618468660566306,anchor_only,new_retraining
NMC,G4,DST,0,0.0,0.4423577867497067,0.5491437656573193,aux_all_off,new_retraining
NMC,G4,DST,0,25.0,0.3510658009414009,0.4253040680796429,aux_all_off,new_retraining
NMC,G4,DST,0,45.0,0.2076208490840279,0.3021663098010428,aux_all_off,new_retraining
NMC,G4,DST,1,0.0,0.4254632721623431,0.5578735031886137,aux_all_off,new_retraining
NMC,G4,DST,1,25.0,0.3334455290753599,0.4227227474227991,aux_all_off,new_retraining
NMC,G4,DST,1,45.0,0.238733088265838,0.3515587385234258,aux_all_off,new_retraining
NMC,G4,DST,2,0.0,0.4183246003195414,0.5560755299373734,aux_all_off,new_retraining
NMC,G4,DST,2,25.0,0.2664265220380848,0.3483173149986204,aux_all_off,new_retraining
NMC,G4,DST,2,45.0,0.270167942419946,0.3432941798645189,aux_all_off,new_retraining
NMC,G4,FUDS,0,0.0,0.6901964684109383,0.8585762052013517,aux_all_off,new_retraining
NMC,G4,FUDS,0,25.0,0.4139473437615238,0.5438103616322372,aux_all_off,new_retraining
NMC,G4,FUDS,0,45.0,0.4160278498575541,0.5449766864636878,aux_all_off,new_retraining
NMC,G4,FUDS,1,0.0,0.603917667549277,0.8201089461688874,aux_all_off,new_retraining
NMC,G4,FUDS,1,25.0,0.3940751746244256,0.5140092694161834,aux_all_off,new_retraining
NMC,G4,FUDS,1,45.0,0.4042192908718125,0.5299088024992517,aux_all_off,new_retraining
NMC,G4,FUDS,2,0.0,0.4933696524848551,0.6437007079299604,aux_all_off,new_retraining
NMC,G4,FUDS,2,25.0,0.2840429093757207,0.3679035763807169,aux_all_off,new_retraining
NMC,G4,FUDS,2,45.0,0.5263533876011633,0.6735351244397231,aux_all_off,new_retraining
NMC,G4,US06,0,0.0,0.5218221263466944,0.6675203620916202,aux_all_off,new_retraining
NMC,G4,US06,0,25.0,0.3406066883766419,0.5599606307794684,aux_all_off,new_retraining
NMC,G4,US06,0,45.0,0.2332087552211886,0.2912427530159301,aux_all_off,new_retraining
NMC,G4,US06,1,0.0,0.6461508160593855,0.7819137566172119,aux_all_off,new_retraining
NMC,G4,US06,1,25.0,0.4448939217481414,0.6829513881787069,aux_all_off,new_retraining
NMC,G4,US06,1,45.0,0.3484502045526227,0.472334158264185,aux_all_off,new_retraining
NMC,G4,US06,2,0.0,0.6175847772852836,0.7473925357125327,aux_all_off,new_retraining
NMC,G4,US06,2,25.0,0.4395955235295838,0.730093354032184,aux_all_off,new_retraining
NMC,G4,US06,2,45.0,0.3092700944389128,0.4122381871194011,aux_all_off,new_retraining
NMC,T6,DST,0,0.0,0.3058765930172561,0.4368950441247404,aux_all_off,new_retraining
NMC,T6,DST,0,25.0,0.3554115839361738,0.4637263663680174,aux_all_off,new_retraining
NMC,T6,DST,0,45.0,0.1905939219952265,0.2582005202710117,aux_all_off,new_retraining
NMC,T6,DST,1,0.0,0.3605081351353262,0.5029346548495394,aux_all_off,new_retraining
NMC,T6,DST,1,25.0,0.2730093510187894,0.3348406908751162,aux_all_off,new_retraining
NMC,T6,DST,1,45.0,0.2150020160869935,0.3009199393886954,aux_all_off,new_retraining
NMC,T6,DST,2,0.0,0.4219383296898131,0.5656113197231104,aux_all_off,new_retraining
NMC,T6,DST,2,25.0,0.2186334791663375,0.2778948530384677,aux_all_off,new_retraining
NMC,T6,DST,2,45.0,0.3097168078479741,0.3518243284762506,aux_all_off,new_retraining
NMC,T6,FUDS,0,0.0,0.5809854834093073,0.706050177582301,aux_all_off,new_retraining
NMC,T6,FUDS,0,25.0,0.3513900069755175,0.4367469219098616,aux_all_off,new_retraining
NMC,T6,FUDS,0,45.0,0.3493421876987583,0.4364169776840865,aux_all_off,new_retraining
NMC,T6,FUDS,1,0.0,0.5118555597055277,0.6815428339470775,aux_all_off,new_retraining
NMC,T6,FUDS,1,25.0,0.25959212009451,0.3329025177302108,aux_all_off,new_retraining
NMC,T6,FUDS,1,45.0,0.2781314657092187,0.390741317026997,aux_all_off,new_retraining
NMC,T6,FUDS,2,0.0,0.4923643742962441,0.667002368349094,aux_all_off,new_retraining
NMC,T6,FUDS,2,25.0,0.2197446846221437,0.2909536121151782,aux_all_off,new_retraining
NMC,T6,FUDS,2,45.0,0.236969685280602,0.3180545219000265,aux_all_off,new_retraining
NMC,T6,US06,0,0.0,0.5295840980871906,0.6772370229817168,aux_all_off,new_retraining
NMC,T6,US06,0,25.0,0.3027894604341767,0.4792805410036185,aux_all_off,new_retraining
NMC,T6,US06,0,45.0,0.179625639565595,0.2205170455213816,aux_all_off,new_retraining
NMC,T6,US06,1,0.0,0.5526330606765286,0.7122670563721621,aux_all_off,new_retraining
NMC,T6,US06,1,25.0,0.2481808791143988,0.4513110546087649,aux_all_off,new_retraining
NMC,T6,US06,1,45.0,0.1668288518494596,0.2152973003225534,aux_all_off,new_retraining
NMC,T6,US06,2,0.0,0.5809612268103934,0.7421799334935365,aux_all_off,new_retraining
NMC,T6,US06,2,25.0,0.3230944120270571,0.4899549518838191,aux_all_off,new_retraining
NMC,T6,US06,2,45.0,0.1627145354847892,0.199155588815445,aux_all_off,new_retraining
NMC,G4,DST,0,0.0,0.4018895760395528,0.5120182548910516,aux_on_locked_reference,locked_existing_result
NMC,G4,DST,0,25.0,0.296269597945861,0.3537293909056105,aux_on_locked_reference,locked_existing_result
NMC,G4,DST,0,45.0,0.2492250171781698,0.3331575819000735,aux_on_locked_reference,locked_existing_result
NMC,G4,DST,1,0.0,0.3064426396762955,0.391652246364687,aux_on_locked_reference,locked_existing_result
NMC,G4,DST,1,25.0,0.3685146716792972,0.4160295445211145,aux_on_locked_reference,locked_existing_result
NMC,G4,DST,1,45.0,0.2008947167381717,0.3203338208362745,aux_on_locked_reference,locked_existing_result
NMC,G4,DST,2,0.0,0.3565476901120187,0.466754319685354,aux_on_locked_reference,locked_existing_result
NMC,G4,DST,2,25.0,0.2911278753175998,0.3420751564188646,aux_on_locked_reference,locked_existing_result
NMC,G4,DST,2,45.0,0.2229057889893445,0.2955494227364674,aux_on_locked_reference,locked_existing_result
NMC,G4,FUDS,0,0.0,0.4283444731841302,0.5416203188645449,aux_on_locked_reference,locked_existing_result
NMC,G4,FUDS,0,25.0,0.2689474736349874,0.3412837577385045,aux_on_locked_reference,locked_existing_result
NMC,G4,FUDS,0,45.0,0.2752193898397622,0.3671525692373779,aux_on_locked_reference,locked_existing_result
NMC,G4,FUDS,1,0.0,0.4269276180729458,0.5594846690028706,aux_on_locked_reference,locked_existing_result
NMC,G4,FUDS,1,25.0,0.2836587786793244,0.36763375783943,aux_on_locked_reference,locked_existing_result
NMC,G4,FUDS,1,45.0,0.2436060582952012,0.3116369335950756,aux_on_locked_reference,locked_existing_result
NMC,G4,FUDS,2,0.0,0.4480907452429863,0.5758140799548487,aux_on_locked_reference,locked_existing_result
NMC,G4,FUDS,2,25.0,0.2806025031553623,0.3575653694339442,aux_on_locked_reference,locked_existing_result
NMC,G4,FUDS,2,45.0,0.2748464914021883,0.3546404615413782,aux_on_locked_reference,locked_existing_result
NMC,G4,US06,0,0.0,0.4484943452372248,0.6045973435217311,aux_on_locked_reference,locked_existing_result
NMC,G4,US06,0,25.0,0.423780224103715,0.6398675423770175,aux_on_locked_reference,locked_existing_result
NMC,G4,US06,0,45.0,0.1674341236769355,0.2582507773091302,aux_on_locked_reference,locked_existing_result
NMC,G4,US06,1,0.0,0.4529338568957679,0.579295051249801,aux_on_locked_reference,locked_existing_result
NMC,G4,US06,1,25.0,0.3554677976712874,0.5991480653506939,aux_on_locked_reference,locked_existing_result
NMC,G4,US06,1,45.0,0.2215137650023752,0.3355819657597492,aux_on_locked_reference,locked_existing_result
NMC,G4,US06,2,0.0,0.4813375496275412,0.6157557948744947,aux_on_locked_reference,locked_existing_result
NMC,G4,US06,2,25.0,0.3961888477367423,0.5999623946876251,aux_on_locked_reference,locked_existing_result
NMC,G4,US06,2,45.0,0.1622050755795213,0.2202747445884824,aux_on_locked_reference,locked_existing_result
NMC,T6,DST,0,0.0,0.3895287927280224,0.4763518514971939,aux_on_locked_reference,locked_existing_result
NMC,T6,DST,0,25.0,0.3415432902749993,0.4139641166569751,aux_on_locked_reference,locked_existing_result
NMC,T6,DST,0,45.0,0.1615244195176357,0.1890099601384808,aux_on_locked_reference,locked_existing_result
NMC,T6,DST,1,0.0,0.3514347511093484,0.4359054348706624,aux_on_locked_reference,locked_existing_result
NMC,T6,DST,1,25.0,0.2097043921629046,0.2576440671569627,aux_on_locked_reference,locked_existing_result
NMC,T6,DST,1,45.0,0.244375185032306,0.2847272686192368,aux_on_locked_reference,locked_existing_result
NMC,T6,DST,2,0.0,0.3347162255558643,0.4179944551138682,aux_on_locked_reference,locked_existing_result
NMC,T6,DST,2,25.0,0.2903101415377966,0.3380524393097749,aux_on_locked_reference,locked_existing_result
NMC,T6,DST,2,45.0,0.2172040637468349,0.2696082264899689,aux_on_locked_reference,locked_existing_result
NMC,T6,FUDS,0,0.0,0.4428891593512849,0.5722663012450282,aux_on_locked_reference,locked_existing_result
NMC,T6,FUDS,0,25.0,0.3144464501002059,0.3912433237476722,aux_on_locked_reference,locked_existing_result
NMC,T6,FUDS,0,45.0,0.2832537108447109,0.3900353256574766,aux_on_locked_reference,locked_existing_result
NMC,T6,FUDS,1,0.0,0.4878846723659608,0.6030054372020749,aux_on_locked_reference,locked_existing_result
NMC,T6,FUDS,1,25.0,0.2869111331360048,0.3681062848935963,aux_on_locked_reference,locked_existing_result
NMC,T6,FUDS,1,45.0,0.282650948641697,0.3911933724589619,aux_on_locked_reference,locked_existing_result
NMC,T6,FUDS,2,0.0,0.4339770738519134,0.5795479813851496,aux_on_locked_reference,locked_existing_result
NMC,T6,FUDS,2,25.0,0.2908036672776455,0.365087237781477,aux_on_locked_reference,locked_existing_result
NMC,T6,FUDS,2,45.0,0.2821849440111442,0.367590465322649,aux_on_locked_reference,locked_existing_result
NMC,T6,US06,0,0.0,0.4525915203703103,0.5718282439448816,aux_on_locked_reference,locked_existing_result
NMC,T6,US06,0,25.0,0.2130003014037844,0.4214434968942804,aux_on_locked_reference,locked_existing_result
NMC,T6,US06,0,45.0,0.1504931064261563,0.1767005057380239,aux_on_locked_reference,locked_existing_result
NMC,T6,US06,1,0.0,0.4579506028586931,0.5892197256905881,aux_on_locked_reference,locked_existing_result
NMC,T6,US06,1,25.0,0.236262156949668,0.4460628346932958,aux_on_locked_reference,locked_existing_result
NMC,T6,US06,1,45.0,0.1330182378502226,0.1759179059842494,aux_on_locked_reference,locked_existing_result
NMC,T6,US06,2,0.0,0.4487248249553388,0.5454352662284405,aux_on_locked_reference,locked_existing_result
NMC,T6,US06,2,25.0,0.3266784099944503,0.4702845308726835,aux_on_locked_reference,locked_existing_result
NMC,T6,US06,2,45.0,0.1109275671541278,0.1485024350961325,aux_on_locked_reference,locked_existing_result
