chemistry,holdout,temperature_C,seed,record,reset_index,reset_soc_true,reset_band,time_to_1pct_s,recovered
LFP,DST,-10.0,0,LFP_-10C_DST.csv,1292,83.70679,gt65,2209.1318519999986,True
LFP,DST,-10.0,0,LFP_-10C_DST.csv,1535,80.09282,gt65,1966.512331,True
LFP,DST,-10.0,0,LFP_-10C_DST.csv,1679,78.572834,gt65,1827.8678060000002,True
LFP,DST,-10.0,0,LFP_-10C_DST.csv,2765,63.603370000000005,35to65,1097.0647600000011,True
LFP,DST,-10.0,0,LFP_-10C_DST.csv,3826,50.008553,35to65,396.1828500000006,True
LFP,DST,-10.0,0,LFP_-10C_DST.csv,4773,37.017151999999996,35to65,162.49625000000015,True
LFP,DST,-10.0,0,LFP_-10C_DST.csv,5027,32.94816,le35,,False
LFP,DST,-10.0,0,LFP_-10C_DST.csv,5054,32.94831,le35,49.15164000000004,True
LFP,DST,-10.0,0,LFP_-10C_DST.csv,5110,32.393699999999995,le35,147.54243999999926,True
LFP,DST,-10.0,1,LFP_-10C_DST.csv,1292,83.70679,gt65,1857.3624019999993,True
LFP,DST,-10.0,1,LFP_-10C_DST.csv,1535,80.09282,gt65,1620.7429709999997,True
LFP,DST,-10.0,1,LFP_-10C_DST.csv,1679,78.572834,gt65,1820.8375959999994,True
LFP,DST,-10.0,1,LFP_-10C_DST.csv,2765,63.603370000000005,35to65,1096.0647500000014,True
LFP,DST,-10.0,1,LFP_-10C_DST.csv,3826,50.008553,35to65,396.1828500000006,True
LFP,DST,-10.0,1,LFP_-10C_DST.csv,4773,37.017151999999996,35to65,511.3285599999999,True
LFP,DST,-10.0,1,LFP_-10C_DST.csv,5027,32.94816,le35,255.57155000000057,True
LFP,DST,-10.0,1,LFP_-10C_DST.csv,5054,32.94831,le35,49.15164000000004,True
LFP,DST,-10.0,1,LFP_-10C_DST.csv,5110,32.393699999999995,le35,171.62273999999888,True
LFP,DST,-10.0,2,LFP_-10C_DST.csv,1292,83.70679,gt65,2229.1820019999996,True
LFP,DST,-10.0,2,LFP_-10C_DST.csv,1535,80.09282,gt65,1985.5624709999993,True
LFP,DST,-10.0,2,LFP_-10C_DST.csv,1679,78.572834,gt65,1934.052276,True
LFP,DST,-10.0,2,LFP_-10C_DST.csv,2765,63.603370000000005,35to65,1473.2074900000007,True
LFP,DST,-10.0,2,LFP_-10C_DST.csv,3826,50.008553,35to65,771.9608300000004,True
LFP,DST,-10.0,2,LFP_-10C_DST.csv,4773,37.017151999999996,35to65,,False
LFP,DST,-10.0,2,LFP_-10C_DST.csv,5027,32.94816,le35,,False
LFP,DST,-10.0,2,LFP_-10C_DST.csv,5054,32.94831,le35,61.18179000000055,True
LFP,DST,-10.0,2,LFP_-10C_DST.csv,5110,32.393699999999995,le35,,False
LFP,DST,0.0,0,LFP_0C_DST.csv,256,96.336776,gt65,3611.2121740000002,True
LFP,DST,0.0,0,LFP_0C_DST.csv,387,95.06139999999999,gt65,3133.282204,True
LFP,DST,0.0,0,LFP_0C_DST.csv,507,93.847007,gt65,3012.754132,True
LFP,DST,0.0,0,LFP_0C_DST.csv,2740,64.380366,35to65,1478.17207,True
LFP,DST,0.0,0,LFP_0C_DST.csv,3214,56.8198,35to65,1004.6109219999998,True
LFP,DST,0.0,0,LFP_0C_DST.csv,3811,50.0961,35to65,421.25878299999886,True
LFP,DST,0.0,0,LFP_0C_DST.csv,5039,32.829803,le35,276.3418899999997,True
LFP,DST,0.0,0,LFP_0C_DST.csv,5108,32.27402,le35,207.02928000000065,True
LFP,DST,0.0,0,LFP_0C_DST.csv,5794,23.001793,le35,227.15153999999893,True
LFP,DST,0.0,1,LFP_0C_DST.csv,256,96.336776,gt65,3247.1117250000007,True
LFP,DST,0.0,1,LFP_0C_DST.csv,387,95.06139999999999,gt65,2763.2287289999995,True
LFP,DST,0.0,1,LFP_0C_DST.csv,507,93.847007,gt65,2651.7501489999995,True
LFP,DST,0.0,1,LFP_0C_DST.csv,2740,64.380366,35to65,1115.224166,True
LFP,DST,0.0,1,LFP_0C_DST.csv,3214,56.8198,35to65,658.744209,True
LFP,DST,0.0,1,LFP_0C_DST.csv,3811,50.0961,35to65,398.159482999999,True
LFP,DST,0.0,1,LFP_0C_DST.csv,5039,32.829803,le35,251.21677999999883,True
LFP,DST,0.0,1,LFP_0C_DST.csv,5108,32.27402,le35,184.92518999999993,True
LFP,DST,0.0,1,LFP_0C_DST.csv,5794,23.001793,le35,217.10681999999906,True
LFP,DST,0.0,2,LFP_0C_DST.csv,256,96.336776,gt65,3611.2121740000002,True
LFP,DST,0.0,2,LFP_0C_DST.csv,387,95.06139999999999,gt65,3137.2975510000006,True
LFP,DST,0.0,2,LFP_0C_DST.csv,507,93.847007,gt65,3355.7455310000005,True
LFP,DST,0.0,2,LFP_0C_DST.csv,2740,64.380366,35to65,1478.17207,True
LFP,DST,0.0,2,LFP_0C_DST.csv,3214,56.8198,35to65,1003.6050020000002,True
LFP,DST,0.0,2,LFP_0C_DST.csv,3811,50.0961,35to65,423.2687430000001,True
LFP,DST,0.0,2,LFP_0C_DST.csv,5039,32.829803,le35,277.3451699999987,True
LFP,DST,0.0,2,LFP_0C_DST.csv,5108,32.27402,le35,210.04442999999992,True
LFP,DST,0.0,2,LFP_0C_DST.csv,5794,23.001793,le35,212.06956999999966,True
LFP,DST,10.0,0,LFP_10C_DST.csv,422,94.54148,gt65,3462.197133,True
LFP,DST,10.0,0,LFP_10C_DST.csv,2178,70.746493,gt65,2059.2986090000004,True
LFP,DST,10.0,0,LFP_10C_DST.csv,2490,65.89829,gt65,1748.8120420000005,True
LFP,DST,10.0,0,LFP_10C_DST.csv,3525,51.53172,35to65,1793.0386660000004,True
LFP,DST,10.0,0,LFP_10C_DST.csv,4342,41.46325,35to65,221.1958199999999,True
LFP,DST,10.0,0,LFP_10C_DST.csv,4762,36.07519,35to65,191.99709000000075,True
LFP,DST,10.0,0,LFP_10C_DST.csv,5211,30.059618,le35,827.5704699999987,True
LFP,DST,10.0,0,LFP_10C_DST.csv,5868,21.06409,le35,524.7905699999992,True
LFP,DST,10.0,0,LFP_10C_DST.csv,5988,19.885242,le35,404.2104099999997,True
LFP,DST,10.0,1,LFP_10C_DST.csv,422,94.54148,gt65,3080.0117149999996,True
LFP,DST,10.0,1,LFP_10C_DST.csv,2178,70.746493,gt65,1677.2697230000008,True
LFP,DST,10.0,1,LFP_10C_DST.csv,2490,65.89829,gt65,1721.6656400000002,True
LFP,DST,10.0,1,LFP_10C_DST.csv,3525,51.53172,35to65,1764.8962960000008,True
LFP,DST,10.0,1,LFP_10C_DST.csv,4342,41.46325,35to65,151.8195680000008,True
LFP,DST,10.0,1,LFP_10C_DST.csv,4762,36.07519,35to65,165.86205000000064,True
LFP,DST,10.0,1,LFP_10C_DST.csv,5211,30.059618,le35,796.3945999999996,True
LFP,DST,10.0,1,LFP_10C_DST.csv,5868,21.06409,le35,496.6532499999994,True
LFP,DST,10.0,1,LFP_10C_DST.csv,5988,19.885242,le35,377.07810000000063,True
LFP,DST,10.0,2,LFP_10C_DST.csv,422,94.54148,gt65,3463.203086,True
LFP,DST,10.0,2,LFP_10C_DST.csv,2178,70.746493,gt65,2038.1857639999998,True
LFP,DST,10.0,2,LFP_10C_DST.csv,2490,65.89829,gt65,1748.8120420000005,True
LFP,DST,10.0,2,LFP_10C_DST.csv,3525,51.53172,35to65,1791.0246060000009,True
LFP,DST,10.0,2,LFP_10C_DST.csv,4342,41.46325,35to65,228.23038799999995,True
LFP,DST,10.0,2,LFP_10C_DST.csv,4762,36.07519,35to65,189.98941999999988,True
LFP,DST,10.0,2,LFP_10C_DST.csv,5211,30.059618,le35,868.8183199999994,True
LFP,DST,10.0,2,LFP_10C_DST.csv,5868,21.06409,le35,498.6642299999994,True
LFP,DST,10.0,2,LFP_10C_DST.csv,5988,19.885242,le35,378.0840699999999,True
LFP,DST,20.0,0,LFP_20C_DST.csv,489,94.108146,gt65,3757.287334999999,True
LFP,DST,20.0,0,LFP_20C_DST.csv,937,88.486177,gt65,3308.8187550000002,True
LFP,DST,20.0,0,LFP_20C_DST.csv,2094,71.41937,gt65,2598.446190999999,True
LFP,DST,20.0,0,LFP_20C_DST.csv,3250,57.108843,35to65,413.2295200000003,True
LFP,DST,20.0,0,LFP_20C_DST.csv,3762,50.791160000000005,35to65,932.2261589999994,True
LFP,DST,20.0,0,LFP_20C_DST.csv,4732,37.4697,35to65,946.8026329999993,True
LFP,DST,20.0,0,LFP_20C_DST.csv,5419,28.481823000000002,le35,346.96612000000005,True
LFP,DST,20.0,0,LFP_20C_DST.csv,6594,13.109905999999999,le35,500.46060000000034,True
LFP,DST,20.0,0,LFP_20C_DST.csv,7068,7.341480000000001,le35,49.20767999999953,True
LFP,DST,20.0,1,LFP_20C_DST.csv,489,94.108146,gt65,3391.7280889999997,True
LFP,DST,20.0,1,LFP_20C_DST.csv,937,88.486177,gt65,2942.2582070000003,True
LFP,DST,20.0,1,LFP_20C_DST.csv,2094,71.41937,gt65,2481.273256999999,True
LFP,DST,20.0,1,LFP_20C_DST.csv,3250,57.108843,35to65,315.76672900000085,True
LFP,DST,20.0,1,LFP_20C_DST.csv,3762,50.791160000000005,35to65,813.081882,True
LFP,DST,20.0,1,LFP_20C_DST.csv,4732,37.4697,35to65,920.7549330000002,True
LFP,DST,20.0,1,LFP_20C_DST.csv,5419,28.481823000000002,le35,234.80061000000023,True
LFP,DST,20.0,1,LFP_20C_DST.csv,6594,13.109905999999999,le35,133.46255999999994,True
LFP,DST,20.0,1,LFP_20C_DST.csv,7068,7.341480000000001,le35,49.20767999999953,True
LFP,DST,20.0,2,LFP_20C_DST.csv,489,94.108146,gt65,3726.172133,True
LFP,DST,20.0,2,LFP_20C_DST.csv,937,88.486177,gt65,3278.712249,True
LFP,DST,20.0,2,LFP_20C_DST.csv,2094,71.41937,gt65,2508.385838,True
LFP,DST,20.0,2,LFP_20C_DST.csv,3250,57.108843,35to65,627.3239950000007,True
LFP,DST,20.0,2,LFP_20C_DST.csv,3762,50.791160000000005,35to65,838.1745249999999,True
LFP,DST,20.0,2,LFP_20C_DST.csv,4732,37.4697,35to65,586.7181630000005,True
LFP,DST,20.0,2,LFP_20C_DST.csv,5419,28.481823000000002,le35,253.83612999999968,True
LFP,DST,20.0,2,LFP_20C_DST.csv,6594,13.109905999999999,le35,487.4167699999998,True
LFP,DST,20.0,2,LFP_20C_DST.csv,7068,7.341480000000001,le35,49.20767999999953,True
LFP,DST,25.0,0,LFP_25C_DST.csv,810,89.7675,gt65,3433.0137680000007,True
LFP,DST,25.0,0,LFP_25C_DST.csv,1260,83.78219999999999,gt65,2982.5160530000003,True
LFP,DST,25.0,0,LFP_25C_DST.csv,2010,74.24195,gt65,2513.943198,True
LFP,DST,25.0,0,LFP_25C_DST.csv,3558,52.25873599999999,35to65,678.763402999999,True
LFP,DST,25.0,0,LFP_25C_DST.csv,3747,50.928174999999996,35to65,943.3627830000005,True
LFP,DST,25.0,0,LFP_25C_DST.csv,3858,48.51394,35to65,1791.0804469999998,True
LFP,DST,25.0,0,LFP_25C_DST.csv,6113,18.872067,le35,324.8839200000002,True
LFP,DST,25.0,0,LFP_25C_DST.csv,6157,18.606138,le35,568.9878900000003,True
LFP,DST,25.0,0,LFP_25C_DST.csv,6752,9.560572,le35,350.05310999999983,True
LFP,DST,25.0,1,LFP_25C_DST.csv,810,89.7675,gt65,3069.949375,True
LFP,DST,25.0,1,LFP_25C_DST.csv,1260,83.78219999999999,gt65,2952.366799999999,True
LFP,DST,25.0,1,LFP_25C_DST.csv,2010,74.24195,gt65,2204.2313670000003,True
LFP,DST,25.0,1,LFP_25C_DST.csv,3558,52.25873599999999,35to65,650.6177769999995,True
LFP,DST,25.0,1,LFP_25C_DST.csv,3747,50.928174999999996,35to65,824.4778690000003,True
LFP,DST,25.0,1,LFP_25C_DST.csv,3858,48.51394,35to65,1462.117237,True
LFP,DST,25.0,1,LFP_25C_DST.csv,6113,18.872067,le35,320.8697200000006,True
LFP,DST,25.0,1,LFP_25C_DST.csv,6157,18.606138,le35,521.7685499999989,True
LFP,DST,25.0,1,LFP_25C_DST.csv,6752,9.560572,le35,345.02490000000034,True
LFP,DST,25.0,2,LFP_25C_DST.csv,810,89.7675,gt65,3404.872383,True
LFP,DST,25.0,2,LFP_25C_DST.csv,1260,83.78219999999999,gt65,2955.3775699999997,True
LFP,DST,25.0,2,LFP_25C_DST.csv,2010,74.24195,gt65,2227.352807,True
LFP,DST,25.0,2,LFP_25C_DST.csv,3558,52.25873599999999,35to65,668.7077669999999,True
LFP,DST,25.0,2,LFP_25C_DST.csv,3747,50.928174999999996,35to65,846.6100750000005,True
LFP,DST,25.0,2,LFP_25C_DST.csv,3858,48.51394,35to65,1461.1121670000007,True
LFP,DST,25.0,2,LFP_25C_DST.csv,6113,18.872067,le35,246.50941000000057,True
LFP,DST,25.0,2,LFP_25C_DST.csv,6157,18.606138,le35,242.20902999999998,True
LFP,DST,25.0,2,LFP_25C_DST.csv,6752,9.560572,le35,333.95416999999907,True
LFP,DST,30.0,0,LFP_30C_DST.csv,1275,84.01098999999999,gt65,2939.2548020000004,True
LFP,DST,30.0,0,LFP_30C_DST.csv,1303,83.76154,gt65,2912.1232919999993,True
LFP,DST,30.0,0,LFP_30C_DST.csv,2665,65.570176,gt65,1936.6613069999999,True
LFP,DST,30.0,0,LFP_30C_DST.csv,3313,56.875175,35to65,1283.9318400000002,True
LFP,DST,30.0,0,LFP_30C_DST.csv,3435,55.630919999999996,35to65,1162.3456500000011,True
LFP,DST,30.0,0,LFP_30C_DST.csv,4229,43.54005,35to65,1540.8566680000004,True
LFP,DST,30.0,0,LFP_30C_DST.csv,5650,25.795448,le35,1107.179259999999,True
LFP,DST,30.0,0,LFP_30C_DST.csv,5976,22.344695,le35,463.556059999999,True
LFP,DST,30.0,0,LFP_30C_DST.csv,6856,10.101994,le35,249.13846000000012,True
LFP,DST,30.0,1,LFP_30C_DST.csv,1275,84.01098999999999,gt65,846.5361039999998,True
LFP,DST,30.0,1,LFP_30C_DST.csv,1303,83.76154,gt65,819.4039049999992,True
LFP,DST,30.0,1,LFP_30C_DST.csv,2665,65.570176,gt65,1859.2957030000002,True
LFP,DST,30.0,1,LFP_30C_DST.csv,3313,56.875175,35to65,937.9622659999995,True
LFP,DST,30.0,1,LFP_30C_DST.csv,3435,55.630919999999996,35to65,911.2042000000001,True
LFP,DST,30.0,1,LFP_30C_DST.csv,4229,43.54005,35to65,1431.0270380000002,True
LFP,DST,30.0,1,LFP_30C_DST.csv,5650,25.795448,le35,785.3341899999996,True
LFP,DST,30.0,1,LFP_30C_DST.csv,5976,22.344695,le35,385.1861200000003,True
LFP,DST,30.0,1,LFP_30C_DST.csv,6856,10.101994,le35,254.1708499999986,True
LFP,DST,30.0,2,LFP_30C_DST.csv,1275,84.01098999999999,gt65,846.5361039999998,True
LFP,DST,30.0,2,LFP_30C_DST.csv,1303,83.76154,gt65,2912.1232919999993,True
LFP,DST,30.0,2,LFP_30C_DST.csv,2665,65.570176,gt65,1923.5999040000002,True
LFP,DST,30.0,2,LFP_30C_DST.csv,3313,56.875175,35to65,920.8923779999996,True
LFP,DST,30.0,2,LFP_30C_DST.csv,3435,55.630919999999996,35to65,1135.2162390000012,True
LFP,DST,30.0,2,LFP_30C_DST.csv,4229,43.54005,35to65,1446.0925480000005,True
LFP,DST,30.0,2,LFP_30C_DST.csv,5650,25.795448,le35,787.3403799999996,True
LFP,DST,30.0,2,LFP_30C_DST.csv,5976,22.344695,le35,420.34083999999893,True
LFP,DST,30.0,2,LFP_30C_DST.csv,6856,10.101994,le35,230.04550999999992,True
LFP,DST,40.0,0,LFP_40C_DST.csv,2136,71.81083000000001,gt65,2434.5169130000004,True
LFP,DST,40.0,0,LFP_40C_DST.csv,2626,66.156745,gt65,1972.9891159999997,True
LFP,DST,40.0,0,LFP_40C_DST.csv,2684,65.5411,gt65,1914.6506769999996,True
LFP,DST,40.0,0,LFP_40C_DST.csv,2916,62.13818,35to65,1681.3360060000005,True
LFP,DST,40.0,0,LFP_40C_DST.csv,2976,61.640125999999995,35to65,1622.0160429999996,True
LFP,DST,40.0,0,LFP_40C_DST.csv,4396,43.074175999999994,35to65,49.26350300000013,True
LFP,DST,40.0,0,LFP_40C_DST.csv,4946,34.569630000000004,le35,1128.2196160000012,True
LFP,DST,40.0,0,LFP_40C_DST.csv,5224,32.419986,le35,489.6817919999994,True
LFP,DST,40.0,0,LFP_40C_DST.csv,5529,28.381774,le35,475.67456800000036,True
LFP,DST,40.0,1,LFP_40C_DST.csv,2136,71.81083000000001,gt65,2116.700277,True
LFP,DST,40.0,1,LFP_40C_DST.csv,2626,66.156745,gt65,1912.6151440000003,True
LFP,DST,40.0,1,LFP_40C_DST.csv,2684,65.5411,gt65,1850.2545040000005,True
LFP,DST,40.0,1,LFP_40C_DST.csv,2916,62.13818,35to65,1605.8872760000004,True
LFP,DST,40.0,1,LFP_40C_DST.csv,2976,61.640125999999995,35to65,1548.5744209999993,True
LFP,DST,40.0,1,LFP_40C_DST.csv,4396,43.074175999999994,35to65,162.9311630000002,True
LFP,DST,40.0,1,LFP_40C_DST.csv,4946,34.569630000000004,le35,870.8416560000005,True
LFP,DST,40.0,1,LFP_40C_DST.csv,5224,32.419986,le35,420.306372,True
LFP,DST,40.0,1,LFP_40C_DST.csv,5529,28.381774,le35,270.55594799999926,True
LFP,DST,40.0,2,LFP_40C_DST.csv,2136,71.81083000000001,gt65,2099.6294019999996,True
LFP,DST,40.0,2,LFP_40C_DST.csv,2626,66.156745,gt65,1962.9278050000003,True
LFP,DST,40.0,2,LFP_40C_DST.csv,2684,65.5411,gt65,1903.579202,True
LFP,DST,40.0,2,LFP_40C_DST.csv,2916,62.13818,35to65,1667.248224,True
LFP,DST,40.0,2,LFP_40C_DST.csv,2976,61.640125999999995,35to65,1608.9324029999998,True
LFP,DST,40.0,2,LFP_40C_DST.csv,4396,43.074175999999994,35to65,49.26350300000013,True
LFP,DST,40.0,2,LFP_40C_DST.csv,4946,34.569630000000004,le35,1090.0285660000009,True
LFP,DST,40.0,2,LFP_40C_DST.csv,5224,32.419986,le35,450.4830920000004,True
LFP,DST,40.0,2,LFP_40C_DST.csv,5529,28.381774,le35,470.63409800000045,True
LFP,DST,50.0,0,LFP_50C_DST.csv,1287,84.09123,gt65,826.6628090000002,True
LFP,DST,50.0,0,LFP_50C_DST.csv,1384,81.00295,gt65,2843.069790999999,True
LFP,DST,50.0,0,LFP_50C_DST.csv,2458,67.049253,gt65,2136.03265,True
LFP,DST,50.0,0,LFP_50C_DST.csv,3373,56.584095999999995,35to65,1217.8855299999996,True
LFP,DST,50.0,0,LFP_50C_DST.csv,4252,43.720594,35to65,743.0242769999995,True
LFP,DST,50.0,0,LFP_50C_DST.csv,4673,38.955602,35to65,63.699666000000434,True
LFP,DST,50.0,0,LFP_50C_DST.csv,4960,34.627829999999996,le35,754.134247,True
LFP,DST,50.0,0,LFP_50C_DST.csv,5269,32.158592000000006,le35,446.1338480000013,True
LFP,DST,50.0,0,LFP_50C_DST.csv,6825,10.768914,le35,48.75462999999945,True
LFP,DST,50.0,1,LFP_50C_DST.csv,1287,84.09123,gt65,720.1430890000004,True
LFP,DST,50.0,1,LFP_50C_DST.csv,1384,81.00295,gt65,2534.419034,True
LFP,DST,50.0,1,LFP_50C_DST.csv,2458,67.049253,gt65,2096.882470999999,True
LFP,DST,50.0,1,LFP_50C_DST.csv,3373,56.584095999999995,35to65,1159.6140300000006,True
LFP,DST,50.0,1,LFP_50C_DST.csv,4252,43.720594,35to65,756.0657889999993,True
LFP,DST,50.0,1,LFP_50C_DST.csv,4673,38.955602,35to65,48.60823600000003,True
LFP,DST,50.0,1,LFP_50C_DST.csv,4960,34.627829999999996,le35,624.5095299999994,True
LFP,DST,50.0,1,LFP_50C_DST.csv,5269,32.158592000000006,le35,443.12257800000043,True
LFP,DST,50.0,1,LFP_50C_DST.csv,6825,10.768914,le35,98.00752999999895,True
LFP,DST,50.0,2,LFP_50C_DST.csv,1287,84.09123,gt65,671.9052360000003,True
LFP,DST,50.0,2,LFP_50C_DST.csv,1384,81.00295,gt65,730.2995249999994,True
LFP,DST,50.0,2,LFP_50C_DST.csv,2458,67.049253,gt65,2126.0025829999995,True
LFP,DST,50.0,2,LFP_50C_DST.csv,3373,56.584095999999995,35to65,1205.8454590000001,True
LFP,DST,50.0,2,LFP_50C_DST.csv,4252,43.720594,35to65,748.0355650000001,True
LFP,DST,50.0,2,LFP_50C_DST.csv,4673,38.955602,35to65,261.51741200000106,True
LFP,DST,50.0,2,LFP_50C_DST.csv,4960,34.627829999999996,le35,720.0139680000002,True
LFP,DST,50.0,2,LFP_50C_DST.csv,5269,32.158592000000006,le35,445.13259800000014,True
LFP,DST,50.0,2,LFP_50C_DST.csv,6825,10.768914,le35,48.75462999999945,True
LFP,FUDS,-10.0,0,LFP_-10C_FUDS.csv,117,98.43499,gt65,2837.2239499999996,True
LFP,FUDS,-10.0,0,LFP_-10C_FUDS.csv,346,93.71119999999999,gt65,2782.9632699999997,True
LFP,FUDS,-10.0,0,LFP_-10C_FUDS.csv,377,92.4965,gt65,2754.8631700000005,True
LFP,FUDS,-10.0,0,LFP_-10C_FUDS.csv,3351,54.688853,35to65,690.1579899999997,True
LFP,FUDS,-10.0,0,LFP_-10C_FUDS.csv,3709,50.396339999999995,35to65,,False
LFP,FUDS,-10.0,0,LFP_-10C_FUDS.csv,4639,37.751552,35to65,,False
LFP,FUDS,-10.0,0,LFP_-10C_FUDS.csv,5119,32.501560000000005,le35,,False
LFP,FUDS,-10.0,0,LFP_-10C_FUDS.csv,5230,31.466696,le35,,False
LFP,FUDS,-10.0,0,LFP_-10C_FUDS.csv,5566,28.224050000000002,le35,,False
LFP,FUDS,-10.0,1,LFP_-10C_FUDS.csv,117,98.43499,gt65,2993.59634,True
LFP,FUDS,-10.0,1,LFP_-10C_FUDS.csv,346,93.71119999999999,gt65,2778.953229999999,True
LFP,FUDS,-10.0,1,LFP_-10C_FUDS.csv,377,92.4965,gt65,2753.8631700000005,True
LFP,FUDS,-10.0,1,LFP_-10C_FUDS.csv,3351,54.688853,35to65,840.3512999999948,True
LFP,FUDS,-10.0,1,LFP_-10C_FUDS.csv,3709,50.396339999999995,35to65,,False
LFP,FUDS,-10.0,1,LFP_-10C_FUDS.csv,4639,37.751552,35to65,,False
LFP,FUDS,-10.0,1,LFP_-10C_FUDS.csv,5119,32.501560000000005,le35,,False
LFP,FUDS,-10.0,1,LFP_-10C_FUDS.csv,5230,31.466696,le35,,False
LFP,FUDS,-10.0,1,LFP_-10C_FUDS.csv,5566,28.224050000000002,le35,,False
LFP,FUDS,-10.0,2,LFP_-10C_FUDS.csv,117,98.43499,gt65,2745.0818400000026,True
LFP,FUDS,-10.0,2,LFP_-10C_FUDS.csv,346,93.71119999999999,gt65,2767.9331500000008,True
LFP,FUDS,-10.0,2,LFP_-10C_FUDS.csv,377,92.4965,gt65,2751.8531499999985,True
LFP,FUDS,-10.0,2,LFP_-10C_FUDS.csv,3351,54.688853,35to65,692.1680199999973,True
LFP,FUDS,-10.0,2,LFP_-10C_FUDS.csv,3709,50.396339999999995,35to65,,False
LFP,FUDS,-10.0,2,LFP_-10C_FUDS.csv,4639,37.751552,35to65,,False
LFP,FUDS,-10.0,2,LFP_-10C_FUDS.csv,5119,32.501560000000005,le35,,False
LFP,FUDS,-10.0,2,LFP_-10C_FUDS.csv,5230,31.466696,le35,,False
LFP,FUDS,-10.0,2,LFP_-10C_FUDS.csv,5566,28.224050000000002,le35,,False
LFP,FUDS,0.0,0,LFP_0C_FUDS.csv,1141,84.172016,gt65,2782.7692400000014,True
LFP,FUDS,0.0,0,LFP_0C_FUDS.csv,2059,71.80508,gt65,1862.108519999998,True
LFP,FUDS,0.0,0,LFP_0C_FUDS.csv,2345,67.84964,gt65,2117.773259999999,True
LFP,FUDS,0.0,0,LFP_0C_FUDS.csv,4161,46.465454,35to65,49.17152999999962,True
LFP,FUDS,0.0,0,LFP_0C_FUDS.csv,4315,43.556616,35to65,1778.2490100000068,True
LFP,FUDS,0.0,0,LFP_0C_FUDS.csv,4389,40.384054000000006,35to65,2269.0916099999968,True
LFP,FUDS,0.0,0,LFP_0C_FUDS.csv,5418,29.711729999999996,le35,443.5533199999991,True
LFP,FUDS,0.0,0,LFP_0C_FUDS.csv,6514,14.766915,le35,,False
LFP,FUDS,0.0,0,LFP_0C_FUDS.csv,6517,14.766923000000002,le35,,False
LFP,FUDS,0.0,1,LFP_0C_FUDS.csv,1141,84.172016,gt65,2946.319289999999,True
LFP,FUDS,0.0,1,LFP_0C_FUDS.csv,2059,71.80508,gt65,1985.525769999996,True
LFP,FUDS,0.0,1,LFP_0C_FUDS.csv,2345,67.84964,gt65,1982.258310000001,True
LFP,FUDS,0.0,1,LFP_0C_FUDS.csv,4161,46.465454,35to65,49.17152999999962,True
LFP,FUDS,0.0,1,LFP_0C_FUDS.csv,4315,43.556616,35to65,1821.3654700000043,True
LFP,FUDS,0.0,1,LFP_0C_FUDS.csv,4389,40.384054000000006,35to65,2631.022419999995,True
LFP,FUDS,0.0,1,LFP_0C_FUDS.csv,5418,29.711729999999996,le35,443.5533199999991,True
LFP,FUDS,0.0,1,LFP_0C_FUDS.csv,6514,14.766915,le35,,False
LFP,FUDS,0.0,1,LFP_0C_FUDS.csv,6517,14.766923000000002,le35,,False
LFP,FUDS,0.0,2,LFP_0C_FUDS.csv,1141,84.172016,gt65,2906.1864899999996,True
LFP,FUDS,0.0,2,LFP_0C_FUDS.csv,2059,71.80508,gt65,1862.108519999998,True
LFP,FUDS,0.0,2,LFP_0C_FUDS.csv,2345,67.84964,gt65,1974.257099999999,True
LFP,FUDS,0.0,2,LFP_0C_FUDS.csv,4161,46.465454,35to65,49.17152999999962,True
LFP,FUDS,0.0,2,LFP_0C_FUDS.csv,4315,43.556616,35to65,1660.8429100000067,True
LFP,FUDS,0.0,2,LFP_0C_FUDS.csv,4389,40.384054000000006,35to65,1874.6171499999991,True
LFP,FUDS,0.0,2,LFP_0C_FUDS.csv,5418,29.711729999999996,le35,330.14105999999447,True
LFP,FUDS,0.0,2,LFP_0C_FUDS.csv,6514,14.766915,le35,438.85397000000376,True
LFP,FUDS,0.0,2,LFP_0C_FUDS.csv,6517,14.766923000000002,le35,429.8139200000005,True
LFP,FUDS,10.0,0,LFP_10C_FUDS.csv,1208,83.346224,gt65,2838.8806800000016,True
LFP,FUDS,10.0,0,LFP_10C_FUDS.csv,2561,65.75593400000001,gt65,1599.285880000003,True
LFP,FUDS,10.0,0,LFP_10C_FUDS.csv,2597,65.24056,gt65,1698.6364699999976,True
LFP,FUDS,10.0,0,LFP_10C_FUDS.csv,4204,44.83129,35to65,1391.0397699999958,True
LFP,FUDS,10.0,0,LFP_10C_FUDS.csv,4342,41.298884,35to65,2124.358380000005,True
LFP,FUDS,10.0,0,LFP_10C_FUDS.csv,4423,39.625847,35to65,988.3706900000034,True
LFP,FUDS,10.0,0,LFP_10C_FUDS.csv,5649,26.274884,le35,1293.7776200000008,True
LFP,FUDS,10.0,0,LFP_10C_FUDS.csv,6441,13.918707999999999,le35,,False
LFP,FUDS,10.0,0,LFP_10C_FUDS.csv,6989,8.91318,le35,,False
LFP,FUDS,10.0,1,LFP_10C_FUDS.csv,1208,83.346224,gt65,2981.0734200000006,True
LFP,FUDS,10.0,1,LFP_10C_FUDS.csv,2561,65.75593400000001,gt65,1734.7307199999996,True
LFP,FUDS,10.0,1,LFP_10C_FUDS.csv,2597,65.24056,gt65,1730.7117300000018,True
LFP,FUDS,10.0,1,LFP_10C_FUDS.csv,4204,44.83129,35to65,1391.0397699999958,True
LFP,FUDS,10.0,1,LFP_10C_FUDS.csv,4342,41.298884,35to65,1946.926760000004,True
LFP,FUDS,10.0,1,LFP_10C_FUDS.csv,4423,39.625847,35to65,1171.3592700000008,True
LFP,FUDS,10.0,1,LFP_10C_FUDS.csv,5649,26.274884,le35,1264.7300800000003,True
LFP,FUDS,10.0,1,LFP_10C_FUDS.csv,6441,13.918707999999999,le35,621.5845999999947,True
LFP,FUDS,10.0,1,LFP_10C_FUDS.csv,6989,8.91318,le35,79.65690000000177,True
LFP,FUDS,10.0,2,LFP_10C_FUDS.csv,1208,83.346224,gt65,2724.5286600000036,True
LFP,FUDS,10.0,2,LFP_10C_FUDS.csv,2561,65.75593400000001,gt65,1530.3924400000033,True
LFP,FUDS,10.0,2,LFP_10C_FUDS.csv,2597,65.24056,gt65,1698.6364699999976,True
LFP,FUDS,10.0,2,LFP_10C_FUDS.csv,4204,44.83129,35to65,1391.0397699999958,True
LFP,FUDS,10.0,2,LFP_10C_FUDS.csv,4342,41.298884,35to65,2100.278170000005,True
LFP,FUDS,10.0,2,LFP_10C_FUDS.csv,4423,39.625847,35to65,1171.3592700000008,True
LFP,FUDS,10.0,2,LFP_10C_FUDS.csv,5649,26.274884,le35,1128.691460000001,True
LFP,FUDS,10.0,2,LFP_10C_FUDS.csv,6441,13.918707999999999,le35,520.3150499999974,True
LFP,FUDS,10.0,2,LFP_10C_FUDS.csv,6989,8.91318,le35,66.17553000000044,True
LFP,FUDS,20.0,0,LFP_20C_FUDS.csv,654,89.614284,gt65,3514.005219999999,True
LFP,FUDS,20.0,0,LFP_20C_FUDS.csv,786,87.89261,gt65,3505.0527900000016,True
LFP,FUDS,20.0,0,LFP_20C_FUDS.csv,2524,66.811955,gt65,1771.885469999998,True
LFP,FUDS,20.0,0,LFP_20C_FUDS.csv,3901,49.282655,35to65,49.13038000000188,True
LFP,FUDS,20.0,0,LFP_20C_FUDS.csv,4480,39.98534,35to65,1386.777740000005,True
LFP,FUDS,20.0,0,LFP_20C_FUDS.csv,4536,39.642984,35to65,873.9880400000038,True
LFP,FUDS,20.0,0,LFP_20C_FUDS.csv,6044,20.452724,le35,1028.1027499999982,True
LFP,FUDS,20.0,0,LFP_20C_FUDS.csv,6172,19.286528,le35,917.7204899999997,True
LFP,FUDS,20.0,0,LFP_20C_FUDS.csv,6579,14.68968,le35,539.522570000001,True
LFP,FUDS,20.0,1,LFP_20C_FUDS.csv,654,89.614284,gt65,3646.452590000001,True
LFP,FUDS,20.0,1,LFP_20C_FUDS.csv,786,87.89261,gt65,3546.1859699999986,True
LFP,FUDS,20.0,1,LFP_20C_FUDS.csv,2524,66.811955,gt65,1862.1959900000043,True
LFP,FUDS,20.0,1,LFP_20C_FUDS.csv,3901,49.282655,35to65,49.13038000000188,True
LFP,FUDS,20.0,1,LFP_20C_FUDS.csv,4480,39.98534,35to65,1386.777740000005,True
LFP,FUDS,20.0,1,LFP_20C_FUDS.csv,4536,39.642984,35to65,1041.8635400000057,True
LFP,FUDS,20.0,1,LFP_20C_FUDS.csv,6044,20.452724,le35,886.6068500000038,True
LFP,FUDS,20.0,1,LFP_20C_FUDS.csv,6172,19.286528,le35,872.5665900000022,True
LFP,FUDS,20.0,1,LFP_20C_FUDS.csv,6579,14.68968,le35,491.37943000000087,True
LFP,FUDS,20.0,2,LFP_20C_FUDS.csv,654,89.614284,gt65,3549.118029999998,True
LFP,FUDS,20.0,2,LFP_20C_FUDS.csv,786,87.89261,gt65,3446.847560000002,True
LFP,FUDS,20.0,2,LFP_20C_FUDS.csv,2524,66.811955,gt65,1793.949409999998,True
LFP,FUDS,20.0,2,LFP_20C_FUDS.csv,3901,49.282655,35to65,49.13038000000188,True
LFP,FUDS,20.0,2,LFP_20C_FUDS.csv,4480,39.98534,35to65,1384.775440000005,True
LFP,FUDS,20.0,2,LFP_20C_FUDS.csv,4536,39.642984,35to65,874.9892700000055,True
LFP,FUDS,20.0,2,LFP_20C_FUDS.csv,6044,20.452724,le35,913.6982500000013,True
LFP,FUDS,20.0,2,LFP_20C_FUDS.csv,6172,19.286528,le35,790.2857100000037,True
LFP,FUDS,20.0,2,LFP_20C_FUDS.csv,6579,14.68968,le35,491.37943000000087,True
LFP,FUDS,25.0,0,LFP_25C_FUDS.csv,838,87.40436,gt65,3358.0188800000005,True
LFP,FUDS,25.0,0,LFP_25C_FUDS.csv,1718,75.93684,gt65,2744.017780000002,True
LFP,FUDS,25.0,0,LFP_25C_FUDS.csv,2336,68.14473,gt65,2319.5270299999975,True
LFP,FUDS,25.0,0,LFP_25C_FUDS.csv,2751,64.870024,35to65,1707.6185700000024,True
LFP,FUDS,25.0,0,LFP_25C_FUDS.csv,4397,40.618359999999996,35to65,1465.3033399999977,True
LFP,FUDS,25.0,0,LFP_25C_FUDS.csv,4754,36.998215,35to65,1104.5504599999986,True
LFP,FUDS,25.0,0,LFP_25C_FUDS.csv,5575,28.248134000000004,le35,1382.9862799999974,True
LFP,FUDS,25.0,0,LFP_25C_FUDS.csv,6606,13.944903,le35,497.7818200000038,True
LFP,FUDS,25.0,0,LFP_25C_FUDS.csv,7008,10.254254999999999,le35,236.86329000000114,True
LFP,FUDS,25.0,1,LFP_25C_FUDS.csv,838,87.40436,gt65,3488.7199,True
LFP,FUDS,25.0,1,LFP_25C_FUDS.csv,1718,75.93684,gt65,2747.0276799999992,True
LFP,FUDS,25.0,1,LFP_25C_FUDS.csv,2336,68.14473,gt65,2273.246500000002,True
LFP,FUDS,25.0,1,LFP_25C_FUDS.csv,2751,64.870024,35to65,1712.6385100000007,True
LFP,FUDS,25.0,1,LFP_25C_FUDS.csv,4397,40.618359999999996,35to65,1468.3335200000001,True
LFP,FUDS,25.0,1,LFP_25C_FUDS.csv,4754,36.998215,35to65,1105.5505800000028,True
LFP,FUDS,25.0,1,LFP_25C_FUDS.csv,5575,28.248134000000004,le35,1192.743300000002,True
LFP,FUDS,25.0,1,LFP_25C_FUDS.csv,6606,13.944903,le35,455.63148000000456,True
LFP,FUDS,25.0,1,LFP_25C_FUDS.csv,7008,10.254254999999999,le35,101.3407800000059,True
LFP,FUDS,25.0,2,LFP_25C_FUDS.csv,838,87.40436,gt65,3364.0389200000027,True
LFP,FUDS,25.0,2,LFP_25C_FUDS.csv,1718,75.93684,gt65,2601.3604699999996,True
LFP,FUDS,25.0,2,LFP_25C_FUDS.csv,2336,68.14473,gt65,2194.7820999999967,True
LFP,FUDS,25.0,2,LFP_25C_FUDS.csv,2751,64.870024,35to65,1566.971309999998,True
LFP,FUDS,25.0,2,LFP_25C_FUDS.csv,4397,40.618359999999996,35to65,1464.303310000003,True
LFP,FUDS,25.0,2,LFP_25C_FUDS.csv,4754,36.998215,35to65,1096.500509999998,True
LFP,FUDS,25.0,2,LFP_25C_FUDS.csv,5575,28.248134000000004,le35,1198.7832999999955,True
LFP,FUDS,25.0,2,LFP_25C_FUDS.csv,6606,13.944903,le35,456.63150000000314,True
LFP,FUDS,25.0,2,LFP_25C_FUDS.csv,7008,10.254254999999999,le35,120.40095000000292,True
LFP,FUDS,30.0,0,LFP_30C_FUDS.csv,843,87.382627,gt65,3623.1345699999983,True
LFP,FUDS,30.0,0,LFP_30C_FUDS.csv,2117,71.15542,gt65,2495.1891899999973,True
LFP,FUDS,30.0,0,LFP_30C_FUDS.csv,2402,68.19976,gt65,2098.6022899999953,True
LFP,FUDS,30.0,0,LFP_30C_FUDS.csv,3611,51.987159999999996,35to65,1797.247810000004,True
LFP,FUDS,30.0,0,LFP_30C_FUDS.csv,3848,49.81315,35to65,1937.4013299999965,True
LFP,FUDS,30.0,0,LFP_30C_FUDS.csv,4722,37.867323000000006,35to65,1059.9246099999955,True
LFP,FUDS,30.0,0,LFP_30C_FUDS.csv,5803,24.146749,le35,970.2377699999997,True
LFP,FUDS,30.0,0,LFP_30C_FUDS.csv,6352,17.148912,le35,832.6532300000035,True
LFP,FUDS,30.0,0,LFP_30C_FUDS.csv,6429,16.58606,le35,780.4513999999972,True
LFP,FUDS,30.0,1,LFP_30C_FUDS.csv,843,87.382627,gt65,3625.13464,True
LFP,FUDS,30.0,1,LFP_30C_FUDS.csv,2117,71.15542,gt65,2492.1889999999985,True
LFP,FUDS,30.0,1,LFP_30C_FUDS.csv,2402,68.19976,gt65,2098.6022899999953,True
LFP,FUDS,30.0,1,LFP_30C_FUDS.csv,3611,51.987159999999996,35to65,1981.3129300000032,True
LFP,FUDS,30.0,1,LFP_30C_FUDS.csv,3848,49.81315,35to65,1743.4385700000016,True
LFP,FUDS,30.0,1,LFP_30C_FUDS.csv,4722,37.867323000000006,35to65,865.9618500000006,True
LFP,FUDS,30.0,1,LFP_30C_FUDS.csv,5803,24.146749,le35,615.553700000004,True
LFP,FUDS,30.0,1,LFP_30C_FUDS.csv,6352,17.148912,le35,711.1111400000009,True
LFP,FUDS,30.0,1,LFP_30C_FUDS.csv,6429,16.58606,le35,633.8191099999967,True
LFP,FUDS,30.0,2,LFP_30C_FUDS.csv,843,87.382627,gt65,3651.3047899999983,True
LFP,FUDS,30.0,2,LFP_30C_FUDS.csv,2117,71.15542,gt65,2513.3092000000033,True
LFP,FUDS,30.0,2,LFP_30C_FUDS.csv,2402,68.19976,gt65,2097.6022699999958,True
LFP,FUDS,30.0,2,LFP_30C_FUDS.csv,3611,51.987159999999996,35to65,2071.664870000003,True
LFP,FUDS,30.0,2,LFP_30C_FUDS.csv,3848,49.81315,35to65,1948.4014199999979,True
LFP,FUDS,30.0,2,LFP_30C_FUDS.csv,4722,37.867323000000006,35to65,1070.9246999999968,True
LFP,FUDS,30.0,2,LFP_30C_FUDS.csv,5803,24.146749,le35,1121.7805599999992,True
LFP,FUDS,30.0,2,LFP_30C_FUDS.csv,6352,17.148912,le35,759.2213900000052,True
LFP,FUDS,30.0,2,LFP_30C_FUDS.csv,6429,16.58606,le35,681.929360000001,True
LFP,FUDS,40.0,0,LFP_40C_FUDS.csv,309,93.51182999999999,gt65,4164.03659,True
LFP,FUDS,40.0,0,LFP_40C_FUDS.csv,1923,73.496157,gt65,2582.1725000000006,True
LFP,FUDS,40.0,0,LFP_40C_FUDS.csv,2448,67.90858,gt65,2207.879509999999,True
LFP,FUDS,40.0,0,LFP_40C_FUDS.csv,3401,54.95554,35to65,2353.7591900000007,True
LFP,FUDS,40.0,0,LFP_40C_FUDS.csv,4059,48.466977,35to65,437.66948000000093,True
LFP,FUDS,40.0,0,LFP_40C_FUDS.csv,4598,39.2106,35to65,1229.5539000000026,True
LFP,FUDS,40.0,0,LFP_40C_FUDS.csv,6103,20.997691,le35,1006.9271700000008,True
LFP,FUDS,40.0,0,LFP_40C_FUDS.csv,6529,16.34373,le35,699.8271699999968,True
LFP,FUDS,40.0,0,LFP_40C_FUDS.csv,7157,7.14712,le35,341.87649000000147,True
LFP,FUDS,40.0,1,LFP_40C_FUDS.csv,309,93.51182999999999,gt65,4168.05646,True
LFP,FUDS,40.0,1,LFP_40C_FUDS.csv,1923,73.496157,gt65,2582.1725000000006,True
LFP,FUDS,40.0,1,LFP_40C_FUDS.csv,2448,67.90858,gt65,2163.6091799999995,True
LFP,FUDS,40.0,1,LFP_40C_FUDS.csv,3401,54.95554,35to65,2353.7591900000007,True
LFP,FUDS,40.0,1,LFP_40C_FUDS.csv,4059,48.466977,35to65,438.66948000000093,True
LFP,FUDS,40.0,1,LFP_40C_FUDS.csv,4598,39.2106,35to65,1199.463670000001,True
LFP,FUDS,40.0,1,LFP_40C_FUDS.csv,6103,20.997691,le35,955.7667700000011,True
LFP,FUDS,40.0,1,LFP_40C_FUDS.csv,6529,16.34373,le35,567.5236399999994,True
LFP,FUDS,40.0,1,LFP_40C_FUDS.csv,7157,7.14712,le35,172.4027600000045,True
LFP,FUDS,40.0,2,LFP_40C_FUDS.csv,309,93.51182999999999,gt65,4163.0264400000015,True
LFP,FUDS,40.0,2,LFP_40C_FUDS.csv,1923,73.496157,gt65,2577.1624599999986,True
LFP,FUDS,40.0,2,LFP_40C_FUDS.csv,2448,67.90858,gt65,2161.6091400000005,True
LFP,FUDS,40.0,2,LFP_40C_FUDS.csv,3401,54.95554,35to65,2354.76901,True
LFP,FUDS,40.0,2,LFP_40C_FUDS.csv,4059,48.466977,35to65,433.659439999999,True
LFP,FUDS,40.0,2,LFP_40C_FUDS.csv,4598,39.2106,35to65,1233.5639499999997,True
LFP,FUDS,40.0,2,LFP_40C_FUDS.csv,6103,20.997691,le35,967.816850000002,True
LFP,FUDS,40.0,2,LFP_40C_FUDS.csv,6529,16.34373,le35,619.6352899999983,True
LFP,FUDS,40.0,2,LFP_40C_FUDS.csv,7157,7.14712,le35,344.8765100000028,True
LFP,FUDS,50.0,0,LFP_50C_FUDS.csv,913,86.73429499999999,gt65,3630.19106,True
LFP,FUDS,50.0,0,LFP_50C_FUDS.csv,1429,81.91322,gt65,3153.6360600000007,True
LFP,FUDS,50.0,0,LFP_50C_FUDS.csv,1755,75.49034,gt65,2792.222389999999,True
LFP,FUDS,50.0,0,LFP_50C_FUDS.csv,2878,64.0297,35to65,1900.2893700000013,True
LFP,FUDS,50.0,0,LFP_50C_FUDS.csv,3358,55.61867,35to65,1489.73733,True
LFP,FUDS,50.0,0,LFP_50C_FUDS.csv,4613,39.479998,35to65,1130.1418299999968,True
LFP,FUDS,50.0,0,LFP_50C_FUDS.csv,5864,23.770675,le35,1203.9378999999972,True
LFP,FUDS,50.0,0,LFP_50C_FUDS.csv,6421,17.375547,le35,692.8112299999993,True
LFP,FUDS,50.0,0,LFP_50C_FUDS.csv,7216,6.2542625,le35,278.1622500000003,True
LFP,FUDS,50.0,1,LFP_50C_FUDS.csv,913,86.73429499999999,gt65,3596.059550000001,True
LFP,FUDS,50.0,1,LFP_50C_FUDS.csv,1429,81.91322,gt65,3137.5646700000007,True
LFP,FUDS,50.0,1,LFP_50C_FUDS.csv,1755,75.49034,gt65,2754.089429999999,True
LFP,FUDS,50.0,1,LFP_50C_FUDS.csv,2878,64.0297,35to65,2032.7467400000014,True
LFP,FUDS,50.0,1,LFP_50C_FUDS.csv,3358,55.61867,35to65,1561.9891900000002,True
LFP,FUDS,50.0,1,LFP_50C_FUDS.csv,4613,39.479998,35to65,1137.161830000001,True
LFP,FUDS,50.0,1,LFP_50C_FUDS.csv,5864,23.770675,le35,1192.8978900000002,True
LFP,FUDS,50.0,1,LFP_50C_FUDS.csv,6421,17.375547,le35,652.6883400000006,True
LFP,FUDS,50.0,1,LFP_50C_FUDS.csv,7216,6.2542625,le35,163.67259000000195,True
LFP,FUDS,50.0,2,LFP_50C_FUDS.csv,913,86.73429499999999,gt65,3590.04824,True
LFP,FUDS,50.0,2,LFP_50C_FUDS.csv,1429,81.91322,gt65,3105.490670000003,True
LFP,FUDS,50.0,2,LFP_50C_FUDS.csv,1755,75.49034,gt65,2749.069249999997,True
LFP,FUDS,50.0,2,LFP_50C_FUDS.csv,2878,64.0297,35to65,2877.7562700000017,True
LFP,FUDS,50.0,2,LFP_50C_FUDS.csv,3358,55.61867,35to65,2395.9586500000005,True
LFP,FUDS,50.0,2,LFP_50C_FUDS.csv,4613,39.479998,35to65,1136.1519200000002,True
LFP,FUDS,50.0,2,LFP_50C_FUDS.csv,5864,23.770675,le35,1203.9378999999972,True
LFP,FUDS,50.0,2,LFP_50C_FUDS.csv,6421,17.375547,le35,671.7510699999975,True
LFP,FUDS,50.0,2,LFP_50C_FUDS.csv,7216,6.2542625,le35,284.1923000000015,True
LFP,US06,-10.0,0,LFP_-10C_US06.csv,1089,84.44425,gt65,,False
LFP,US06,-10.0,0,LFP_-10C_US06.csv,1276,82.19467,gt65,,False
LFP,US06,-10.0,0,LFP_-10C_US06.csv,1755,75.52714999999999,gt65,,False
LFP,US06,-10.0,0,LFP_-10C_US06.csv,3033,57.97548999999999,35to65,,False
LFP,US06,-10.0,0,LFP_-10C_US06.csv,3261,54.518069999999994,35to65,,False
LFP,US06,-10.0,0,LFP_-10C_US06.csv,4478,37.695634,35to65,,False
LFP,US06,-10.0,0,LFP_-10C_US06.csv,4652,34.609407,le35,,False
LFP,US06,-10.0,0,LFP_-10C_US06.csv,4797,33.507776,le35,,False
LFP,US06,-10.0,0,LFP_-10C_US06.csv,4821,33.085838,le35,,False
LFP,US06,-10.0,1,LFP_-10C_US06.csv,1089,84.44425,gt65,,False
LFP,US06,-10.0,1,LFP_-10C_US06.csv,1276,82.19467,gt65,,False
LFP,US06,-10.0,1,LFP_-10C_US06.csv,1755,75.52714999999999,gt65,,False
LFP,US06,-10.0,1,LFP_-10C_US06.csv,3033,57.97548999999999,35to65,,False
LFP,US06,-10.0,1,LFP_-10C_US06.csv,3261,54.518069999999994,35to65,,False
LFP,US06,-10.0,1,LFP_-10C_US06.csv,4478,37.695634,35to65,,False
LFP,US06,-10.0,1,LFP_-10C_US06.csv,4652,34.609407,le35,,False
LFP,US06,-10.0,1,LFP_-10C_US06.csv,4797,33.507776,le35,,False
LFP,US06,-10.0,1,LFP_-10C_US06.csv,4821,33.085838,le35,,False
LFP,US06,-10.0,2,LFP_-10C_US06.csv,1089,84.44425,gt65,,False
LFP,US06,-10.0,2,LFP_-10C_US06.csv,1276,82.19467,gt65,,False
LFP,US06,-10.0,2,LFP_-10C_US06.csv,1755,75.52714999999999,gt65,,False
LFP,US06,-10.0,2,LFP_-10C_US06.csv,3033,57.97548999999999,35to65,,False
LFP,US06,-10.0,2,LFP_-10C_US06.csv,3261,54.518069999999994,35to65,,False
LFP,US06,-10.0,2,LFP_-10C_US06.csv,4478,37.695634,35to65,,False
LFP,US06,-10.0,2,LFP_-10C_US06.csv,4652,34.609407,le35,,False
LFP,US06,-10.0,2,LFP_-10C_US06.csv,4797,33.507776,le35,,False
LFP,US06,-10.0,2,LFP_-10C_US06.csv,4821,33.085838,le35,,False
LFP,US06,0.0,0,LFP_0C_US06.csv,50,99.56165,gt65,49.23650000000269,True
LFP,US06,0.0,0,LFP_0C_US06.csv,756,89.25297,gt65,4349.870550000003,True
LFP,US06,0.0,0,LFP_0C_US06.csv,1676,75.99497,gt65,3426.228420000003,True
LFP,US06,0.0,0,LFP_0C_US06.csv,3142,56.12991,35to65,2441.2424099999994,True
LFP,US06,0.0,0,LFP_0C_US06.csv,3332,52.661777,35to65,2300.5294299999987,True
LFP,US06,0.0,0,LFP_0C_US06.csv,4572,35.407534,35to65,1474.3610399999998,True
LFP,US06,0.0,0,LFP_0C_US06.csv,5566,22.37687,le35,,False
LFP,US06,0.0,0,LFP_0C_US06.csv,6194,13.437171000000001,le35,,False
LFP,US06,0.0,0,LFP_0C_US06.csv,6228,12.991140000000001,le35,,False
LFP,US06,0.0,1,LFP_0C_US06.csv,50,99.56165,gt65,49.23650000000269,True
LFP,US06,0.0,1,LFP_0C_US06.csv,756,89.25297,gt65,4349.870550000003,True
LFP,US06,0.0,1,LFP_0C_US06.csv,1676,75.99497,gt65,3426.228420000003,True
LFP,US06,0.0,1,LFP_0C_US06.csv,3142,56.12991,35to65,2403.049489999999,True
LFP,US06,0.0,1,LFP_0C_US06.csv,3332,52.661777,35to65,2258.299500000001,True
LFP,US06,0.0,1,LFP_0C_US06.csv,4572,35.407534,35to65,1450.2410399999972,True
LFP,US06,0.0,1,LFP_0C_US06.csv,5566,22.37687,le35,718.5820399999975,True
LFP,US06,0.0,1,LFP_0C_US06.csv,6194,13.437171000000001,le35,,False
LFP,US06,0.0,1,LFP_0C_US06.csv,6228,12.991140000000001,le35,,False
LFP,US06,0.0,2,LFP_0C_US06.csv,50,99.56165,gt65,49.23650000000269,True
LFP,US06,0.0,2,LFP_0C_US06.csv,756,89.25297,gt65,4690.533160000002,True
LFP,US06,0.0,2,LFP_0C_US06.csv,1676,75.99497,gt65,3767.8962500000016,True
LFP,US06,0.0,2,LFP_0C_US06.csv,3142,56.12991,35to65,2389.983749999999,True
LFP,US06,0.0,2,LFP_0C_US06.csv,3332,52.661777,35to65,2231.1631400000006,True
LFP,US06,0.0,2,LFP_0C_US06.csv,4572,35.407534,35to65,1331.70291,True
LFP,US06,0.0,2,LFP_0C_US06.csv,5566,22.37687,le35,694.46875,True
LFP,US06,0.0,2,LFP_0C_US06.csv,6194,13.437171000000001,le35,,False
LFP,US06,0.0,2,LFP_0C_US06.csv,6228,12.991140000000001,le35,,False
LFP,US06,10.0,0,LFP_10C_US06.csv,823,88.02062000000001,gt65,4248.873739999999,True
LFP,US06,10.0,0,LFP_10C_US06.csv,933,85.80082,gt65,4168.37687,True
LFP,US06,10.0,0,LFP_10C_US06.csv,1649,75.74028,gt65,3450.8993200000004,True
LFP,US06,10.0,0,LFP_10C_US06.csv,3842,45.421574,35to65,1850.3829299999998,True
LFP,US06,10.0,0,LFP_10C_US06.csv,3896,44.402075,35to65,1923.7068100000029,True
LFP,US06,10.0,0,LFP_10C_US06.csv,4209,40.54836,35to65,1653.6188299999994,True
LFP,US06,10.0,0,LFP_10C_US06.csv,4626,33.623864999999995,le35,1465.0137900000009,True
LFP,US06,10.0,0,LFP_10C_US06.csv,6682,5.2437164,le35,49.17164000000048,True
LFP,US06,10.0,0,LFP_10C_US06.csv,6708,5.2798748,le35,49.17030999999861,True
LFP,US06,10.0,1,LFP_10C_US06.csv,823,88.02062000000001,gt65,4281.979119999999,True
LFP,US06,10.0,1,LFP_10C_US06.csv,933,85.80082,gt65,4171.386850000002,True
LFP,US06,10.0,1,LFP_10C_US06.csv,1649,75.74028,gt65,3452.90946,True
LFP,US06,10.0,1,LFP_10C_US06.csv,3842,45.421574,35to65,1677.7553099999996,True
LFP,US06,10.0,1,LFP_10C_US06.csv,3896,44.402075,35to65,1913.656910000001,True
LFP,US06,10.0,1,LFP_10C_US06.csv,4209,40.54836,35to65,1611.4897200000014,True
LFP,US06,10.0,1,LFP_10C_US06.csv,4626,33.623864999999995,le35,1430.9270499999993,True
LFP,US06,10.0,1,LFP_10C_US06.csv,6682,5.2437164,le35,,False
LFP,US06,10.0,1,LFP_10C_US06.csv,6708,5.2798748,le35,,False
LFP,US06,10.0,2,LFP_10C_US06.csv,823,88.02062000000001,gt65,4281.979119999999,True
LFP,US06,10.0,2,LFP_10C_US06.csv,933,85.80082,gt65,4171.386850000002,True
LFP,US06,10.0,2,LFP_10C_US06.csv,1649,75.74028,gt65,3451.89945,True
LFP,US06,10.0,2,LFP_10C_US06.csv,3842,45.421574,35to65,1853.3929900000003,True
LFP,US06,10.0,2,LFP_10C_US06.csv,3896,44.402075,35to65,1924.7068200000026,True
LFP,US06,10.0,2,LFP_10C_US06.csv,4209,40.54836,35to65,1671.7101799999991,True
LFP,US06,10.0,2,LFP_10C_US06.csv,4626,33.623864999999995,le35,1465.0137900000009,True
LFP,US06,10.0,2,LFP_10C_US06.csv,6682,5.2437164,le35,,False
LFP,US06,10.0,2,LFP_10C_US06.csv,6708,5.2798748,le35,,False
LFP,US06,20.0,0,LFP_20C_US06.csv,275,95.93876999999999,gt65,4639.6705,True
LFP,US06,20.0,0,LFP_20C_US06.csv,560,92.203194,gt65,4353.858319999999,True
LFP,US06,20.0,0,LFP_20C_US06.csv,1852,74.66336,gt65,3088.4267500000024,True
LFP,US06,20.0,0,LFP_20C_US06.csv,2981,58.544385,35to65,2217.617439999998,True
LFP,US06,20.0,0,LFP_20C_US06.csv,3386,52.34249,35to65,1981.9039599999996,True
LFP,US06,20.0,0,LFP_20C_US06.csv,4320,40.485397,35to65,746.5841800000017,True
LFP,US06,20.0,0,LFP_20C_US06.csv,4736,34.437823,le35,965.2750699999997,True
LFP,US06,20.0,0,LFP_20C_US06.csv,5623,22.120938000000002,le35,1026.3439800000015,True
LFP,US06,20.0,0,LFP_20C_US06.csv,6570,9.245493,le35,324.01430999999866,True
LFP,US06,20.0,1,LFP_20C_US06.csv,275,95.93876999999999,gt65,4568.4398200000005,True
LFP,US06,20.0,1,LFP_20C_US06.csv,560,92.203194,gt65,4282.62764,True
LFP,US06,20.0,1,LFP_20C_US06.csv,1852,74.66336,gt65,3111.4843,True
LFP,US06,20.0,1,LFP_20C_US06.csv,2981,58.544385,35to65,2122.2742499999995,True
LFP,US06,20.0,1,LFP_20C_US06.csv,3386,52.34249,35to65,1923.719720000001,True
LFP,US06,20.0,1,LFP_20C_US06.csv,4320,40.485397,35to65,646.2570600000035,True
LFP,US06,20.0,1,LFP_20C_US06.csv,4736,34.437823,le35,965.2750699999997,True
LFP,US06,20.0,1,LFP_20C_US06.csv,5623,22.120938000000002,le35,808.6306100000002,True
LFP,US06,20.0,1,LFP_20C_US06.csv,6570,9.245493,le35,302.9527100000014,True
LFP,US06,20.0,2,LFP_20C_US06.csv,275,95.93876999999999,gt65,4264.26324,True
LFP,US06,20.0,2,LFP_20C_US06.csv,560,92.203194,gt65,4015.5886599999976,True
LFP,US06,20.0,2,LFP_20C_US06.csv,1852,74.66336,gt65,3124.5357300000032,True
LFP,US06,20.0,2,LFP_20C_US06.csv,2981,58.544385,35to65,2088.153989999999,True
LFP,US06,20.0,2,LFP_20C_US06.csv,3386,52.34249,35to65,1832.420259999999,True
LFP,US06,20.0,2,LFP_20C_US06.csv,4320,40.485397,35to65,662.3097500000003,True
LFP,US06,20.0,2,LFP_20C_US06.csv,4736,34.437823,le35,964.2750400000014,True
LFP,US06,20.0,2,LFP_20C_US06.csv,5623,22.120938000000002,le35,832.7133099999992,True
LFP,US06,20.0,2,LFP_20C_US06.csv,6570,9.245493,le35,314.9830000000002,True
LFP,US06,25.0,0,LFP_25C_US06.csv,638,91.315585,gt65,3898.395059999999,True
LFP,US06,25.0,0,LFP_25C_US06.csv,791,88.757384,gt65,3810.00662,True
LFP,US06,25.0,0,LFP_25C_US06.csv,2094,70.45391,gt65,2911.6088999999993,True
LFP,US06,25.0,0,LFP_25C_US06.csv,2820,59.89314999999999,35to65,2244.1252999999997,True
LFP,US06,25.0,0,LFP_25C_US06.csv,3118,56.96373,35to65,1409.9850299999994,True
LFP,US06,25.0,0,LFP_25C_US06.csv,4317,40.393691999999994,35to65,291.31069000000207,True
LFP,US06,25.0,0,LFP_25C_US06.csv,5241,26.55443,le35,1014.9699500000024,True
LFP,US06,25.0,0,LFP_25C_US06.csv,5617,21.956368,le35,798.5719800000006,True
LFP,US06,25.0,0,LFP_25C_US06.csv,6461,9.7949825,le35,340.943940000001,True
LFP,US06,25.0,1,LFP_25C_US06.csv,638,91.315585,gt65,3894.3859199999997,True
LFP,US06,25.0,1,LFP_25C_US06.csv,791,88.757384,gt65,3741.714369999998,True
LFP,US06,25.0,1,LFP_25C_US06.csv,2094,70.45391,gt65,2628.0697,True
LFP,US06,25.0,1,LFP_25C_US06.csv,2820,59.89314999999999,35to65,2164.775420000001,True
LFP,US06,25.0,1,LFP_25C_US06.csv,3118,56.96373,35to65,1406.9779999999987,True
LFP,US06,25.0,1,LFP_25C_US06.csv,4317,40.393691999999994,35to65,206.95925999999963,True
LFP,US06,25.0,1,LFP_25C_US06.csv,5241,26.55443,le35,966.7694300000003,True
LFP,US06,25.0,1,LFP_25C_US06.csv,5617,21.956368,le35,745.4102200000016,True
LFP,US06,25.0,1,LFP_25C_US06.csv,6461,9.7949825,le35,337.9240299999983,True
LFP,US06,25.0,2,LFP_25C_US06.csv,638,91.315585,gt65,3751.6967299999997,True
LFP,US06,25.0,2,LFP_25C_US06.csv,791,88.757384,gt65,3599.0252199999995,True
LFP,US06,25.0,2,LFP_25C_US06.csv,2094,70.45391,gt65,2721.7004100000013,True
LFP,US06,25.0,2,LFP_25C_US06.csv,2820,59.89314999999999,35to65,1997.964210000001,True
LFP,US06,25.0,2,LFP_25C_US06.csv,3118,56.96373,35to65,1264.2888500000004,True
LFP,US06,25.0,2,LFP_25C_US06.csv,4317,40.393691999999994,35to65,202.95012000000042,True
LFP,US06,25.0,2,LFP_25C_US06.csv,5241,26.55443,le35,935.6379400000005,True
LFP,US06,25.0,2,LFP_25C_US06.csv,5617,21.956368,le35,747.4202100000002,True
LFP,US06,25.0,2,LFP_25C_US06.csv,6461,9.7949825,le35,335.91402000000016,True
LFP,US06,30.0,0,LFP_30C_US06.csv,107,98.268586,gt65,4407.070079999998,True
LFP,US06,30.0,0,LFP_30C_US06.csv,531,92.51842500000001,gt65,4004.246510000001,True
LFP,US06,30.0,0,LFP_30C_US06.csv,1542,78.01705,gt65,3073.2961799999975,True
LFP,US06,30.0,0,LFP_30C_US06.csv,2672,63.09681499999999,35to65,2269.3074799999995,True
LFP,US06,30.0,0,LFP_30C_US06.csv,3420,52.03491999999999,35to65,1699.5973099999974,True
LFP,US06,30.0,0,LFP_30C_US06.csv,3641,50.33783,35to65,877.3442099999993,True
LFP,US06,30.0,0,LFP_30C_US06.csv,4920,32.70577,le35,715.5480899999957,True
LFP,US06,30.0,0,LFP_30C_US06.csv,6283,13.434921,le35,568.8397199999999,True
LFP,US06,30.0,0,LFP_30C_US06.csv,6860,5.6751437000000005,le35,49.25626000000284,True
LFP,US06,30.0,1,LFP_30C_US06.csv,107,98.268586,gt65,4285.496589999999,True
LFP,US06,30.0,1,LFP_30C_US06.csv,531,92.51842500000001,gt65,3904.788809999998,True
LFP,US06,30.0,1,LFP_30C_US06.csv,1542,78.01705,gt65,2963.7997799999976,True
LFP,US06,30.0,1,LFP_30C_US06.csv,2672,63.09681499999999,35to65,2032.0813999999991,True
LFP,US06,30.0,1,LFP_30C_US06.csv,3420,52.03491999999999,35to65,1563.9365399999988,True
LFP,US06,30.0,1,LFP_30C_US06.csv,3641,50.33783,35to65,739.7140599999984,True
LFP,US06,30.0,1,LFP_30C_US06.csv,4920,32.70577,le35,381.9070599999977,True
LFP,US06,30.0,1,LFP_30C_US06.csv,6283,13.434921,le35,515.5861100000011,True
LFP,US06,30.0,1,LFP_30C_US06.csv,6860,5.6751437000000005,le35,49.25626000000284,True
LFP,US06,30.0,2,LFP_30C_US06.csv,107,98.268586,gt65,4285.496589999999,True
LFP,US06,30.0,2,LFP_30C_US06.csv,531,92.51842500000001,gt65,3860.5895900000005,True
LFP,US06,30.0,2,LFP_30C_US06.csv,1542,78.01705,gt65,2963.7997799999976,True
LFP,US06,30.0,2,LFP_30C_US06.csv,2672,63.09681499999999,35to65,2042.1339000000007,True
LFP,US06,30.0,2,LFP_30C_US06.csv,3420,52.03491999999999,35to65,1425.2836800000005,True
LFP,US06,30.0,2,LFP_30C_US06.csv,3641,50.33783,35to65,739.7140599999984,True
LFP,US06,30.0,2,LFP_30C_US06.csv,4920,32.70577,le35,485.4714099999983,True
LFP,US06,30.0,2,LFP_30C_US06.csv,6283,13.434921,le35,517.5931799999998,True
LFP,US06,30.0,2,LFP_30C_US06.csv,6860,5.6751437000000005,le35,49.25626000000284,True
LFP,US06,40.0,0,LFP_40C_US06.csv,539,92.44676,gt65,3971.154290000002,True
LFP,US06,40.0,0,LFP_40C_US06.csv,1194,83.67715,gt65,3313.712730000003,True
LFP,US06,40.0,0,LFP_40C_US06.csv,2034,71.953547,gt65,2606.049930000001,True
LFP,US06,40.0,0,LFP_40C_US06.csv,2705,62.604696000000004,35to65,1980.7373499999994,True
LFP,US06,40.0,0,LFP_40C_US06.csv,3526,51.83492,35to65,999.1984700000003,True
LFP,US06,40.0,0,LFP_40C_US06.csv,4508,38.077995,35to65,901.0296099999978,True
LFP,US06,40.0,0,LFP_40C_US06.csv,4982,32.012868,le35,923.2072100000005,True
LFP,US06,40.0,0,LFP_40C_US06.csv,5592,23.602776,le35,786.4847599999994,True
LFP,US06,40.0,0,LFP_40C_US06.csv,6568,10.3015065,le35,395.37898999999743,True
LFP,US06,40.0,1,LFP_40C_US06.csv,539,92.44676,gt65,3798.529160000002,True
LFP,US06,40.0,1,LFP_40C_US06.csv,1194,83.67715,gt65,3142.0975,True
LFP,US06,40.0,1,LFP_40C_US06.csv,2034,71.953547,gt65,2477.4863299999997,True
LFP,US06,40.0,1,LFP_40C_US06.csv,2705,62.604696000000004,35to65,1823.1037299999998,True
LFP,US06,40.0,1,LFP_40C_US06.csv,3526,51.83492,35to65,856.7671799999989,True
LFP,US06,40.0,1,LFP_40C_US06.csv,4508,38.077995,35to65,795.8303799999985,True
LFP,US06,40.0,1,LFP_40C_US06.csv,4982,32.012868,le35,800.76613,True
LFP,US06,40.0,1,LFP_40C_US06.csv,5592,23.602776,le35,670.0675899999987,True
LFP,US06,40.0,1,LFP_40C_US06.csv,6568,10.3015065,le35,358.3061999999991,True
LFP,US06,40.0,2,LFP_40C_US06.csv,539,92.44676,gt65,3676.198070000002,True
LFP,US06,40.0,2,LFP_40C_US06.csv,1194,83.67715,gt65,3018.756510000003,True
LFP,US06,40.0,2,LFP_40C_US06.csv,2034,71.953547,gt65,2493.5064600000005,True
LFP,US06,40.0,2,LFP_40C_US06.csv,2705,62.604696000000004,35to65,1823.1037299999998,True
LFP,US06,40.0,2,LFP_40C_US06.csv,3526,51.83492,35to65,856.7671799999989,True
LFP,US06,40.0,2,LFP_40C_US06.csv,4508,38.077995,35to65,866.0944599999993,True
LFP,US06,40.0,2,LFP_40C_US06.csv,4982,32.012868,le35,883.1068100000011,True
LFP,US06,40.0,2,LFP_40C_US06.csv,5592,23.602776,le35,700.1990699999988,True
LFP,US06,40.0,2,LFP_40C_US06.csv,6568,10.3015065,le35,363.31623000000036,True
LFP,US06,50.0,0,LFP_50C_US06.csv,400,93.53251,gt65,3989.1453800000018,True
LFP,US06,50.0,0,LFP_50C_US06.csv,732,90.26815,gt65,3656.1991799999996,True
LFP,US06,50.0,0,LFP_50C_US06.csv,2065,71.60372000000001,gt65,2439.084989999999,True
LFP,US06,50.0,0,LFP_50C_US06.csv,3711,49.451664,35to65,792.7028199999995,True
LFP,US06,50.0,0,LFP_50C_US06.csv,4064,43.835172,35to65,635.3639299999995,True
LFP,US06,50.0,0,LFP_50C_US06.csv,4553,37.215018,35to65,794.0275799999981,True
LFP,US06,50.0,0,LFP_50C_US06.csv,5224,27.883297000000002,le35,722.4403600000005,True
LFP,US06,50.0,0,LFP_50C_US06.csv,6499,11.217488000000001,le35,49.17295000000013,True
LFP,US06,50.0,0,LFP_50C_US06.csv,6675,8.9975916,le35,293.99496,True
LFP,US06,50.0,1,LFP_50C_US06.csv,400,93.53251,gt65,3768.670900000001,True
LFP,US06,50.0,1,LFP_50C_US06.csv,732,90.26815,gt65,3427.6847799999996,True
LFP,US06,50.0,1,LFP_50C_US06.csv,2065,71.60372000000001,gt65,2322.6415599999996,True
LFP,US06,50.0,1,LFP_50C_US06.csv,3711,49.451664,35to65,671.2393499999998,True
LFP,US06,50.0,1,LFP_50C_US06.csv,4064,43.835172,35to65,455.54371999999785,True
LFP,US06,50.0,1,LFP_50C_US06.csv,4553,37.215018,35to65,745.8322399999997,True
LFP,US06,50.0,1,LFP_50C_US06.csv,5224,27.883297000000002,le35,591.8782199999996,True
LFP,US06,50.0,1,LFP_50C_US06.csv,6499,11.217488000000001,le35,49.17295000000013,True
LFP,US06,50.0,1,LFP_50C_US06.csv,6675,8.9975916,le35,283.9636599999976,True
LFP,US06,50.0,2,LFP_50C_US06.csv,400,93.53251,gt65,3745.5408500000012,True
LFP,US06,50.0,2,LFP_50C_US06.csv,732,90.26815,gt65,3383.42929,True
LFP,US06,50.0,2,LFP_50C_US06.csv,2065,71.60372000000001,gt65,2437.0750000000003,True
LFP,US06,50.0,2,LFP_50C_US06.csv,3711,49.451664,35to65,786.6827699999994,True
LFP,US06,50.0,2,LFP_50C_US06.csv,4064,43.835172,35to65,634.3639199999998,True
LFP,US06,50.0,2,LFP_50C_US06.csv,4553,37.215018,35to65,749.8422800000008,True
LFP,US06,50.0,2,LFP_50C_US06.csv,5224,27.883297000000002,le35,675.2637000000004,True
LFP,US06,50.0,2,LFP_50C_US06.csv,6499,11.217488000000001,le35,49.17295000000013,True
LFP,US06,50.0,2,LFP_50C_US06.csv,6675,8.9975916,le35,292.99484999999913,True
NMC,DST,0.0,0,NMC_0C_DST.csv,156,84.29765,gt65,49.54626999999982,True
NMC,DST,0.0,0,NMC_0C_DST.csv,564,81.222695,gt65,49.53048099999978,True
NMC,DST,0.0,0,NMC_0C_DST.csv,1956,69.941497,gt65,65.68686100000014,True
NMC,DST,0.0,0,NMC_0C_DST.csv,2651,64.462304,35to65,84.82702000000063,True
NMC,DST,0.0,0,NMC_0C_DST.csv,3207,59.674954,35to65,59.82915999999932,True
NMC,DST,0.0,0,NMC_0C_DST.csv,4106,52.87013,35to65,1502.79954,True
NMC,DST,0.0,0,NMC_0C_DST.csv,7059,28.701165,le35,1407.611780000001,True
NMC,DST,0.0,0,NMC_0C_DST.csv,8318,19.422875,le35,499.3848199999993,True
NMC,DST,0.0,0,NMC_0C_DST.csv,8536,17.134948,le35,279.12208999999893,True
NMC,DST,0.0,1,NMC_0C_DST.csv,156,84.29765,gt65,49.54626999999982,True
NMC,DST,0.0,1,NMC_0C_DST.csv,564,81.222695,gt65,49.53048099999978,True
NMC,DST,0.0,1,NMC_0C_DST.csv,1956,69.941497,gt65,49.54634299999998,True
NMC,DST,0.0,1,NMC_0C_DST.csv,2651,64.462304,35to65,49.54607000000033,True
NMC,DST,0.0,1,NMC_0C_DST.csv,3207,59.674954,35to65,48.72002999999859,True
NMC,DST,0.0,1,NMC_0C_DST.csv,4106,52.87013,35to65,1212.5988899999993,True
NMC,DST,0.0,1,NMC_0C_DST.csv,7059,28.701165,le35,1515.6885600000005,True
NMC,DST,0.0,1,NMC_0C_DST.csv,8318,19.422875,le35,526.7127,True
NMC,DST,0.0,1,NMC_0C_DST.csv,8536,17.134948,le35,301.3874500000002,True
NMC,DST,0.0,2,NMC_0C_DST.csv,156,84.29765,gt65,58.640063999999256,True
NMC,DST,0.0,2,NMC_0C_DST.csv,564,81.222695,gt65,49.53048099999978,True
NMC,DST,0.0,2,NMC_0C_DST.csv,1956,69.941497,gt65,49.54634299999998,True
NMC,DST,0.0,2,NMC_0C_DST.csv,2651,64.462304,35to65,49.54607000000033,True
NMC,DST,0.0,2,NMC_0C_DST.csv,3207,59.674954,35to65,48.72002999999859,True
NMC,DST,0.0,2,NMC_0C_DST.csv,4106,52.87013,35to65,1215.63011,True
NMC,DST,0.0,2,NMC_0C_DST.csv,7059,28.701165,le35,1532.3763600000002,True
NMC,DST,0.0,2,NMC_0C_DST.csv,8318,19.422875,le35,528.7438199999997,True
NMC,DST,0.0,2,NMC_0C_DST.csv,8536,17.134948,le35,303.4030999999977,True
NMC,DST,25.0,0,NMC_25C_DST.csv,662,78.471255,gt65,49.5470499999974,True
NMC,DST,25.0,0,NMC_25C_DST.csv,733,78.60540999999999,gt65,49.53079000000071,True
NMC,DST,25.0,0,NMC_25C_DST.csv,1726,71.13879,gt65,49.48402999999962,True
NMC,DST,25.0,0,NMC_25C_DST.csv,2923,63.502590000000005,35to65,107.03050000000076,True
NMC,DST,25.0,0,NMC_25C_DST.csv,6593,38.194472000000005,35to65,1516.8188200000004,True
NMC,DST,25.0,0,NMC_25C_DST.csv,6706,36.74935,35to65,1763.77045,True
NMC,DST,25.0,0,NMC_25C_DST.csv,7633,30.984113,le35,1185.117119999999,True
NMC,DST,25.0,0,NMC_25C_DST.csv,8892,21.746677000000002,le35,994.2298899999987,True
NMC,DST,25.0,0,NMC_25C_DST.csv,9914,14.502966,le35,709.8879699999998,True
NMC,DST,25.0,1,NMC_25C_DST.csv,662,78.471255,gt65,49.5470499999974,True
NMC,DST,25.0,1,NMC_25C_DST.csv,733,78.60540999999999,gt65,49.53079000000071,True
NMC,DST,25.0,1,NMC_25C_DST.csv,1726,71.13879,gt65,49.48402999999962,True
NMC,DST,25.0,1,NMC_25C_DST.csv,2923,63.502590000000005,35to65,55.49963000000207,True
NMC,DST,25.0,1,NMC_25C_DST.csv,6593,38.194472000000005,35to65,1518.8340300000018,True
NMC,DST,25.0,1,NMC_25C_DST.csv,6706,36.74935,35to65,1798.0827099999988,True
NMC,DST,25.0,1,NMC_25C_DST.csv,7633,30.984113,le35,1254.6946299999981,True
NMC,DST,25.0,1,NMC_25C_DST.csv,8892,21.746677000000002,le35,994.2298899999987,True
NMC,DST,25.0,1,NMC_25C_DST.csv,9914,14.502966,le35,,False
NMC,DST,25.0,2,NMC_25C_DST.csv,662,78.471255,gt65,49.5470499999974,True
NMC,DST,25.0,2,NMC_25C_DST.csv,733,78.60540999999999,gt65,49.53079000000071,True
NMC,DST,25.0,2,NMC_25C_DST.csv,1726,71.13879,gt65,49.48402999999962,True
NMC,DST,25.0,2,NMC_25C_DST.csv,2923,63.502590000000005,35to65,100.96768000000156,True
NMC,DST,25.0,2,NMC_25C_DST.csv,6593,38.194472000000005,35to65,1514.803200000002,True
NMC,DST,25.0,2,NMC_25C_DST.csv,6706,36.74935,35to65,1760.7391800000005,True
NMC,DST,25.0,2,NMC_25C_DST.csv,7633,30.984113,le35,1185.117119999999,True
NMC,DST,25.0,2,NMC_25C_DST.csv,8892,21.746677000000002,le35,995.2451699999983,True
NMC,DST,25.0,2,NMC_25C_DST.csv,9914,14.502966,le35,706.8411400000005,True
NMC,DST,45.0,0,NMC_45C_DST.csv,735,80.177593,gt65,219.17033000000083,True
NMC,DST,45.0,0,NMC_45C_DST.csv,933,79.07845999999999,gt65,49.54646000000139,True
NMC,DST,45.0,0,NMC_45C_DST.csv,2141,69.66042999999999,gt65,240.2640300000021,True
NMC,DST,45.0,0,NMC_45C_DST.csv,4924,48.673627,35to65,1356.4466199999988,True
NMC,DST,45.0,0,NMC_45C_DST.csv,5871,42.414755,35to65,1070.9473499999986,True
NMC,DST,45.0,0,NMC_45C_DST.csv,5907,42.268118,35to65,860.5258999999969,True
NMC,DST,45.0,0,NMC_45C_DST.csv,7795,27.3572,le35,791.1382599999997,True
NMC,DST,45.0,0,NMC_45C_DST.csv,10714,6.359105,le35,49.734080000001995,True
NMC,DST,45.0,0,NMC_45C_DST.csv,11096,3.6172736,le35,,False
NMC,DST,45.0,1,NMC_45C_DST.csv,735,80.177593,gt65,219.17033000000083,True
NMC,DST,45.0,1,NMC_45C_DST.csv,933,79.07845999999999,gt65,49.54646000000139,True
NMC,DST,45.0,1,NMC_45C_DST.csv,2141,69.66042999999999,gt65,244.2954099999988,True
NMC,DST,45.0,1,NMC_45C_DST.csv,4924,48.673627,35to65,1216.9945000000007,True
NMC,DST,45.0,1,NMC_45C_DST.csv,5871,42.414755,35to65,872.8223499999986,True
NMC,DST,45.0,1,NMC_45C_DST.csv,5907,42.268118,35to65,833.244789999997,True
NMC,DST,45.0,1,NMC_45C_DST.csv,7795,27.3572,le35,1049.855209999998,True
NMC,DST,45.0,1,NMC_45C_DST.csv,10714,6.359105,le35,49.734080000001995,True
NMC,DST,45.0,1,NMC_45C_DST.csv,11096,3.6172736,le35,49.49962999999843,True
NMC,DST,45.0,2,NMC_45C_DST.csv,735,80.177593,gt65,219.17033000000083,True
NMC,DST,45.0,2,NMC_45C_DST.csv,933,79.07845999999999,gt65,49.54646000000139,True
NMC,DST,45.0,2,NMC_45C_DST.csv,2141,69.66042999999999,gt65,243.27966000000015,True
NMC,DST,45.0,2,NMC_45C_DST.csv,4924,48.673627,35to65,1346.337019999999,True
NMC,DST,45.0,2,NMC_45C_DST.csv,5871,42.414755,35to65,1072.963029999999,True
NMC,DST,45.0,2,NMC_45C_DST.csv,5907,42.268118,35to65,838.29162,True
NMC,DST,45.0,2,NMC_45C_DST.csv,7795,27.3572,le35,1019.5426099999968,True
NMC,DST,45.0,2,NMC_45C_DST.csv,10714,6.359105,le35,49.734080000001995,True
NMC,DST,45.0,2,NMC_45C_DST.csv,11096,3.6172736,le35,208.52981,True
NMC,FUDS,0.0,0,NMC_0C_FUDS.csv,551,79.566014,gt65,49.48367000000144,True
NMC,FUDS,0.0,0,NMC_0C_FUDS.csv,617,79.193753,gt65,49.546119999999064,True
NMC,FUDS,0.0,0,NMC_0C_FUDS.csv,2573,65.062636,gt65,1921.836610000002,True
NMC,FUDS,0.0,0,NMC_0C_FUDS.csv,2936,62.043124000000006,35to65,2942.0085099999997,True
NMC,FUDS,0.0,0,NMC_0C_FUDS.csv,4184,53.135085000000004,35to65,2862.978949999997,True
NMC,FUDS,0.0,0,NMC_0C_FUDS.csv,5796,39.527944,35to65,1742.446600000003,True
NMC,FUDS,0.0,0,NMC_0C_FUDS.csv,6907,32.573423,le35,653.4915599999986,True
NMC,FUDS,0.0,0,NMC_0C_FUDS.csv,7156,29.191235,le35,1422.6700500000006,True
NMC,FUDS,0.0,0,NMC_0C_FUDS.csv,8556,18.58072,le35,,False
NMC,FUDS,0.0,1,NMC_0C_FUDS.csv,551,79.566014,gt65,49.48367000000144,True
NMC,FUDS,0.0,1,NMC_0C_FUDS.csv,617,79.193753,gt65,49.546119999999064,True
NMC,FUDS,0.0,1,NMC_0C_FUDS.csv,2573,65.062636,gt65,1966.3361900000018,True
NMC,FUDS,0.0,1,NMC_0C_FUDS.csv,2936,62.043124000000006,35to65,2974.320609999999,True
NMC,FUDS,0.0,1,NMC_0C_FUDS.csv,4184,53.135085000000004,35to65,2824.6671199999982,True
NMC,FUDS,0.0,1,NMC_0C_FUDS.csv,5796,39.527944,35to65,1656.6194700000015,True
NMC,FUDS,0.0,1,NMC_0C_FUDS.csv,6907,32.573423,le35,538.2589499999995,True
NMC,FUDS,0.0,1,NMC_0C_FUDS.csv,7156,29.191235,le35,1353.9052200000006,True
NMC,FUDS,0.0,1,NMC_0C_FUDS.csv,8556,18.58072,le35,,False
NMC,FUDS,0.0,2,NMC_0C_FUDS.csv,551,79.566014,gt65,49.48367000000144,True
NMC,FUDS,0.0,2,NMC_0C_FUDS.csv,617,79.193753,gt65,49.546119999999064,True
NMC,FUDS,0.0,2,NMC_0C_FUDS.csv,2573,65.062636,gt65,1984.523390000002,True
NMC,FUDS,0.0,2,NMC_0C_FUDS.csv,2936,62.043124000000006,35to65,2943.008529999999,True
NMC,FUDS,0.0,2,NMC_0C_FUDS.csv,4184,53.135085000000004,35to65,2749.902399999999,True
NMC,FUDS,0.0,2,NMC_0C_FUDS.csv,5796,39.527944,35to65,1503.1372200000005,True
NMC,FUDS,0.0,2,NMC_0C_FUDS.csv,6907,32.573423,le35,534.2430899999999,True
NMC,FUDS,0.0,2,NMC_0C_FUDS.csv,7156,29.191235,le35,1120.6739000000016,True
NMC,FUDS,0.0,2,NMC_0C_FUDS.csv,8556,18.58072,le35,,False
NMC,FUDS,25.0,0,NMC_25C_FUDS.csv,307,80.23237,gt65,49.45264999999927,True
NMC,FUDS,25.0,0,NMC_25C_FUDS.csv,1196,75.31744,gt65,49.57757000000129,True
NMC,FUDS,25.0,0,NMC_25C_FUDS.csv,2251,67.713314,gt65,2155.238080000003,True
NMC,FUDS,25.0,0,NMC_25C_FUDS.csv,4170,55.905499999999996,35to65,2091.0495599999995,True
NMC,FUDS,25.0,0,NMC_25C_FUDS.csv,4205,55.86295,35to65,1756.53615,True
NMC,FUDS,25.0,0,NMC_25C_FUDS.csv,6764,38.693884,35to65,1637.8971900000033,True
NMC,FUDS,25.0,0,NMC_25C_FUDS.csv,9001,22.919627000000002,le35,2110.6927399999986,True
NMC,FUDS,25.0,0,NMC_25C_FUDS.csv,9322,21.376765,le35,,False
NMC,FUDS,25.0,0,NMC_25C_FUDS.csv,11010,10.8286805,le35,,False
NMC,FUDS,25.0,1,NMC_25C_FUDS.csv,307,80.23237,gt65,49.45264999999927,True
NMC,FUDS,25.0,1,NMC_25C_FUDS.csv,1196,75.31744,gt65,56.640189999998256,True
NMC,FUDS,25.0,1,NMC_25C_FUDS.csv,2251,67.713314,gt65,49.515299999999115,True
NMC,FUDS,25.0,1,NMC_25C_FUDS.csv,4170,55.905499999999996,35to65,1795.019779999995,True
NMC,FUDS,25.0,1,NMC_25C_FUDS.csv,4205,55.86295,35to65,1753.5205399999977,True
NMC,FUDS,25.0,1,NMC_25C_FUDS.csv,6764,38.693884,35to65,1329.8851700000014,True
NMC,FUDS,25.0,1,NMC_25C_FUDS.csv,9001,22.919627000000002,le35,2085.5834600000017,True
NMC,FUDS,25.0,1,NMC_25C_FUDS.csv,9322,21.376765,le35,1763.2574800000002,True
NMC,FUDS,25.0,1,NMC_25C_FUDS.csv,11010,10.8286805,le35,,False
NMC,FUDS,25.0,2,NMC_25C_FUDS.csv,307,80.23237,gt65,49.45264999999927,True
NMC,FUDS,25.0,2,NMC_25C_FUDS.csv,1196,75.31744,gt65,49.57757000000129,True
NMC,FUDS,25.0,2,NMC_25C_FUDS.csv,2251,67.713314,gt65,49.515299999999115,True
NMC,FUDS,25.0,2,NMC_25C_FUDS.csv,4170,55.905499999999996,35to65,1771.8485,True
NMC,FUDS,25.0,2,NMC_25C_FUDS.csv,4205,55.86295,35to65,1664.739880000001,True
NMC,FUDS,25.0,2,NMC_25C_FUDS.csv,6764,38.693884,35to65,1297.61982,True
NMC,FUDS,25.0,2,NMC_25C_FUDS.csv,9001,22.919627000000002,le35,1687.5832200000004,True
NMC,FUDS,25.0,2,NMC_25C_FUDS.csv,9322,21.376765,le35,1761.2417799999967,True
NMC,FUDS,25.0,2,NMC_25C_FUDS.csv,11010,10.8286805,le35,,False
NMC,FUDS,45.0,0,NMC_45C_FUDS.csv,1178,76.96330999999999,gt65,80.03074000000197,True
NMC,FUDS,45.0,0,NMC_45C_FUDS.csv,1343,76.07037,gt65,51.51482000000033,True
NMC,FUDS,45.0,0,NMC_45C_FUDS.csv,2203,69.03356000000001,gt65,49.65584999999919,True
NMC,FUDS,45.0,0,NMC_45C_FUDS.csv,3389,60.775185,35to65,2547.081539999999,True
NMC,FUDS,45.0,0,NMC_45C_FUDS.csv,3529,59.59826,35to65,2500.472569999998,True
NMC,FUDS,45.0,0,NMC_45C_FUDS.csv,5830,43.324003,35to65,2615.7203899999986,True
NMC,FUDS,45.0,0,NMC_45C_FUDS.csv,7154,33.716124,le35,2650.1259199999986,True
NMC,FUDS,45.0,0,NMC_45C_FUDS.csv,8361,26.070133000000002,le35,2461.4220499999974,True
NMC,FUDS,45.0,0,NMC_45C_FUDS.csv,10039,13.310994,le35,1068.666409999998,True
NMC,FUDS,45.0,1,NMC_45C_FUDS.csv,1178,76.96330999999999,gt65,387.30933000000005,True
NMC,FUDS,45.0,1,NMC_45C_FUDS.csv,1343,76.07037,gt65,243.54473000000144,True
NMC,FUDS,45.0,1,NMC_45C_FUDS.csv,2203,69.03356000000001,gt65,579.2625200000002,True
NMC,FUDS,45.0,1,NMC_45C_FUDS.csv,3389,60.775185,35to65,49.54627999999866,True
NMC,FUDS,45.0,1,NMC_45C_FUDS.csv,3529,59.59826,35to65,2337.73934,True
NMC,FUDS,45.0,1,NMC_45C_FUDS.csv,5830,43.324003,35to65,1465.0232099999994,True
NMC,FUDS,45.0,1,NMC_45C_FUDS.csv,7154,33.716124,le35,2650.1259199999986,True
NMC,FUDS,45.0,1,NMC_45C_FUDS.csv,8361,26.070133000000002,le35,1749.1928899999984,True
NMC,FUDS,45.0,1,NMC_45C_FUDS.csv,10039,13.310994,le35,1068.666409999998,True
NMC,FUDS,45.0,2,NMC_45C_FUDS.csv,1178,76.96330999999999,gt65,404.4810800000014,True
NMC,FUDS,45.0,2,NMC_45C_FUDS.csv,1343,76.07037,gt65,261.81019000000015,True
NMC,FUDS,45.0,2,NMC_45C_FUDS.csv,2203,69.03356000000001,gt65,577.2312999999995,True
NMC,FUDS,45.0,2,NMC_45C_FUDS.csv,3389,60.775185,35to65,49.54627999999866,True
NMC,FUDS,45.0,2,NMC_45C_FUDS.csv,3529,59.59826,35to65,2196.3183900000004,True
NMC,FUDS,45.0,2,NMC_45C_FUDS.csv,5830,43.324003,35to65,1464.0231999999996,True
NMC,FUDS,45.0,2,NMC_45C_FUDS.csv,7154,33.716124,le35,1844.1454299999968,True
NMC,FUDS,45.0,2,NMC_45C_FUDS.csv,8361,26.070133000000002,le35,1747.19268,True
NMC,FUDS,45.0,2,NMC_45C_FUDS.csv,10039,13.310994,le35,1117.1505899999975,True
NMC,US06,0.0,0,NMC_0C_US06.csv,436,80.9109,gt65,140.37298999999985,True
NMC,US06,0.0,0,NMC_0C_US06.csv,1323,74.38628,gt65,49.530399999999645,True
NMC,US06,0.0,0,NMC_0C_US06.csv,1959,68.91091499999999,gt65,49.49920999999813,True
NMC,US06,0.0,0,NMC_0C_US06.csv,2725,62.229466,35to65,235.51238000000012,True
NMC,US06,0.0,0,NMC_0C_US06.csv,3199,58.638822999999995,35to65,1041.2860900000014,True
NMC,US06,0.0,0,NMC_0C_US06.csv,4893,44.94544,35to65,2743.02953,True
NMC,US06,0.0,0,NMC_0C_US06.csv,7609,22.393052,le35,360.15236000000004,True
NMC,US06,0.0,0,NMC_0C_US06.csv,7869,20.471961999999998,le35,1155.5186900000008,True
NMC,US06,0.0,0,NMC_0C_US06.csv,8221,17.469893,le35,820.9608200000002,True
NMC,US06,0.0,1,NMC_0C_US06.csv,436,80.9109,gt65,49.51484999999957,True
NMC,US06,0.0,1,NMC_0C_US06.csv,1323,74.38628,gt65,49.530399999999645,True
NMC,US06,0.0,1,NMC_0C_US06.csv,1959,68.91091499999999,gt65,49.49920999999813,True
NMC,US06,0.0,1,NMC_0C_US06.csv,2725,62.229466,35to65,126.35757999999987,True
NMC,US06,0.0,1,NMC_0C_US06.csv,3199,58.638822999999995,35to65,264.85573999999906,True
NMC,US06,0.0,1,NMC_0C_US06.csv,4893,44.94544,35to65,2556.8444600000003,True
NMC,US06,0.0,1,NMC_0C_US06.csv,7609,22.393052,le35,258.04437999999936,True
NMC,US06,0.0,1,NMC_0C_US06.csv,7869,20.471961999999998,le35,1163.6435899999997,True
NMC,US06,0.0,1,NMC_0C_US06.csv,8221,17.469893,le35,858.4133899999979,True
NMC,US06,0.0,2,NMC_0C_US06.csv,436,80.9109,gt65,500.02742000000217,True
NMC,US06,0.0,2,NMC_0C_US06.csv,1323,74.38628,gt65,49.530399999999645,True
NMC,US06,0.0,2,NMC_0C_US06.csv,1959,68.91091499999999,gt65,70.70224999999846,True
NMC,US06,0.0,2,NMC_0C_US06.csv,2725,62.229466,35to65,346.23073999999906,True
NMC,US06,0.0,2,NMC_0C_US06.csv,3199,58.638822999999995,35to65,1065.58266,True
NMC,US06,0.0,2,NMC_0C_US06.csv,4893,44.94544,35to65,2753.16993,True
NMC,US06,0.0,2,NMC_0C_US06.csv,7609,22.393052,le35,326.8090599999996,True
NMC,US06,0.0,2,NMC_0C_US06.csv,7869,20.471961999999998,le35,1124.22221,True
NMC,US06,0.0,2,NMC_0C_US06.csv,8221,17.469893,le35,798.6486100000002,True
NMC,US06,25.0,0,NMC_25C_US06.csv,201,82.004666,gt65,137.2946600000014,True
NMC,US06,25.0,0,NMC_25C_US06.csv,819,77.56324,gt65,76.67104999999901,True
NMC,US06,25.0,0,NMC_25C_US06.csv,1475,72.89035,gt65,56.56242999999995,True
NMC,US06,25.0,0,NMC_25C_US06.csv,3155,60.995524999999994,35to65,49.51510000000053,True
NMC,US06,25.0,0,NMC_25C_US06.csv,3363,59.076977,35to65,280.7793500000007,True
NMC,US06,25.0,0,NMC_25C_US06.csv,5323,45.543993,35to65,1686.62457,True
NMC,US06,25.0,0,NMC_25C_US06.csv,7807,27.779594000000003,le35,806.1017299999985,True
NMC,US06,25.0,0,NMC_25C_US06.csv,8367,23.926339,le35,474.68231000000014,True
NMC,US06,25.0,0,NMC_25C_US06.csv,10458,8.428372000000001,le35,,False
NMC,US06,25.0,1,NMC_25C_US06.csv,201,82.004666,gt65,49.46802000000025,True
NMC,US06,25.0,1,NMC_25C_US06.csv,819,77.56324,gt65,49.39008999999896,True
NMC,US06,25.0,1,NMC_25C_US06.csv,1475,72.89035,gt65,49.499949999999444,True
NMC,US06,25.0,1,NMC_25C_US06.csv,3155,60.995524999999994,35to65,49.51510000000053,True
NMC,US06,25.0,1,NMC_25C_US06.csv,3363,59.076977,35to65,49.5303700000004,True
NMC,US06,25.0,1,NMC_25C_US06.csv,5323,45.543993,35to65,929.21126,True
NMC,US06,25.0,1,NMC_25C_US06.csv,7807,27.779594000000003,le35,806.1017299999985,True
NMC,US06,25.0,1,NMC_25C_US06.csv,8367,23.926339,le35,474.68231000000014,True
NMC,US06,25.0,1,NMC_25C_US06.csv,10458,8.428372000000001,le35,,False
NMC,US06,25.0,2,NMC_25C_US06.csv,201,82.004666,gt65,122.12348999999995,True
NMC,US06,25.0,2,NMC_25C_US06.csv,819,77.56324,gt65,65.53064999999879,True
NMC,US06,25.0,2,NMC_25C_US06.csv,1475,72.89035,gt65,49.499949999999444,True
NMC,US06,25.0,2,NMC_25C_US06.csv,3155,60.995524999999994,35to65,49.51510000000053,True
NMC,US06,25.0,2,NMC_25C_US06.csv,3363,59.076977,35to65,162.68553000000065,True
NMC,US06,25.0,2,NMC_25C_US06.csv,5323,45.543993,35to65,1529.0321199999998,True
NMC,US06,25.0,2,NMC_25C_US06.csv,7807,27.779594000000003,le35,821.1956899999968,True
NMC,US06,25.0,2,NMC_25C_US06.csv,8367,23.926339,le35,726.4142700000011,True
NMC,US06,25.0,2,NMC_25C_US06.csv,10458,8.428372000000001,le35,200.95110999999815,True
NMC,US06,45.0,0,NMC_45C_US06.csv,496,81.786263,gt65,49.51525000000038,True
NMC,US06,45.0,0,NMC_45C_US06.csv,2152,68.827116,gt65,49.515299999999115,True
NMC,US06,45.0,0,NMC_45C_US06.csv,2611,65.633565,gt65,49.59334999999919,True
NMC,US06,45.0,0,NMC_45C_US06.csv,4171,53.94594,35to65,1670.4565199999997,True
NMC,US06,45.0,0,NMC_45C_US06.csv,4296,53.055859999999996,35to65,1543.8793800000021,True
NMC,US06,45.0,0,NMC_45C_US06.csv,6583,35.689375,35to65,877.9961299999995,True
NMC,US06,45.0,0,NMC_45C_US06.csv,6863,32.87462,le35,1195.1843100000006,True
NMC,US06,45.0,0,NMC_45C_US06.csv,8155,22.988310000000002,le35,1298.2724100000014,True
NMC,US06,45.0,0,NMC_45C_US06.csv,8384,21.694194,le35,1461.3658700000015,True
NMC,US06,45.0,1,NMC_45C_US06.csv,496,81.786263,gt65,422.1243800000011,True
NMC,US06,45.0,1,NMC_45C_US06.csv,2152,68.827116,gt65,1028.0108899999977,True
NMC,US06,45.0,1,NMC_45C_US06.csv,2611,65.633565,gt65,694.9965699999993,True
NMC,US06,45.0,1,NMC_45C_US06.csv,4171,53.94594,35to65,104.31174999999712,True
NMC,US06,45.0,1,NMC_45C_US06.csv,4296,53.055859999999996,35to65,76.85882000000129,True
NMC,US06,45.0,1,NMC_45C_US06.csv,6583,35.689375,35to65,457.88696999999956,True
NMC,US06,45.0,1,NMC_45C_US06.csv,6863,32.87462,le35,1167.856450000003,True
NMC,US06,45.0,1,NMC_45C_US06.csv,8155,22.988310000000002,le35,1090.9770300000018,True
NMC,US06,45.0,1,NMC_45C_US06.csv,8384,21.694194,le35,1318.6952300000012,True
NMC,US06,45.0,2,NMC_45C_US06.csv,496,81.786263,gt65,49.51525000000038,True
NMC,US06,45.0,2,NMC_45C_US06.csv,2152,68.827116,gt65,49.515299999999115,True
NMC,US06,45.0,2,NMC_45C_US06.csv,2611,65.633565,gt65,61.71827000000121,True
NMC,US06,45.0,2,NMC_45C_US06.csv,4171,53.94594,35to65,456.1217199999992,True
NMC,US06,45.0,2,NMC_45C_US06.csv,4296,53.055859999999996,35to65,330.5601999999999,True
NMC,US06,45.0,2,NMC_45C_US06.csv,6583,35.689375,35to65,850.6835699999974,True
NMC,US06,45.0,2,NMC_45C_US06.csv,6863,32.87462,le35,1298.2618000000002,True
NMC,US06,45.0,2,NMC_45C_US06.csv,8155,22.988310000000002,le35,1311.444190000002,True
NMC,US06,45.0,2,NMC_45C_US06.csv,8384,21.694194,le35,1461.3658700000015,True
