chemistry,holdout,temperature_C,seed,record,n_predictions,max_abs_diff,passed_atol_1e6
LFP,DST,-10.0,0,LFP_-10C_DST.csv,5235,2.9789733901885995e-08,True
LFP,DST,-10.0,1,LFP_-10C_DST.csv,5235,2.9797363243488917e-08,True
LFP,DST,-10.0,2,LFP_-10C_DST.csv,5235,2.9733276396548547e-08,True
LFP,DST,0.0,0,LFP_0C_DST.csv,6671,2.9723358108135756e-08,True
LFP,DST,0.0,1,LFP_0C_DST.csv,6671,2.979507440770135e-08,True
LFP,DST,0.0,2,LFP_0C_DST.csv,6671,2.9790496847148518e-08,True
LFP,DST,10.0,0,LFP_10C_DST.csv,7031,2.978439328504834e-08,True
LFP,DST,10.0,1,LFP_10C_DST.csv,7031,2.9798889134013962e-08,True
LFP,DST,10.0,2,LFP_10C_DST.csv,7031,2.979812618875144e-08,True
LFP,DST,20.0,0,LFP_20C_DST.csv,7254,2.980117796980153e-08,True
LFP,DST,20.0,1,LFP_20C_DST.csv,7254,2.979431157346113e-08,True
LFP,DST,20.0,2,LFP_20C_DST.csv,7254,2.979431157346113e-08,True
LFP,DST,25.0,0,LFP_25C_DST.csv,7319,2.9798889134013962e-08,True
LFP,DST,25.0,1,LFP_25C_DST.csv,7319,2.9782867394523294e-08,True
LFP,DST,25.0,2,LFP_25C_DST.csv,7319,2.980194091506405e-08,True
LFP,DST,30.0,0,LFP_30C_DST.csv,7391,2.9798889134013962e-08,True
LFP,DST,30.0,1,LFP_30C_DST.csv,7391,2.9797363243488917e-08,True
LFP,DST,30.0,2,LFP_30C_DST.csv,7391,2.9796600298226394e-08,True
LFP,DST,40.0,0,LFP_40C_DST.csv,7397,2.9792022737673562e-08,True
LFP,DST,40.0,1,LFP_40C_DST.csv,7397,2.979812618875144e-08,True
LFP,DST,40.0,2,LFP_40C_DST.csv,7397,2.9776763943445417e-08,True
LFP,DST,50.0,0,LFP_50C_DST.csv,7415,2.977828983397046e-08,True
LFP,DST,50.0,1,LFP_50C_DST.csv,7415,2.9800415024539006e-08,True
LFP,DST,50.0,2,LFP_50C_DST.csv,7415,2.980117796980153e-08,True
LFP,FUDS,-10.0,0,LFP_-10C_FUDS.csv,5621,2.9799652079276484e-08,True
LFP,FUDS,-10.0,1,LFP_-10C_FUDS.csv,5621,2.979431157346113e-08,True
LFP,FUDS,-10.0,2,LFP_-10C_FUDS.csv,5621,2.9786682120835906e-08,True
LFP,FUDS,0.0,0,LFP_0C_FUDS.csv,6965,2.9799652079276484e-08,True
LFP,FUDS,0.0,1,LFP_0C_FUDS.csv,6965,2.979812618875144e-08,True
LFP,FUDS,0.0,2,LFP_0C_FUDS.csv,6965,2.980194091506405e-08,True
LFP,FUDS,10.0,0,LFP_10C_FUDS.csv,7021,2.9798889134013962e-08,True
LFP,FUDS,10.0,1,LFP_10C_FUDS.csv,7021,2.9737091011838857e-08,True
LFP,FUDS,10.0,2,LFP_10C_FUDS.csv,7021,2.9785919175573383e-08,True
LFP,FUDS,20.0,0,LFP_20C_FUDS.csv,7249,2.9796600298226394e-08,True
LFP,FUDS,20.0,1,LFP_20C_FUDS.csv,7249,2.980194091506405e-08,True
LFP,FUDS,20.0,2,LFP_20C_FUDS.csv,7249,2.979812618875144e-08,True
LFP,FUDS,25.0,0,LFP_25C_FUDS.csv,7323,2.9800415024539006e-08,True
LFP,FUDS,25.0,1,LFP_25C_FUDS.csv,7323,2.9789733901885995e-08,True
LFP,FUDS,25.0,2,LFP_25C_FUDS.csv,7323,2.979507440770135e-08,True
LFP,FUDS,30.0,0,LFP_30C_FUDS.csv,7397,2.978439328504834e-08,True
LFP,FUDS,30.0,1,LFP_30C_FUDS.csv,7397,2.9797363243488917e-08,True
LFP,FUDS,30.0,2,LFP_30C_FUDS.csv,7397,2.9795837352963872e-08,True
LFP,FUDS,40.0,0,LFP_40C_FUDS.csv,7529,2.979431157346113e-08,True
LFP,FUDS,40.0,1,LFP_40C_FUDS.csv,7529,2.976074220395475e-08,True
LFP,FUDS,40.0,2,LFP_40C_FUDS.csv,7529,2.9792022737673562e-08,True
LFP,FUDS,50.0,0,LFP_50C_FUDS.csv,7565,2.9795837352963872e-08,True
LFP,FUDS,50.0,1,LFP_50C_FUDS.csv,7565,2.980117796980153e-08,True
LFP,FUDS,50.0,2,LFP_50C_FUDS.csv,7565,2.9799652079276484e-08,True
LFP,US06,-10.0,0,LFP_-10C_US06.csv,5051,2.9795837352963872e-08,True
LFP,US06,-10.0,1,LFP_-10C_US06.csv,5051,2.9786682120835906e-08,True
LFP,US06,-10.0,2,LFP_-10C_US06.csv,5051,2.9752349806067002e-08,True
LFP,US06,0.0,0,LFP_0C_US06.csv,6234,7.307659150024293e-08,True
LFP,US06,0.0,1,LFP_0C_US06.csv,6234,9.176385878939541e-08,True
LFP,US06,0.0,2,LFP_0C_US06.csv,6234,5.493186951144313e-08,True
LFP,US06,10.0,0,LFP_10C_US06.csv,6727,2.9766082709770103e-08,True
LFP,US06,10.0,1,LFP_10C_US06.csv,6727,2.9772186271870282e-08,True
LFP,US06,10.0,2,LFP_10C_US06.csv,6727,2.9793548628198607e-08,True
LFP,US06,20.0,0,LFP_20C_US06.csv,6849,2.978820801136095e-08,True
LFP,US06,20.0,1,LFP_20C_US06.csv,6849,2.978210444926077e-08,True
LFP,US06,20.0,2,LFP_20C_US06.csv,6849,2.9769134490820193e-08,True
LFP,US06,25.0,0,LFP_25C_US06.csv,6908,2.980194091506405e-08,True
LFP,US06,25.0,1,LFP_25C_US06.csv,6908,2.9790496847148518e-08,True
LFP,US06,25.0,2,LFP_25C_US06.csv,6908,2.9789733901885995e-08,True
LFP,US06,30.0,0,LFP_30C_US06.csv,6953,2.9798889134013962e-08,True
LFP,US06,30.0,1,LFP_30C_US06.csv,6953,2.977142332660776e-08,True
LFP,US06,30.0,2,LFP_30C_US06.csv,6953,2.9782867394523294e-08,True
LFP,US06,40.0,0,LFP_40C_US06.csv,7095,2.980117796980153e-08,True
LFP,US06,40.0,1,LFP_40C_US06.csv,7095,2.979125979241104e-08,True
LFP,US06,40.0,2,LFP_40C_US06.csv,7095,2.9782867394523294e-08,True
LFP,US06,50.0,0,LFP_50C_US06.csv,7116,2.9793548628198607e-08,True
LFP,US06,50.0,1,LFP_50C_US06.csv,7116,2.9790496847148518e-08,True
LFP,US06,50.0,2,LFP_50C_US06.csv,7116,2.9752349806067002e-08,True
NMC,DST,0.0,0,NMC_0C_DST.csv,9478,2.979507440770135e-08,True
NMC,DST,0.0,1,NMC_0C_DST.csv,9478,2.9795837352963872e-08,True
NMC,DST,0.0,2,NMC_0C_DST.csv,9478,2.9796600298226394e-08,True
NMC,DST,25.0,0,NMC_25C_DST.csv,10572,2.979812618875144e-08,True
NMC,DST,25.0,1,NMC_25C_DST.csv,10572,2.9796600298226394e-08,True
NMC,DST,25.0,2,NMC_25C_DST.csv,10572,2.976074220395475e-08,True
NMC,DST,45.0,0,NMC_45C_DST.csv,11255,2.9795837352963872e-08,True
NMC,DST,45.0,1,NMC_45C_DST.csv,11255,2.9792785682936085e-08,True
NMC,DST,45.0,2,NMC_45C_DST.csv,11255,2.980117796980153e-08,True
NMC,FUDS,0.0,0,NMC_0C_FUDS.csv,9658,2.9775238052920372e-08,True
NMC,FUDS,0.0,1,NMC_0C_FUDS.csv,9658,2.978820801136095e-08,True
NMC,FUDS,0.0,2,NMC_0C_FUDS.csv,9658,2.9800415024539006e-08,True
NMC,FUDS,25.0,0,NMC_25C_FUDS.csv,11043,2.9790496847148518e-08,True
NMC,FUDS,25.0,1,NMC_25C_FUDS.csv,11043,2.9783630339785816e-08,True
NMC,FUDS,25.0,2,NMC_25C_FUDS.csv,11043,2.9799652079276484e-08,True
NMC,FUDS,45.0,0,NMC_45C_FUDS.csv,11577,2.9790496847148518e-08,True
NMC,FUDS,45.0,1,NMC_45C_FUDS.csv,11577,2.979431157346113e-08,True
NMC,FUDS,45.0,2,NMC_45C_FUDS.csv,11577,2.9782867394523294e-08,True
NMC,US06,0.0,0,NMC_0C_US06.csv,9433,2.979125979241104e-08,True
NMC,US06,0.0,1,NMC_0C_US06.csv,9433,2.9785919175573383e-08,True
NMC,US06,0.0,2,NMC_0C_US06.csv,9433,2.9793548628198607e-08,True
NMC,US06,25.0,0,NMC_25C_US06.csv,10631,2.9790496847148518e-08,True
NMC,US06,25.0,1,NMC_25C_US06.csv,10631,2.9796600298226394e-08,True
NMC,US06,25.0,2,NMC_25C_US06.csv,10631,2.9785919175573383e-08,True
NMC,US06,45.0,0,NMC_45C_US06.csv,10835,2.9800415024539006e-08,True
NMC,US06,45.0,1,NMC_45C_US06.csv,10835,3.102544784278072e-08,True
NMC,US06,45.0,2,NMC_45C_US06.csv,10835,2.977828983397046e-08,True
