analysis_stage,condition,tier,architecture,head,feature,holdout,seed,temperature_C,MAE_pct,batch_size,source_file,variant,temperature_clamped,clamped_sample_fraction,network_weight_source,measurement_asset_source
review_defense_c4_zeroshot,all8_train_all8_test,c4,gru,plain_linear,T6,DST,0,-10.0,26.662500518285242,,${SOURCE_WORKSPACE}/LFP_REMOTE_EXACT_COPY_20260713/DL/CEMA_LFP/lfp_confirmatory_minipanel/prepared_data_ocv_discharge_soc/-10C/LFP_-10C_DST.csv,measurement_adapted,False,0.0,${SOURCE_WORKSPACE}/DL/CEMA_CARRIER_FAIRNESS_ABLATIONS_20260803/t6_plain_downstream_20260804/inference_pkg_nmc/T6/DST/0,${SOURCE_WORKSPACE}/DL/CEMA_CARRIER_FAIRNESS_ABLATIONS_20260803/t6_plain_downstream_20260804/inference_pkg_lfp/T6/DST/0
review_defense_c4_zeroshot,all8_train_all8_test,c4,gru,plain_linear,T6,DST,0,0.0,14.659616530682992,,${SOURCE_WORKSPACE}/LFP_REMOTE_EXACT_COPY_20260713/DL/CEMA_LFP/lfp_confirmatory_minipanel/prepared_data_ocv_discharge_soc/0C/LFP_0C_DST.csv,measurement_adapted,False,0.0,${SOURCE_WORKSPACE}/DL/CEMA_CARRIER_FAIRNESS_ABLATIONS_20260803/t6_plain_downstream_20260804/inference_pkg_nmc/T6/DST/0,${SOURCE_WORKSPACE}/DL/CEMA_CARRIER_FAIRNESS_ABLATIONS_20260803/t6_plain_downstream_20260804/inference_pkg_lfp/T6/DST/0
review_defense_c4_zeroshot,all8_train_all8_test,c4,gru,plain_linear,T6,DST,0,10.0,8.682057383421888,,${SOURCE_WORKSPACE}/LFP_REMOTE_EXACT_COPY_20260713/DL/CEMA_LFP/lfp_confirmatory_minipanel/prepared_data_ocv_discharge_soc/10C/LFP_10C_DST.csv,measurement_adapted,False,0.0,${SOURCE_WORKSPACE}/DL/CEMA_CARRIER_FAIRNESS_ABLATIONS_20260803/t6_plain_downstream_20260804/inference_pkg_nmc/T6/DST/0,${SOURCE_WORKSPACE}/DL/CEMA_CARRIER_FAIRNESS_ABLATIONS_20260803/t6_plain_downstream_20260804/inference_pkg_lfp/T6/DST/0
review_defense_c4_zeroshot,all8_train_all8_test,c4,gru,plain_linear,T6,DST,0,20.0,9.587666051717646,,${SOURCE_WORKSPACE}/LFP_REMOTE_EXACT_COPY_20260713/DL/CEMA_LFP/lfp_confirmatory_minipanel/prepared_data_ocv_discharge_soc/20C/LFP_20C_DST.csv,measurement_adapted,False,0.0,${SOURCE_WORKSPACE}/DL/CEMA_CARRIER_FAIRNESS_ABLATIONS_20260803/t6_plain_downstream_20260804/inference_pkg_nmc/T6/DST/0,${SOURCE_WORKSPACE}/DL/CEMA_CARRIER_FAIRNESS_ABLATIONS_20260803/t6_plain_downstream_20260804/inference_pkg_lfp/T6/DST/0
review_defense_c4_zeroshot,all8_train_all8_test,c4,gru,plain_linear,T6,DST,0,25.0,10.352676898198231,,${SOURCE_WORKSPACE}/LFP_REMOTE_EXACT_COPY_20260713/DL/CEMA_LFP/lfp_confirmatory_minipanel/prepared_data_ocv_discharge_soc/25C/LFP_25C_DST.csv,measurement_adapted,False,0.0,${SOURCE_WORKSPACE}/DL/CEMA_CARRIER_FAIRNESS_ABLATIONS_20260803/t6_plain_downstream_20260804/inference_pkg_nmc/T6/DST/0,${SOURCE_WORKSPACE}/DL/CEMA_CARRIER_FAIRNESS_ABLATIONS_20260803/t6_plain_downstream_20260804/inference_pkg_lfp/T6/DST/0
review_defense_c4_zeroshot,all8_train_all8_test,c4,gru,plain_linear,T6,DST,0,30.0,10.551879174919485,,${SOURCE_WORKSPACE}/LFP_REMOTE_EXACT_COPY_20260713/DL/CEMA_LFP/lfp_confirmatory_minipanel/prepared_data_ocv_discharge_soc/30C/LFP_30C_DST.csv,measurement_adapted,False,0.0,${SOURCE_WORKSPACE}/DL/CEMA_CARRIER_FAIRNESS_ABLATIONS_20260803/t6_plain_downstream_20260804/inference_pkg_nmc/T6/DST/0,${SOURCE_WORKSPACE}/DL/CEMA_CARRIER_FAIRNESS_ABLATIONS_20260803/t6_plain_downstream_20260804/inference_pkg_lfp/T6/DST/0
review_defense_c4_zeroshot,all8_train_all8_test,c4,gru,plain_linear,T6,DST,0,40.0,10.935040950343456,,${SOURCE_WORKSPACE}/LFP_REMOTE_EXACT_COPY_20260713/DL/CEMA_LFP/lfp_confirmatory_minipanel/prepared_data_ocv_discharge_soc/40C/LFP_40C_DST.csv,measurement_adapted,False,0.0,${SOURCE_WORKSPACE}/DL/CEMA_CARRIER_FAIRNESS_ABLATIONS_20260803/t6_plain_downstream_20260804/inference_pkg_nmc/T6/DST/0,${SOURCE_WORKSPACE}/DL/CEMA_CARRIER_FAIRNESS_ABLATIONS_20260803/t6_plain_downstream_20260804/inference_pkg_lfp/T6/DST/0
review_defense_c4_zeroshot,all8_train_all8_test,c4,gru,plain_linear,T6,DST,0,50.0,10.739506381409578,,${SOURCE_WORKSPACE}/LFP_REMOTE_EXACT_COPY_20260713/DL/CEMA_LFP/lfp_confirmatory_minipanel/prepared_data_ocv_discharge_soc/50C/LFP_50C_DST.csv,measurement_adapted,False,0.0,${SOURCE_WORKSPACE}/DL/CEMA_CARRIER_FAIRNESS_ABLATIONS_20260803/t6_plain_downstream_20260804/inference_pkg_nmc/T6/DST/0,${SOURCE_WORKSPACE}/DL/CEMA_CARRIER_FAIRNESS_ABLATIONS_20260803/t6_plain_downstream_20260804/inference_pkg_lfp/T6/DST/0
review_defense_c4_zeroshot,all8_train_all8_test,c4,gru,plain_linear,T6,DST,1,-10.0,26.64554233319703,,${SOURCE_WORKSPACE}/LFP_REMOTE_EXACT_COPY_20260713/DL/CEMA_LFP/lfp_confirmatory_minipanel/prepared_data_ocv_discharge_soc/-10C/LFP_-10C_DST.csv,measurement_adapted,False,0.0,${SOURCE_WORKSPACE}/DL/CEMA_CARRIER_FAIRNESS_ABLATIONS_20260803/t6_plain_downstream_20260804/inference_pkg_nmc/T6/DST/1,${SOURCE_WORKSPACE}/DL/CEMA_CARRIER_FAIRNESS_ABLATIONS_20260803/t6_plain_downstream_20260804/inference_pkg_lfp/T6/DST/1
review_defense_c4_zeroshot,all8_train_all8_test,c4,gru,plain_linear,T6,DST,1,0.0,14.511433784667313,,${SOURCE_WORKSPACE}/LFP_REMOTE_EXACT_COPY_20260713/DL/CEMA_LFP/lfp_confirmatory_minipanel/prepared_data_ocv_discharge_soc/0C/LFP_0C_DST.csv,measurement_adapted,False,0.0,${SOURCE_WORKSPACE}/DL/CEMA_CARRIER_FAIRNESS_ABLATIONS_20260803/t6_plain_downstream_20260804/inference_pkg_nmc/T6/DST/1,${SOURCE_WORKSPACE}/DL/CEMA_CARRIER_FAIRNESS_ABLATIONS_20260803/t6_plain_downstream_20260804/inference_pkg_lfp/T6/DST/1
review_defense_c4_zeroshot,all8_train_all8_test,c4,gru,plain_linear,T6,DST,1,10.0,8.705196687978258,,${SOURCE_WORKSPACE}/LFP_REMOTE_EXACT_COPY_20260713/DL/CEMA_LFP/lfp_confirmatory_minipanel/prepared_data_ocv_discharge_soc/10C/LFP_10C_DST.csv,measurement_adapted,False,0.0,${SOURCE_WORKSPACE}/DL/CEMA_CARRIER_FAIRNESS_ABLATIONS_20260803/t6_plain_downstream_20260804/inference_pkg_nmc/T6/DST/1,${SOURCE_WORKSPACE}/DL/CEMA_CARRIER_FAIRNESS_ABLATIONS_20260803/t6_plain_downstream_20260804/inference_pkg_lfp/T6/DST/1
review_defense_c4_zeroshot,all8_train_all8_test,c4,gru,plain_linear,T6,DST,1,20.0,9.58681130412443,,${SOURCE_WORKSPACE}/LFP_REMOTE_EXACT_COPY_20260713/DL/CEMA_LFP/lfp_confirmatory_minipanel/prepared_data_ocv_discharge_soc/20C/LFP_20C_DST.csv,measurement_adapted,False,0.0,${SOURCE_WORKSPACE}/DL/CEMA_CARRIER_FAIRNESS_ABLATIONS_20260803/t6_plain_downstream_20260804/inference_pkg_nmc/T6/DST/1,${SOURCE_WORKSPACE}/DL/CEMA_CARRIER_FAIRNESS_ABLATIONS_20260803/t6_plain_downstream_20260804/inference_pkg_lfp/T6/DST/1
review_defense_c4_zeroshot,all8_train_all8_test,c4,gru,plain_linear,T6,DST,1,25.0,10.33431726021292,,${SOURCE_WORKSPACE}/LFP_REMOTE_EXACT_COPY_20260713/DL/CEMA_LFP/lfp_confirmatory_minipanel/prepared_data_ocv_discharge_soc/25C/LFP_25C_DST.csv,measurement_adapted,False,0.0,${SOURCE_WORKSPACE}/DL/CEMA_CARRIER_FAIRNESS_ABLATIONS_20260803/t6_plain_downstream_20260804/inference_pkg_nmc/T6/DST/1,${SOURCE_WORKSPACE}/DL/CEMA_CARRIER_FAIRNESS_ABLATIONS_20260803/t6_plain_downstream_20260804/inference_pkg_lfp/T6/DST/1
review_defense_c4_zeroshot,all8_train_all8_test,c4,gru,plain_linear,T6,DST,1,30.0,10.592150768622693,,${SOURCE_WORKSPACE}/LFP_REMOTE_EXACT_COPY_20260713/DL/CEMA_LFP/lfp_confirmatory_minipanel/prepared_data_ocv_discharge_soc/30C/LFP_30C_DST.csv,measurement_adapted,False,0.0,${SOURCE_WORKSPACE}/DL/CEMA_CARRIER_FAIRNESS_ABLATIONS_20260803/t6_plain_downstream_20260804/inference_pkg_nmc/T6/DST/1,${SOURCE_WORKSPACE}/DL/CEMA_CARRIER_FAIRNESS_ABLATIONS_20260803/t6_plain_downstream_20260804/inference_pkg_lfp/T6/DST/1
review_defense_c4_zeroshot,all8_train_all8_test,c4,gru,plain_linear,T6,DST,1,40.0,11.042377375427256,,${SOURCE_WORKSPACE}/LFP_REMOTE_EXACT_COPY_20260713/DL/CEMA_LFP/lfp_confirmatory_minipanel/prepared_data_ocv_discharge_soc/40C/LFP_40C_DST.csv,measurement_adapted,False,0.0,${SOURCE_WORKSPACE}/DL/CEMA_CARRIER_FAIRNESS_ABLATIONS_20260803/t6_plain_downstream_20260804/inference_pkg_nmc/T6/DST/1,${SOURCE_WORKSPACE}/DL/CEMA_CARRIER_FAIRNESS_ABLATIONS_20260803/t6_plain_downstream_20260804/inference_pkg_lfp/T6/DST/1
review_defense_c4_zeroshot,all8_train_all8_test,c4,gru,plain_linear,T6,DST,1,50.0,10.900825947669036,,${SOURCE_WORKSPACE}/LFP_REMOTE_EXACT_COPY_20260713/DL/CEMA_LFP/lfp_confirmatory_minipanel/prepared_data_ocv_discharge_soc/50C/LFP_50C_DST.csv,measurement_adapted,False,0.0,${SOURCE_WORKSPACE}/DL/CEMA_CARRIER_FAIRNESS_ABLATIONS_20260803/t6_plain_downstream_20260804/inference_pkg_nmc/T6/DST/1,${SOURCE_WORKSPACE}/DL/CEMA_CARRIER_FAIRNESS_ABLATIONS_20260803/t6_plain_downstream_20260804/inference_pkg_lfp/T6/DST/1
review_defense_c4_zeroshot,all8_train_all8_test,c4,gru,plain_linear,T6,DST,2,-10.0,26.846532794999217,,${SOURCE_WORKSPACE}/LFP_REMOTE_EXACT_COPY_20260713/DL/CEMA_LFP/lfp_confirmatory_minipanel/prepared_data_ocv_discharge_soc/-10C/LFP_-10C_DST.csv,measurement_adapted,False,0.0,${SOURCE_WORKSPACE}/DL/CEMA_CARRIER_FAIRNESS_ABLATIONS_20260803/t6_plain_downstream_20260804/inference_pkg_nmc/T6/DST/2,${SOURCE_WORKSPACE}/DL/CEMA_CARRIER_FAIRNESS_ABLATIONS_20260803/t6_plain_downstream_20260804/inference_pkg_lfp/T6/DST/2
review_defense_c4_zeroshot,all8_train_all8_test,c4,gru,plain_linear,T6,DST,2,0.0,14.953646641632675,,${SOURCE_WORKSPACE}/LFP_REMOTE_EXACT_COPY_20260713/DL/CEMA_LFP/lfp_confirmatory_minipanel/prepared_data_ocv_discharge_soc/0C/LFP_0C_DST.csv,measurement_adapted,False,0.0,${SOURCE_WORKSPACE}/DL/CEMA_CARRIER_FAIRNESS_ABLATIONS_20260803/t6_plain_downstream_20260804/inference_pkg_nmc/T6/DST/2,${SOURCE_WORKSPACE}/DL/CEMA_CARRIER_FAIRNESS_ABLATIONS_20260803/t6_plain_downstream_20260804/inference_pkg_lfp/T6/DST/2
review_defense_c4_zeroshot,all8_train_all8_test,c4,gru,plain_linear,T6,DST,2,10.0,8.47995515110048,,${SOURCE_WORKSPACE}/LFP_REMOTE_EXACT_COPY_20260713/DL/CEMA_LFP/lfp_confirmatory_minipanel/prepared_data_ocv_discharge_soc/10C/LFP_10C_DST.csv,measurement_adapted,False,0.0,${SOURCE_WORKSPACE}/DL/CEMA_CARRIER_FAIRNESS_ABLATIONS_20260803/t6_plain_downstream_20260804/inference_pkg_nmc/T6/DST/2,${SOURCE_WORKSPACE}/DL/CEMA_CARRIER_FAIRNESS_ABLATIONS_20260803/t6_plain_downstream_20260804/inference_pkg_lfp/T6/DST/2
review_defense_c4_zeroshot,all8_train_all8_test,c4,gru,plain_linear,T6,DST,2,20.0,9.224221598816294,,${SOURCE_WORKSPACE}/LFP_REMOTE_EXACT_COPY_20260713/DL/CEMA_LFP/lfp_confirmatory_minipanel/prepared_data_ocv_discharge_soc/20C/LFP_20C_DST.csv,measurement_adapted,False,0.0,${SOURCE_WORKSPACE}/DL/CEMA_CARRIER_FAIRNESS_ABLATIONS_20260803/t6_plain_downstream_20260804/inference_pkg_nmc/T6/DST/2,${SOURCE_WORKSPACE}/DL/CEMA_CARRIER_FAIRNESS_ABLATIONS_20260803/t6_plain_downstream_20260804/inference_pkg_lfp/T6/DST/2
review_defense_c4_zeroshot,all8_train_all8_test,c4,gru,plain_linear,T6,DST,2,25.0,9.891758182597778,,${SOURCE_WORKSPACE}/LFP_REMOTE_EXACT_COPY_20260713/DL/CEMA_LFP/lfp_confirmatory_minipanel/prepared_data_ocv_discharge_soc/25C/LFP_25C_DST.csv,measurement_adapted,False,0.0,${SOURCE_WORKSPACE}/DL/CEMA_CARRIER_FAIRNESS_ABLATIONS_20260803/t6_plain_downstream_20260804/inference_pkg_nmc/T6/DST/2,${SOURCE_WORKSPACE}/DL/CEMA_CARRIER_FAIRNESS_ABLATIONS_20260803/t6_plain_downstream_20260804/inference_pkg_lfp/T6/DST/2
review_defense_c4_zeroshot,all8_train_all8_test,c4,gru,plain_linear,T6,DST,2,30.0,10.095510038520953,,${SOURCE_WORKSPACE}/LFP_REMOTE_EXACT_COPY_20260713/DL/CEMA_LFP/lfp_confirmatory_minipanel/prepared_data_ocv_discharge_soc/30C/LFP_30C_DST.csv,measurement_adapted,False,0.0,${SOURCE_WORKSPACE}/DL/CEMA_CARRIER_FAIRNESS_ABLATIONS_20260803/t6_plain_downstream_20260804/inference_pkg_nmc/T6/DST/2,${SOURCE_WORKSPACE}/DL/CEMA_CARRIER_FAIRNESS_ABLATIONS_20260803/t6_plain_downstream_20260804/inference_pkg_lfp/T6/DST/2
review_defense_c4_zeroshot,all8_train_all8_test,c4,gru,plain_linear,T6,DST,2,40.0,10.564269618798535,,${SOURCE_WORKSPACE}/LFP_REMOTE_EXACT_COPY_20260713/DL/CEMA_LFP/lfp_confirmatory_minipanel/prepared_data_ocv_discharge_soc/40C/LFP_40C_DST.csv,measurement_adapted,False,0.0,${SOURCE_WORKSPACE}/DL/CEMA_CARRIER_FAIRNESS_ABLATIONS_20260803/t6_plain_downstream_20260804/inference_pkg_nmc/T6/DST/2,${SOURCE_WORKSPACE}/DL/CEMA_CARRIER_FAIRNESS_ABLATIONS_20260803/t6_plain_downstream_20260804/inference_pkg_lfp/T6/DST/2
review_defense_c4_zeroshot,all8_train_all8_test,c4,gru,plain_linear,T6,DST,2,50.0,10.546519297741993,,${SOURCE_WORKSPACE}/LFP_REMOTE_EXACT_COPY_20260713/DL/CEMA_LFP/lfp_confirmatory_minipanel/prepared_data_ocv_discharge_soc/50C/LFP_50C_DST.csv,measurement_adapted,False,0.0,${SOURCE_WORKSPACE}/DL/CEMA_CARRIER_FAIRNESS_ABLATIONS_20260803/t6_plain_downstream_20260804/inference_pkg_nmc/T6/DST/2,${SOURCE_WORKSPACE}/DL/CEMA_CARRIER_FAIRNESS_ABLATIONS_20260803/t6_plain_downstream_20260804/inference_pkg_lfp/T6/DST/2
review_defense_c4_zeroshot,all8_train_all8_test,c4,gru,plain_linear,T6,FUDS,0,-10.0,26.15992048342102,,${SOURCE_WORKSPACE}/LFP_REMOTE_EXACT_COPY_20260713/DL/CEMA_LFP/lfp_confirmatory_minipanel/prepared_data_ocv_discharge_soc/-10C/LFP_-10C_FUDS.csv,measurement_adapted,False,0.0,${SOURCE_WORKSPACE}/DL/CEMA_CARRIER_FAIRNESS_ABLATIONS_20260803/t6_plain_downstream_20260804/inference_pkg_nmc/T6/FUDS/0,${SOURCE_WORKSPACE}/DL/CEMA_CARRIER_FAIRNESS_ABLATIONS_20260803/t6_plain_downstream_20260804/inference_pkg_lfp/T6/FUDS/0
review_defense_c4_zeroshot,all8_train_all8_test,c4,gru,plain_linear,T6,FUDS,0,0.0,14.828003309122382,,${SOURCE_WORKSPACE}/LFP_REMOTE_EXACT_COPY_20260713/DL/CEMA_LFP/lfp_confirmatory_minipanel/prepared_data_ocv_discharge_soc/0C/LFP_0C_FUDS.csv,measurement_adapted,False,0.0,${SOURCE_WORKSPACE}/DL/CEMA_CARRIER_FAIRNESS_ABLATIONS_20260803/t6_plain_downstream_20260804/inference_pkg_nmc/T6/FUDS/0,${SOURCE_WORKSPACE}/DL/CEMA_CARRIER_FAIRNESS_ABLATIONS_20260803/t6_plain_downstream_20260804/inference_pkg_lfp/T6/FUDS/0
review_defense_c4_zeroshot,all8_train_all8_test,c4,gru,plain_linear,T6,FUDS,0,10.0,8.70779859519652,,${SOURCE_WORKSPACE}/LFP_REMOTE_EXACT_COPY_20260713/DL/CEMA_LFP/lfp_confirmatory_minipanel/prepared_data_ocv_discharge_soc/10C/LFP_10C_FUDS.csv,measurement_adapted,False,0.0,${SOURCE_WORKSPACE}/DL/CEMA_CARRIER_FAIRNESS_ABLATIONS_20260803/t6_plain_downstream_20260804/inference_pkg_nmc/T6/FUDS/0,${SOURCE_WORKSPACE}/DL/CEMA_CARRIER_FAIRNESS_ABLATIONS_20260803/t6_plain_downstream_20260804/inference_pkg_lfp/T6/FUDS/0
review_defense_c4_zeroshot,all8_train_all8_test,c4,gru,plain_linear,T6,FUDS,0,20.0,9.595133976332566,,${SOURCE_WORKSPACE}/LFP_REMOTE_EXACT_COPY_20260713/DL/CEMA_LFP/lfp_confirmatory_minipanel/prepared_data_ocv_discharge_soc/20C/LFP_20C_FUDS.csv,measurement_adapted,False,0.0,${SOURCE_WORKSPACE}/DL/CEMA_CARRIER_FAIRNESS_ABLATIONS_20260803/t6_plain_downstream_20260804/inference_pkg_nmc/T6/FUDS/0,${SOURCE_WORKSPACE}/DL/CEMA_CARRIER_FAIRNESS_ABLATIONS_20260803/t6_plain_downstream_20260804/inference_pkg_lfp/T6/FUDS/0
review_defense_c4_zeroshot,all8_train_all8_test,c4,gru,plain_linear,T6,FUDS,0,25.0,10.228320100583717,,${SOURCE_WORKSPACE}/LFP_REMOTE_EXACT_COPY_20260713/DL/CEMA_LFP/lfp_confirmatory_minipanel/prepared_data_ocv_discharge_soc/25C/LFP_25C_FUDS.csv,measurement_adapted,False,0.0,${SOURCE_WORKSPACE}/DL/CEMA_CARRIER_FAIRNESS_ABLATIONS_20260803/t6_plain_downstream_20260804/inference_pkg_nmc/T6/FUDS/0,${SOURCE_WORKSPACE}/DL/CEMA_CARRIER_FAIRNESS_ABLATIONS_20260803/t6_plain_downstream_20260804/inference_pkg_lfp/T6/FUDS/0
review_defense_c4_zeroshot,all8_train_all8_test,c4,gru,plain_linear,T6,FUDS,0,30.0,10.302939347369096,,${SOURCE_WORKSPACE}/LFP_REMOTE_EXACT_COPY_20260713/DL/CEMA_LFP/lfp_confirmatory_minipanel/prepared_data_ocv_discharge_soc/30C/LFP_30C_FUDS.csv,measurement_adapted,False,0.0,${SOURCE_WORKSPACE}/DL/CEMA_CARRIER_FAIRNESS_ABLATIONS_20260803/t6_plain_downstream_20260804/inference_pkg_nmc/T6/FUDS/0,${SOURCE_WORKSPACE}/DL/CEMA_CARRIER_FAIRNESS_ABLATIONS_20260803/t6_plain_downstream_20260804/inference_pkg_lfp/T6/FUDS/0
review_defense_c4_zeroshot,all8_train_all8_test,c4,gru,plain_linear,T6,FUDS,0,40.0,10.312610034754137,,${SOURCE_WORKSPACE}/LFP_REMOTE_EXACT_COPY_20260713/DL/CEMA_LFP/lfp_confirmatory_minipanel/prepared_data_ocv_discharge_soc/40C/LFP_40C_FUDS.csv,measurement_adapted,False,0.0,${SOURCE_WORKSPACE}/DL/CEMA_CARRIER_FAIRNESS_ABLATIONS_20260803/t6_plain_downstream_20260804/inference_pkg_nmc/T6/FUDS/0,${SOURCE_WORKSPACE}/DL/CEMA_CARRIER_FAIRNESS_ABLATIONS_20260803/t6_plain_downstream_20260804/inference_pkg_lfp/T6/FUDS/0
review_defense_c4_zeroshot,all8_train_all8_test,c4,gru,plain_linear,T6,FUDS,0,50.0,9.740025843500009,,${SOURCE_WORKSPACE}/LFP_REMOTE_EXACT_COPY_20260713/DL/CEMA_LFP/lfp_confirmatory_minipanel/prepared_data_ocv_discharge_soc/50C/LFP_50C_FUDS.csv,measurement_adapted,False,0.0,${SOURCE_WORKSPACE}/DL/CEMA_CARRIER_FAIRNESS_ABLATIONS_20260803/t6_plain_downstream_20260804/inference_pkg_nmc/T6/FUDS/0,${SOURCE_WORKSPACE}/DL/CEMA_CARRIER_FAIRNESS_ABLATIONS_20260803/t6_plain_downstream_20260804/inference_pkg_lfp/T6/FUDS/0
review_defense_c4_zeroshot,all8_train_all8_test,c4,gru,plain_linear,T6,FUDS,1,-10.0,25.755328604886575,,${SOURCE_WORKSPACE}/LFP_REMOTE_EXACT_COPY_20260713/DL/CEMA_LFP/lfp_confirmatory_minipanel/prepared_data_ocv_discharge_soc/-10C/LFP_-10C_FUDS.csv,measurement_adapted,False,0.0,${SOURCE_WORKSPACE}/DL/CEMA_CARRIER_FAIRNESS_ABLATIONS_20260803/t6_plain_downstream_20260804/inference_pkg_nmc/T6/FUDS/1,${SOURCE_WORKSPACE}/DL/CEMA_CARRIER_FAIRNESS_ABLATIONS_20260803/t6_plain_downstream_20260804/inference_pkg_lfp/T6/FUDS/1
review_defense_c4_zeroshot,all8_train_all8_test,c4,gru,plain_linear,T6,FUDS,1,0.0,14.657427805378436,,${SOURCE_WORKSPACE}/LFP_REMOTE_EXACT_COPY_20260713/DL/CEMA_LFP/lfp_confirmatory_minipanel/prepared_data_ocv_discharge_soc/0C/LFP_0C_FUDS.csv,measurement_adapted,False,0.0,${SOURCE_WORKSPACE}/DL/CEMA_CARRIER_FAIRNESS_ABLATIONS_20260803/t6_plain_downstream_20260804/inference_pkg_nmc/T6/FUDS/1,${SOURCE_WORKSPACE}/DL/CEMA_CARRIER_FAIRNESS_ABLATIONS_20260803/t6_plain_downstream_20260804/inference_pkg_lfp/T6/FUDS/1
review_defense_c4_zeroshot,all8_train_all8_test,c4,gru,plain_linear,T6,FUDS,1,10.0,8.67869535516586,,${SOURCE_WORKSPACE}/LFP_REMOTE_EXACT_COPY_20260713/DL/CEMA_LFP/lfp_confirmatory_minipanel/prepared_data_ocv_discharge_soc/10C/LFP_10C_FUDS.csv,measurement_adapted,False,0.0,${SOURCE_WORKSPACE}/DL/CEMA_CARRIER_FAIRNESS_ABLATIONS_20260803/t6_plain_downstream_20260804/inference_pkg_nmc/T6/FUDS/1,${SOURCE_WORKSPACE}/DL/CEMA_CARRIER_FAIRNESS_ABLATIONS_20260803/t6_plain_downstream_20260804/inference_pkg_lfp/T6/FUDS/1
review_defense_c4_zeroshot,all8_train_all8_test,c4,gru,plain_linear,T6,FUDS,1,20.0,9.615863111446822,,${SOURCE_WORKSPACE}/LFP_REMOTE_EXACT_COPY_20260713/DL/CEMA_LFP/lfp_confirmatory_minipanel/prepared_data_ocv_discharge_soc/20C/LFP_20C_FUDS.csv,measurement_adapted,False,0.0,${SOURCE_WORKSPACE}/DL/CEMA_CARRIER_FAIRNESS_ABLATIONS_20260803/t6_plain_downstream_20260804/inference_pkg_nmc/T6/FUDS/1,${SOURCE_WORKSPACE}/DL/CEMA_CARRIER_FAIRNESS_ABLATIONS_20260803/t6_plain_downstream_20260804/inference_pkg_lfp/T6/FUDS/1
review_defense_c4_zeroshot,all8_train_all8_test,c4,gru,plain_linear,T6,FUDS,1,25.0,10.323889705915867,,${SOURCE_WORKSPACE}/LFP_REMOTE_EXACT_COPY_20260713/DL/CEMA_LFP/lfp_confirmatory_minipanel/prepared_data_ocv_discharge_soc/25C/LFP_25C_FUDS.csv,measurement_adapted,False,0.0,${SOURCE_WORKSPACE}/DL/CEMA_CARRIER_FAIRNESS_ABLATIONS_20260803/t6_plain_downstream_20260804/inference_pkg_nmc/T6/FUDS/1,${SOURCE_WORKSPACE}/DL/CEMA_CARRIER_FAIRNESS_ABLATIONS_20260803/t6_plain_downstream_20260804/inference_pkg_lfp/T6/FUDS/1
review_defense_c4_zeroshot,all8_train_all8_test,c4,gru,plain_linear,T6,FUDS,1,30.0,10.506234076617222,,${SOURCE_WORKSPACE}/LFP_REMOTE_EXACT_COPY_20260713/DL/CEMA_LFP/lfp_confirmatory_minipanel/prepared_data_ocv_discharge_soc/30C/LFP_30C_FUDS.csv,measurement_adapted,False,0.0,${SOURCE_WORKSPACE}/DL/CEMA_CARRIER_FAIRNESS_ABLATIONS_20260803/t6_plain_downstream_20260804/inference_pkg_nmc/T6/FUDS/1,${SOURCE_WORKSPACE}/DL/CEMA_CARRIER_FAIRNESS_ABLATIONS_20260803/t6_plain_downstream_20260804/inference_pkg_lfp/T6/FUDS/1
review_defense_c4_zeroshot,all8_train_all8_test,c4,gru,plain_linear,T6,FUDS,1,40.0,10.650975798738404,,${SOURCE_WORKSPACE}/LFP_REMOTE_EXACT_COPY_20260713/DL/CEMA_LFP/lfp_confirmatory_minipanel/prepared_data_ocv_discharge_soc/40C/LFP_40C_FUDS.csv,measurement_adapted,False,0.0,${SOURCE_WORKSPACE}/DL/CEMA_CARRIER_FAIRNESS_ABLATIONS_20260803/t6_plain_downstream_20260804/inference_pkg_nmc/T6/FUDS/1,${SOURCE_WORKSPACE}/DL/CEMA_CARRIER_FAIRNESS_ABLATIONS_20260803/t6_plain_downstream_20260804/inference_pkg_lfp/T6/FUDS/1
review_defense_c4_zeroshot,all8_train_all8_test,c4,gru,plain_linear,T6,FUDS,1,50.0,10.372615475264597,,${SOURCE_WORKSPACE}/LFP_REMOTE_EXACT_COPY_20260713/DL/CEMA_LFP/lfp_confirmatory_minipanel/prepared_data_ocv_discharge_soc/50C/LFP_50C_FUDS.csv,measurement_adapted,False,0.0,${SOURCE_WORKSPACE}/DL/CEMA_CARRIER_FAIRNESS_ABLATIONS_20260803/t6_plain_downstream_20260804/inference_pkg_nmc/T6/FUDS/1,${SOURCE_WORKSPACE}/DL/CEMA_CARRIER_FAIRNESS_ABLATIONS_20260803/t6_plain_downstream_20260804/inference_pkg_lfp/T6/FUDS/1
review_defense_c4_zeroshot,all8_train_all8_test,c4,gru,plain_linear,T6,FUDS,2,-10.0,25.905008045527715,,${SOURCE_WORKSPACE}/LFP_REMOTE_EXACT_COPY_20260713/DL/CEMA_LFP/lfp_confirmatory_minipanel/prepared_data_ocv_discharge_soc/-10C/LFP_-10C_FUDS.csv,measurement_adapted,False,0.0,${SOURCE_WORKSPACE}/DL/CEMA_CARRIER_FAIRNESS_ABLATIONS_20260803/t6_plain_downstream_20260804/inference_pkg_nmc/T6/FUDS/2,${SOURCE_WORKSPACE}/DL/CEMA_CARRIER_FAIRNESS_ABLATIONS_20260803/t6_plain_downstream_20260804/inference_pkg_lfp/T6/FUDS/2
review_defense_c4_zeroshot,all8_train_all8_test,c4,gru,plain_linear,T6,FUDS,2,0.0,14.786336770203128,,${SOURCE_WORKSPACE}/LFP_REMOTE_EXACT_COPY_20260713/DL/CEMA_LFP/lfp_confirmatory_minipanel/prepared_data_ocv_discharge_soc/0C/LFP_0C_FUDS.csv,measurement_adapted,False,0.0,${SOURCE_WORKSPACE}/DL/CEMA_CARRIER_FAIRNESS_ABLATIONS_20260803/t6_plain_downstream_20260804/inference_pkg_nmc/T6/FUDS/2,${SOURCE_WORKSPACE}/DL/CEMA_CARRIER_FAIRNESS_ABLATIONS_20260803/t6_plain_downstream_20260804/inference_pkg_lfp/T6/FUDS/2
review_defense_c4_zeroshot,all8_train_all8_test,c4,gru,plain_linear,T6,FUDS,2,10.0,8.37857863912674,,${SOURCE_WORKSPACE}/LFP_REMOTE_EXACT_COPY_20260713/DL/CEMA_LFP/lfp_confirmatory_minipanel/prepared_data_ocv_discharge_soc/10C/LFP_10C_FUDS.csv,measurement_adapted,False,0.0,${SOURCE_WORKSPACE}/DL/CEMA_CARRIER_FAIRNESS_ABLATIONS_20260803/t6_plain_downstream_20260804/inference_pkg_nmc/T6/FUDS/2,${SOURCE_WORKSPACE}/DL/CEMA_CARRIER_FAIRNESS_ABLATIONS_20260803/t6_plain_downstream_20260804/inference_pkg_lfp/T6/FUDS/2
review_defense_c4_zeroshot,all8_train_all8_test,c4,gru,plain_linear,T6,FUDS,2,20.0,9.098431657537835,,${SOURCE_WORKSPACE}/LFP_REMOTE_EXACT_COPY_20260713/DL/CEMA_LFP/lfp_confirmatory_minipanel/prepared_data_ocv_discharge_soc/20C/LFP_20C_FUDS.csv,measurement_adapted,False,0.0,${SOURCE_WORKSPACE}/DL/CEMA_CARRIER_FAIRNESS_ABLATIONS_20260803/t6_plain_downstream_20260804/inference_pkg_nmc/T6/FUDS/2,${SOURCE_WORKSPACE}/DL/CEMA_CARRIER_FAIRNESS_ABLATIONS_20260803/t6_plain_downstream_20260804/inference_pkg_lfp/T6/FUDS/2
review_defense_c4_zeroshot,all8_train_all8_test,c4,gru,plain_linear,T6,FUDS,2,25.0,9.70945712333348,,${SOURCE_WORKSPACE}/LFP_REMOTE_EXACT_COPY_20260713/DL/CEMA_LFP/lfp_confirmatory_minipanel/prepared_data_ocv_discharge_soc/25C/LFP_25C_FUDS.csv,measurement_adapted,False,0.0,${SOURCE_WORKSPACE}/DL/CEMA_CARRIER_FAIRNESS_ABLATIONS_20260803/t6_plain_downstream_20260804/inference_pkg_nmc/T6/FUDS/2,${SOURCE_WORKSPACE}/DL/CEMA_CARRIER_FAIRNESS_ABLATIONS_20260803/t6_plain_downstream_20260804/inference_pkg_lfp/T6/FUDS/2
review_defense_c4_zeroshot,all8_train_all8_test,c4,gru,plain_linear,T6,FUDS,2,30.0,9.799692582226147,,${SOURCE_WORKSPACE}/LFP_REMOTE_EXACT_COPY_20260713/DL/CEMA_LFP/lfp_confirmatory_minipanel/prepared_data_ocv_discharge_soc/30C/LFP_30C_FUDS.csv,measurement_adapted,False,0.0,${SOURCE_WORKSPACE}/DL/CEMA_CARRIER_FAIRNESS_ABLATIONS_20260803/t6_plain_downstream_20260804/inference_pkg_nmc/T6/FUDS/2,${SOURCE_WORKSPACE}/DL/CEMA_CARRIER_FAIRNESS_ABLATIONS_20260803/t6_plain_downstream_20260804/inference_pkg_lfp/T6/FUDS/2
review_defense_c4_zeroshot,all8_train_all8_test,c4,gru,plain_linear,T6,FUDS,2,40.0,9.935605694042932,,${SOURCE_WORKSPACE}/LFP_REMOTE_EXACT_COPY_20260713/DL/CEMA_LFP/lfp_confirmatory_minipanel/prepared_data_ocv_discharge_soc/40C/LFP_40C_FUDS.csv,measurement_adapted,False,0.0,${SOURCE_WORKSPACE}/DL/CEMA_CARRIER_FAIRNESS_ABLATIONS_20260803/t6_plain_downstream_20260804/inference_pkg_nmc/T6/FUDS/2,${SOURCE_WORKSPACE}/DL/CEMA_CARRIER_FAIRNESS_ABLATIONS_20260803/t6_plain_downstream_20260804/inference_pkg_lfp/T6/FUDS/2
review_defense_c4_zeroshot,all8_train_all8_test,c4,gru,plain_linear,T6,FUDS,2,50.0,9.683331552812378,,${SOURCE_WORKSPACE}/LFP_REMOTE_EXACT_COPY_20260713/DL/CEMA_LFP/lfp_confirmatory_minipanel/prepared_data_ocv_discharge_soc/50C/LFP_50C_FUDS.csv,measurement_adapted,False,0.0,${SOURCE_WORKSPACE}/DL/CEMA_CARRIER_FAIRNESS_ABLATIONS_20260803/t6_plain_downstream_20260804/inference_pkg_nmc/T6/FUDS/2,${SOURCE_WORKSPACE}/DL/CEMA_CARRIER_FAIRNESS_ABLATIONS_20260803/t6_plain_downstream_20260804/inference_pkg_lfp/T6/FUDS/2
review_defense_c4_zeroshot,all8_train_all8_test,c4,gru,plain_linear,T6,US06,0,-10.0,28.998114471350227,,${SOURCE_WORKSPACE}/LFP_REMOTE_EXACT_COPY_20260713/DL/CEMA_LFP/lfp_confirmatory_minipanel/prepared_data_ocv_discharge_soc/-10C/LFP_-10C_US06.csv,measurement_adapted,False,0.0,${SOURCE_WORKSPACE}/DL/CEMA_CARRIER_FAIRNESS_ABLATIONS_20260803/t6_plain_downstream_20260804/inference_pkg_nmc/T6/US06/0,${SOURCE_WORKSPACE}/DL/CEMA_CARRIER_FAIRNESS_ABLATIONS_20260803/t6_plain_downstream_20260804/inference_pkg_lfp/T6/US06/0
review_defense_c4_zeroshot,all8_train_all8_test,c4,gru,plain_linear,T6,US06,0,0.0,15.384274374933362,,${SOURCE_WORKSPACE}/LFP_REMOTE_EXACT_COPY_20260713/DL/CEMA_LFP/lfp_confirmatory_minipanel/prepared_data_ocv_discharge_soc/0C/LFP_0C_US06.csv,measurement_adapted,False,0.0,${SOURCE_WORKSPACE}/DL/CEMA_CARRIER_FAIRNESS_ABLATIONS_20260803/t6_plain_downstream_20260804/inference_pkg_nmc/T6/US06/0,${SOURCE_WORKSPACE}/DL/CEMA_CARRIER_FAIRNESS_ABLATIONS_20260803/t6_plain_downstream_20260804/inference_pkg_lfp/T6/US06/0
review_defense_c4_zeroshot,all8_train_all8_test,c4,gru,plain_linear,T6,US06,0,10.0,8.836011844971708,,${SOURCE_WORKSPACE}/LFP_REMOTE_EXACT_COPY_20260713/DL/CEMA_LFP/lfp_confirmatory_minipanel/prepared_data_ocv_discharge_soc/10C/LFP_10C_US06.csv,measurement_adapted,False,0.0,${SOURCE_WORKSPACE}/DL/CEMA_CARRIER_FAIRNESS_ABLATIONS_20260803/t6_plain_downstream_20260804/inference_pkg_nmc/T6/US06/0,${SOURCE_WORKSPACE}/DL/CEMA_CARRIER_FAIRNESS_ABLATIONS_20260803/t6_plain_downstream_20260804/inference_pkg_lfp/T6/US06/0
review_defense_c4_zeroshot,all8_train_all8_test,c4,gru,plain_linear,T6,US06,0,20.0,10.018802495804087,,${SOURCE_WORKSPACE}/LFP_REMOTE_EXACT_COPY_20260713/DL/CEMA_LFP/lfp_confirmatory_minipanel/prepared_data_ocv_discharge_soc/20C/LFP_20C_US06.csv,measurement_adapted,False,0.0,${SOURCE_WORKSPACE}/DL/CEMA_CARRIER_FAIRNESS_ABLATIONS_20260803/t6_plain_downstream_20260804/inference_pkg_nmc/T6/US06/0,${SOURCE_WORKSPACE}/DL/CEMA_CARRIER_FAIRNESS_ABLATIONS_20260803/t6_plain_downstream_20260804/inference_pkg_lfp/T6/US06/0
review_defense_c4_zeroshot,all8_train_all8_test,c4,gru,plain_linear,T6,US06,0,25.0,10.794520289396953,,${SOURCE_WORKSPACE}/LFP_REMOTE_EXACT_COPY_20260713/DL/CEMA_LFP/lfp_confirmatory_minipanel/prepared_data_ocv_discharge_soc/25C/LFP_25C_US06.csv,measurement_adapted,False,0.0,${SOURCE_WORKSPACE}/DL/CEMA_CARRIER_FAIRNESS_ABLATIONS_20260803/t6_plain_downstream_20260804/inference_pkg_nmc/T6/US06/0,${SOURCE_WORKSPACE}/DL/CEMA_CARRIER_FAIRNESS_ABLATIONS_20260803/t6_plain_downstream_20260804/inference_pkg_lfp/T6/US06/0
review_defense_c4_zeroshot,all8_train_all8_test,c4,gru,plain_linear,T6,US06,0,30.0,11.029778863156317,,${SOURCE_WORKSPACE}/LFP_REMOTE_EXACT_COPY_20260713/DL/CEMA_LFP/lfp_confirmatory_minipanel/prepared_data_ocv_discharge_soc/30C/LFP_30C_US06.csv,measurement_adapted,False,0.0,${SOURCE_WORKSPACE}/DL/CEMA_CARRIER_FAIRNESS_ABLATIONS_20260803/t6_plain_downstream_20260804/inference_pkg_nmc/T6/US06/0,${SOURCE_WORKSPACE}/DL/CEMA_CARRIER_FAIRNESS_ABLATIONS_20260803/t6_plain_downstream_20260804/inference_pkg_lfp/T6/US06/0
review_defense_c4_zeroshot,all8_train_all8_test,c4,gru,plain_linear,T6,US06,0,40.0,11.19997288885492,,${SOURCE_WORKSPACE}/LFP_REMOTE_EXACT_COPY_20260713/DL/CEMA_LFP/lfp_confirmatory_minipanel/prepared_data_ocv_discharge_soc/40C/LFP_40C_US06.csv,measurement_adapted,False,0.0,${SOURCE_WORKSPACE}/DL/CEMA_CARRIER_FAIRNESS_ABLATIONS_20260803/t6_plain_downstream_20260804/inference_pkg_nmc/T6/US06/0,${SOURCE_WORKSPACE}/DL/CEMA_CARRIER_FAIRNESS_ABLATIONS_20260803/t6_plain_downstream_20260804/inference_pkg_lfp/T6/US06/0
review_defense_c4_zeroshot,all8_train_all8_test,c4,gru,plain_linear,T6,US06,0,50.0,10.885839838995148,,${SOURCE_WORKSPACE}/LFP_REMOTE_EXACT_COPY_20260713/DL/CEMA_LFP/lfp_confirmatory_minipanel/prepared_data_ocv_discharge_soc/50C/LFP_50C_US06.csv,measurement_adapted,False,0.0,${SOURCE_WORKSPACE}/DL/CEMA_CARRIER_FAIRNESS_ABLATIONS_20260803/t6_plain_downstream_20260804/inference_pkg_nmc/T6/US06/0,${SOURCE_WORKSPACE}/DL/CEMA_CARRIER_FAIRNESS_ABLATIONS_20260803/t6_plain_downstream_20260804/inference_pkg_lfp/T6/US06/0
review_defense_c4_zeroshot,all8_train_all8_test,c4,gru,plain_linear,T6,US06,1,-10.0,28.83043693083155,,${SOURCE_WORKSPACE}/LFP_REMOTE_EXACT_COPY_20260713/DL/CEMA_LFP/lfp_confirmatory_minipanel/prepared_data_ocv_discharge_soc/-10C/LFP_-10C_US06.csv,measurement_adapted,False,0.0,${SOURCE_WORKSPACE}/DL/CEMA_CARRIER_FAIRNESS_ABLATIONS_20260803/t6_plain_downstream_20260804/inference_pkg_nmc/T6/US06/1,${SOURCE_WORKSPACE}/DL/CEMA_CARRIER_FAIRNESS_ABLATIONS_20260803/t6_plain_downstream_20260804/inference_pkg_lfp/T6/US06/1
review_defense_c4_zeroshot,all8_train_all8_test,c4,gru,plain_linear,T6,US06,1,0.0,14.688842117757229,,${SOURCE_WORKSPACE}/LFP_REMOTE_EXACT_COPY_20260713/DL/CEMA_LFP/lfp_confirmatory_minipanel/prepared_data_ocv_discharge_soc/0C/LFP_0C_US06.csv,measurement_adapted,False,0.0,${SOURCE_WORKSPACE}/DL/CEMA_CARRIER_FAIRNESS_ABLATIONS_20260803/t6_plain_downstream_20260804/inference_pkg_nmc/T6/US06/1,${SOURCE_WORKSPACE}/DL/CEMA_CARRIER_FAIRNESS_ABLATIONS_20260803/t6_plain_downstream_20260804/inference_pkg_lfp/T6/US06/1
review_defense_c4_zeroshot,all8_train_all8_test,c4,gru,plain_linear,T6,US06,1,10.0,8.890030783481615,,${SOURCE_WORKSPACE}/LFP_REMOTE_EXACT_COPY_20260713/DL/CEMA_LFP/lfp_confirmatory_minipanel/prepared_data_ocv_discharge_soc/10C/LFP_10C_US06.csv,measurement_adapted,False,0.0,${SOURCE_WORKSPACE}/DL/CEMA_CARRIER_FAIRNESS_ABLATIONS_20260803/t6_plain_downstream_20260804/inference_pkg_nmc/T6/US06/1,${SOURCE_WORKSPACE}/DL/CEMA_CARRIER_FAIRNESS_ABLATIONS_20260803/t6_plain_downstream_20260804/inference_pkg_lfp/T6/US06/1
review_defense_c4_zeroshot,all8_train_all8_test,c4,gru,plain_linear,T6,US06,1,20.0,10.138922416699387,,${SOURCE_WORKSPACE}/LFP_REMOTE_EXACT_COPY_20260713/DL/CEMA_LFP/lfp_confirmatory_minipanel/prepared_data_ocv_discharge_soc/20C/LFP_20C_US06.csv,measurement_adapted,False,0.0,${SOURCE_WORKSPACE}/DL/CEMA_CARRIER_FAIRNESS_ABLATIONS_20260803/t6_plain_downstream_20260804/inference_pkg_nmc/T6/US06/1,${SOURCE_WORKSPACE}/DL/CEMA_CARRIER_FAIRNESS_ABLATIONS_20260803/t6_plain_downstream_20260804/inference_pkg_lfp/T6/US06/1
review_defense_c4_zeroshot,all8_train_all8_test,c4,gru,plain_linear,T6,US06,1,25.0,10.993002866566412,,${SOURCE_WORKSPACE}/LFP_REMOTE_EXACT_COPY_20260713/DL/CEMA_LFP/lfp_confirmatory_minipanel/prepared_data_ocv_discharge_soc/25C/LFP_25C_US06.csv,measurement_adapted,False,0.0,${SOURCE_WORKSPACE}/DL/CEMA_CARRIER_FAIRNESS_ABLATIONS_20260803/t6_plain_downstream_20260804/inference_pkg_nmc/T6/US06/1,${SOURCE_WORKSPACE}/DL/CEMA_CARRIER_FAIRNESS_ABLATIONS_20260803/t6_plain_downstream_20260804/inference_pkg_lfp/T6/US06/1
review_defense_c4_zeroshot,all8_train_all8_test,c4,gru,plain_linear,T6,US06,1,30.0,11.310805597079336,,${SOURCE_WORKSPACE}/LFP_REMOTE_EXACT_COPY_20260713/DL/CEMA_LFP/lfp_confirmatory_minipanel/prepared_data_ocv_discharge_soc/30C/LFP_30C_US06.csv,measurement_adapted,False,0.0,${SOURCE_WORKSPACE}/DL/CEMA_CARRIER_FAIRNESS_ABLATIONS_20260803/t6_plain_downstream_20260804/inference_pkg_nmc/T6/US06/1,${SOURCE_WORKSPACE}/DL/CEMA_CARRIER_FAIRNESS_ABLATIONS_20260803/t6_plain_downstream_20260804/inference_pkg_lfp/T6/US06/1
review_defense_c4_zeroshot,all8_train_all8_test,c4,gru,plain_linear,T6,US06,1,40.0,11.551587127356505,,${SOURCE_WORKSPACE}/LFP_REMOTE_EXACT_COPY_20260713/DL/CEMA_LFP/lfp_confirmatory_minipanel/prepared_data_ocv_discharge_soc/40C/LFP_40C_US06.csv,measurement_adapted,False,0.0,${SOURCE_WORKSPACE}/DL/CEMA_CARRIER_FAIRNESS_ABLATIONS_20260803/t6_plain_downstream_20260804/inference_pkg_nmc/T6/US06/1,${SOURCE_WORKSPACE}/DL/CEMA_CARRIER_FAIRNESS_ABLATIONS_20260803/t6_plain_downstream_20260804/inference_pkg_lfp/T6/US06/1
review_defense_c4_zeroshot,all8_train_all8_test,c4,gru,plain_linear,T6,US06,1,50.0,11.443946479426224,,${SOURCE_WORKSPACE}/LFP_REMOTE_EXACT_COPY_20260713/DL/CEMA_LFP/lfp_confirmatory_minipanel/prepared_data_ocv_discharge_soc/50C/LFP_50C_US06.csv,measurement_adapted,False,0.0,${SOURCE_WORKSPACE}/DL/CEMA_CARRIER_FAIRNESS_ABLATIONS_20260803/t6_plain_downstream_20260804/inference_pkg_nmc/T6/US06/1,${SOURCE_WORKSPACE}/DL/CEMA_CARRIER_FAIRNESS_ABLATIONS_20260803/t6_plain_downstream_20260804/inference_pkg_lfp/T6/US06/1
review_defense_c4_zeroshot,all8_train_all8_test,c4,gru,plain_linear,T6,US06,2,-10.0,28.863523674107398,,${SOURCE_WORKSPACE}/LFP_REMOTE_EXACT_COPY_20260713/DL/CEMA_LFP/lfp_confirmatory_minipanel/prepared_data_ocv_discharge_soc/-10C/LFP_-10C_US06.csv,measurement_adapted,False,0.0,${SOURCE_WORKSPACE}/DL/CEMA_CARRIER_FAIRNESS_ABLATIONS_20260803/t6_plain_downstream_20260804/inference_pkg_nmc/T6/US06/2,${SOURCE_WORKSPACE}/DL/CEMA_CARRIER_FAIRNESS_ABLATIONS_20260803/t6_plain_downstream_20260804/inference_pkg_lfp/T6/US06/2
review_defense_c4_zeroshot,all8_train_all8_test,c4,gru,plain_linear,T6,US06,2,0.0,15.257332554151684,,${SOURCE_WORKSPACE}/LFP_REMOTE_EXACT_COPY_20260713/DL/CEMA_LFP/lfp_confirmatory_minipanel/prepared_data_ocv_discharge_soc/0C/LFP_0C_US06.csv,measurement_adapted,False,0.0,${SOURCE_WORKSPACE}/DL/CEMA_CARRIER_FAIRNESS_ABLATIONS_20260803/t6_plain_downstream_20260804/inference_pkg_nmc/T6/US06/2,${SOURCE_WORKSPACE}/DL/CEMA_CARRIER_FAIRNESS_ABLATIONS_20260803/t6_plain_downstream_20260804/inference_pkg_lfp/T6/US06/2
review_defense_c4_zeroshot,all8_train_all8_test,c4,gru,plain_linear,T6,US06,2,10.0,8.398880289824708,,${SOURCE_WORKSPACE}/LFP_REMOTE_EXACT_COPY_20260713/DL/CEMA_LFP/lfp_confirmatory_minipanel/prepared_data_ocv_discharge_soc/10C/LFP_10C_US06.csv,measurement_adapted,False,0.0,${SOURCE_WORKSPACE}/DL/CEMA_CARRIER_FAIRNESS_ABLATIONS_20260803/t6_plain_downstream_20260804/inference_pkg_nmc/T6/US06/2,${SOURCE_WORKSPACE}/DL/CEMA_CARRIER_FAIRNESS_ABLATIONS_20260803/t6_plain_downstream_20260804/inference_pkg_lfp/T6/US06/2
review_defense_c4_zeroshot,all8_train_all8_test,c4,gru,plain_linear,T6,US06,2,20.0,9.537679852220842,,${SOURCE_WORKSPACE}/LFP_REMOTE_EXACT_COPY_20260713/DL/CEMA_LFP/lfp_confirmatory_minipanel/prepared_data_ocv_discharge_soc/20C/LFP_20C_US06.csv,measurement_adapted,False,0.0,${SOURCE_WORKSPACE}/DL/CEMA_CARRIER_FAIRNESS_ABLATIONS_20260803/t6_plain_downstream_20260804/inference_pkg_nmc/T6/US06/2,${SOURCE_WORKSPACE}/DL/CEMA_CARRIER_FAIRNESS_ABLATIONS_20260803/t6_plain_downstream_20260804/inference_pkg_lfp/T6/US06/2
review_defense_c4_zeroshot,all8_train_all8_test,c4,gru,plain_linear,T6,US06,2,25.0,10.264218921992843,,${SOURCE_WORKSPACE}/LFP_REMOTE_EXACT_COPY_20260713/DL/CEMA_LFP/lfp_confirmatory_minipanel/prepared_data_ocv_discharge_soc/25C/LFP_25C_US06.csv,measurement_adapted,False,0.0,${SOURCE_WORKSPACE}/DL/CEMA_CARRIER_FAIRNESS_ABLATIONS_20260803/t6_plain_downstream_20260804/inference_pkg_nmc/T6/US06/2,${SOURCE_WORKSPACE}/DL/CEMA_CARRIER_FAIRNESS_ABLATIONS_20260803/t6_plain_downstream_20260804/inference_pkg_lfp/T6/US06/2
review_defense_c4_zeroshot,all8_train_all8_test,c4,gru,plain_linear,T6,US06,2,30.0,10.508815992187575,,${SOURCE_WORKSPACE}/LFP_REMOTE_EXACT_COPY_20260713/DL/CEMA_LFP/lfp_confirmatory_minipanel/prepared_data_ocv_discharge_soc/30C/LFP_30C_US06.csv,measurement_adapted,False,0.0,${SOURCE_WORKSPACE}/DL/CEMA_CARRIER_FAIRNESS_ABLATIONS_20260803/t6_plain_downstream_20260804/inference_pkg_nmc/T6/US06/2,${SOURCE_WORKSPACE}/DL/CEMA_CARRIER_FAIRNESS_ABLATIONS_20260803/t6_plain_downstream_20260804/inference_pkg_lfp/T6/US06/2
review_defense_c4_zeroshot,all8_train_all8_test,c4,gru,plain_linear,T6,US06,2,40.0,10.791901441709355,,${SOURCE_WORKSPACE}/LFP_REMOTE_EXACT_COPY_20260713/DL/CEMA_LFP/lfp_confirmatory_minipanel/prepared_data_ocv_discharge_soc/40C/LFP_40C_US06.csv,measurement_adapted,False,0.0,${SOURCE_WORKSPACE}/DL/CEMA_CARRIER_FAIRNESS_ABLATIONS_20260803/t6_plain_downstream_20260804/inference_pkg_nmc/T6/US06/2,${SOURCE_WORKSPACE}/DL/CEMA_CARRIER_FAIRNESS_ABLATIONS_20260803/t6_plain_downstream_20260804/inference_pkg_lfp/T6/US06/2
review_defense_c4_zeroshot,all8_train_all8_test,c4,gru,plain_linear,T6,US06,2,50.0,10.757837420866178,,${SOURCE_WORKSPACE}/LFP_REMOTE_EXACT_COPY_20260713/DL/CEMA_LFP/lfp_confirmatory_minipanel/prepared_data_ocv_discharge_soc/50C/LFP_50C_US06.csv,measurement_adapted,False,0.0,${SOURCE_WORKSPACE}/DL/CEMA_CARRIER_FAIRNESS_ABLATIONS_20260803/t6_plain_downstream_20260804/inference_pkg_nmc/T6/US06/2,${SOURCE_WORKSPACE}/DL/CEMA_CARRIER_FAIRNESS_ABLATIONS_20260803/t6_plain_downstream_20260804/inference_pkg_lfp/T6/US06/2
review_defense_c4_zeroshot,all8_train_all8_test,c4,gru,plain_linear,T6,DST,0,-10.0,58.150306297593424,,${SOURCE_WORKSPACE}/LFP_REMOTE_EXACT_COPY_20260713/DL/CEMA_LFP/lfp_confirmatory_minipanel/prepared_data_ocv_discharge_soc/-10C/LFP_-10C_DST.csv,strict,True,1.0,${SOURCE_WORKSPACE}/DL/CEMA_CARRIER_FAIRNESS_ABLATIONS_20260803/t6_plain_downstream_20260804/inference_pkg_nmc/T6/DST/0,${SOURCE_WORKSPACE}/DL/CEMA_CARRIER_FAIRNESS_ABLATIONS_20260803/t6_plain_downstream_20260804/inference_pkg_nmc/T6/DST/0
review_defense_c4_zeroshot,all8_train_all8_test,c4,gru,plain_linear,T6,DST,0,0.0,48.631096565692886,,${SOURCE_WORKSPACE}/LFP_REMOTE_EXACT_COPY_20260713/DL/CEMA_LFP/lfp_confirmatory_minipanel/prepared_data_ocv_discharge_soc/0C/LFP_0C_DST.csv,strict,False,0.0,${SOURCE_WORKSPACE}/DL/CEMA_CARRIER_FAIRNESS_ABLATIONS_20260803/t6_plain_downstream_20260804/inference_pkg_nmc/T6/DST/0,${SOURCE_WORKSPACE}/DL/CEMA_CARRIER_FAIRNESS_ABLATIONS_20260803/t6_plain_downstream_20260804/inference_pkg_nmc/T6/DST/0
review_defense_c4_zeroshot,all8_train_all8_test,c4,gru,plain_linear,T6,DST,0,10.0,45.47894763947325,,${SOURCE_WORKSPACE}/LFP_REMOTE_EXACT_COPY_20260713/DL/CEMA_LFP/lfp_confirmatory_minipanel/prepared_data_ocv_discharge_soc/10C/LFP_10C_DST.csv,strict,False,0.0,${SOURCE_WORKSPACE}/DL/CEMA_CARRIER_FAIRNESS_ABLATIONS_20260803/t6_plain_downstream_20260804/inference_pkg_nmc/T6/DST/0,${SOURCE_WORKSPACE}/DL/CEMA_CARRIER_FAIRNESS_ABLATIONS_20260803/t6_plain_downstream_20260804/inference_pkg_nmc/T6/DST/0
review_defense_c4_zeroshot,all8_train_all8_test,c4,gru,plain_linear,T6,DST,0,20.0,45.12168459040444,,${SOURCE_WORKSPACE}/LFP_REMOTE_EXACT_COPY_20260713/DL/CEMA_LFP/lfp_confirmatory_minipanel/prepared_data_ocv_discharge_soc/20C/LFP_20C_DST.csv,strict,False,0.0,${SOURCE_WORKSPACE}/DL/CEMA_CARRIER_FAIRNESS_ABLATIONS_20260803/t6_plain_downstream_20260804/inference_pkg_nmc/T6/DST/0,${SOURCE_WORKSPACE}/DL/CEMA_CARRIER_FAIRNESS_ABLATIONS_20260803/t6_plain_downstream_20260804/inference_pkg_nmc/T6/DST/0
review_defense_c4_zeroshot,all8_train_all8_test,c4,gru,plain_linear,T6,DST,0,25.0,44.69939952921006,,${SOURCE_WORKSPACE}/LFP_REMOTE_EXACT_COPY_20260713/DL/CEMA_LFP/lfp_confirmatory_minipanel/prepared_data_ocv_discharge_soc/25C/LFP_25C_DST.csv,strict,False,0.0,${SOURCE_WORKSPACE}/DL/CEMA_CARRIER_FAIRNESS_ABLATIONS_20260803/t6_plain_downstream_20260804/inference_pkg_nmc/T6/DST/0,${SOURCE_WORKSPACE}/DL/CEMA_CARRIER_FAIRNESS_ABLATIONS_20260803/t6_plain_downstream_20260804/inference_pkg_nmc/T6/DST/0
review_defense_c4_zeroshot,all8_train_all8_test,c4,gru,plain_linear,T6,DST,0,30.0,44.72212826610233,,${SOURCE_WORKSPACE}/LFP_REMOTE_EXACT_COPY_20260713/DL/CEMA_LFP/lfp_confirmatory_minipanel/prepared_data_ocv_discharge_soc/30C/LFP_30C_DST.csv,strict,False,0.0,${SOURCE_WORKSPACE}/DL/CEMA_CARRIER_FAIRNESS_ABLATIONS_20260803/t6_plain_downstream_20260804/inference_pkg_nmc/T6/DST/0,${SOURCE_WORKSPACE}/DL/CEMA_CARRIER_FAIRNESS_ABLATIONS_20260803/t6_plain_downstream_20260804/inference_pkg_nmc/T6/DST/0
review_defense_c4_zeroshot,all8_train_all8_test,c4,gru,plain_linear,T6,DST,0,40.0,45.138646812890585,,${SOURCE_WORKSPACE}/LFP_REMOTE_EXACT_COPY_20260713/DL/CEMA_LFP/lfp_confirmatory_minipanel/prepared_data_ocv_discharge_soc/40C/LFP_40C_DST.csv,strict,False,0.0,${SOURCE_WORKSPACE}/DL/CEMA_CARRIER_FAIRNESS_ABLATIONS_20260803/t6_plain_downstream_20260804/inference_pkg_nmc/T6/DST/0,${SOURCE_WORKSPACE}/DL/CEMA_CARRIER_FAIRNESS_ABLATIONS_20260803/t6_plain_downstream_20260804/inference_pkg_nmc/T6/DST/0
review_defense_c4_zeroshot,all8_train_all8_test,c4,gru,plain_linear,T6,DST,0,50.0,45.242475235458066,,${SOURCE_WORKSPACE}/LFP_REMOTE_EXACT_COPY_20260713/DL/CEMA_LFP/lfp_confirmatory_minipanel/prepared_data_ocv_discharge_soc/50C/LFP_50C_DST.csv,strict,True,1.0,${SOURCE_WORKSPACE}/DL/CEMA_CARRIER_FAIRNESS_ABLATIONS_20260803/t6_plain_downstream_20260804/inference_pkg_nmc/T6/DST/0,${SOURCE_WORKSPACE}/DL/CEMA_CARRIER_FAIRNESS_ABLATIONS_20260803/t6_plain_downstream_20260804/inference_pkg_nmc/T6/DST/0
review_defense_c4_zeroshot,all8_train_all8_test,c4,gru,plain_linear,T6,DST,1,-10.0,58.747405292141664,,${SOURCE_WORKSPACE}/LFP_REMOTE_EXACT_COPY_20260713/DL/CEMA_LFP/lfp_confirmatory_minipanel/prepared_data_ocv_discharge_soc/-10C/LFP_-10C_DST.csv,strict,True,1.0,${SOURCE_WORKSPACE}/DL/CEMA_CARRIER_FAIRNESS_ABLATIONS_20260803/t6_plain_downstream_20260804/inference_pkg_nmc/T6/DST/1,${SOURCE_WORKSPACE}/DL/CEMA_CARRIER_FAIRNESS_ABLATIONS_20260803/t6_plain_downstream_20260804/inference_pkg_nmc/T6/DST/1
review_defense_c4_zeroshot,all8_train_all8_test,c4,gru,plain_linear,T6,DST,1,0.0,49.17252253815058,,${SOURCE_WORKSPACE}/LFP_REMOTE_EXACT_COPY_20260713/DL/CEMA_LFP/lfp_confirmatory_minipanel/prepared_data_ocv_discharge_soc/0C/LFP_0C_DST.csv,strict,False,0.0,${SOURCE_WORKSPACE}/DL/CEMA_CARRIER_FAIRNESS_ABLATIONS_20260803/t6_plain_downstream_20260804/inference_pkg_nmc/T6/DST/1,${SOURCE_WORKSPACE}/DL/CEMA_CARRIER_FAIRNESS_ABLATIONS_20260803/t6_plain_downstream_20260804/inference_pkg_nmc/T6/DST/1
review_defense_c4_zeroshot,all8_train_all8_test,c4,gru,plain_linear,T6,DST,1,10.0,46.04544580107956,,${SOURCE_WORKSPACE}/LFP_REMOTE_EXACT_COPY_20260713/DL/CEMA_LFP/lfp_confirmatory_minipanel/prepared_data_ocv_discharge_soc/10C/LFP_10C_DST.csv,strict,False,0.0,${SOURCE_WORKSPACE}/DL/CEMA_CARRIER_FAIRNESS_ABLATIONS_20260803/t6_plain_downstream_20260804/inference_pkg_nmc/T6/DST/1,${SOURCE_WORKSPACE}/DL/CEMA_CARRIER_FAIRNESS_ABLATIONS_20260803/t6_plain_downstream_20260804/inference_pkg_nmc/T6/DST/1
review_defense_c4_zeroshot,all8_train_all8_test,c4,gru,plain_linear,T6,DST,1,20.0,45.702064822812275,,${SOURCE_WORKSPACE}/LFP_REMOTE_EXACT_COPY_20260713/DL/CEMA_LFP/lfp_confirmatory_minipanel/prepared_data_ocv_discharge_soc/20C/LFP_20C_DST.csv,strict,False,0.0,${SOURCE_WORKSPACE}/DL/CEMA_CARRIER_FAIRNESS_ABLATIONS_20260803/t6_plain_downstream_20260804/inference_pkg_nmc/T6/DST/1,${SOURCE_WORKSPACE}/DL/CEMA_CARRIER_FAIRNESS_ABLATIONS_20260803/t6_plain_downstream_20260804/inference_pkg_nmc/T6/DST/1
review_defense_c4_zeroshot,all8_train_all8_test,c4,gru,plain_linear,T6,DST,1,25.0,45.2777542259643,,${SOURCE_WORKSPACE}/LFP_REMOTE_EXACT_COPY_20260713/DL/CEMA_LFP/lfp_confirmatory_minipanel/prepared_data_ocv_discharge_soc/25C/LFP_25C_DST.csv,strict,False,0.0,${SOURCE_WORKSPACE}/DL/CEMA_CARRIER_FAIRNESS_ABLATIONS_20260803/t6_plain_downstream_20260804/inference_pkg_nmc/T6/DST/1,${SOURCE_WORKSPACE}/DL/CEMA_CARRIER_FAIRNESS_ABLATIONS_20260803/t6_plain_downstream_20260804/inference_pkg_nmc/T6/DST/1
review_defense_c4_zeroshot,all8_train_all8_test,c4,gru,plain_linear,T6,DST,1,30.0,45.29552874956791,,${SOURCE_WORKSPACE}/LFP_REMOTE_EXACT_COPY_20260713/DL/CEMA_LFP/lfp_confirmatory_minipanel/prepared_data_ocv_discharge_soc/30C/LFP_30C_DST.csv,strict,False,0.0,${SOURCE_WORKSPACE}/DL/CEMA_CARRIER_FAIRNESS_ABLATIONS_20260803/t6_plain_downstream_20260804/inference_pkg_nmc/T6/DST/1,${SOURCE_WORKSPACE}/DL/CEMA_CARRIER_FAIRNESS_ABLATIONS_20260803/t6_plain_downstream_20260804/inference_pkg_nmc/T6/DST/1
review_defense_c4_zeroshot,all8_train_all8_test,c4,gru,plain_linear,T6,DST,1,40.0,45.702939320781624,,${SOURCE_WORKSPACE}/LFP_REMOTE_EXACT_COPY_20260713/DL/CEMA_LFP/lfp_confirmatory_minipanel/prepared_data_ocv_discharge_soc/40C/LFP_40C_DST.csv,strict,False,0.0,${SOURCE_WORKSPACE}/DL/CEMA_CARRIER_FAIRNESS_ABLATIONS_20260803/t6_plain_downstream_20260804/inference_pkg_nmc/T6/DST/1,${SOURCE_WORKSPACE}/DL/CEMA_CARRIER_FAIRNESS_ABLATIONS_20260803/t6_plain_downstream_20260804/inference_pkg_nmc/T6/DST/1
review_defense_c4_zeroshot,all8_train_all8_test,c4,gru,plain_linear,T6,DST,1,50.0,45.810752220504206,,${SOURCE_WORKSPACE}/LFP_REMOTE_EXACT_COPY_20260713/DL/CEMA_LFP/lfp_confirmatory_minipanel/prepared_data_ocv_discharge_soc/50C/LFP_50C_DST.csv,strict,True,1.0,${SOURCE_WORKSPACE}/DL/CEMA_CARRIER_FAIRNESS_ABLATIONS_20260803/t6_plain_downstream_20260804/inference_pkg_nmc/T6/DST/1,${SOURCE_WORKSPACE}/DL/CEMA_CARRIER_FAIRNESS_ABLATIONS_20260803/t6_plain_downstream_20260804/inference_pkg_nmc/T6/DST/1
review_defense_c4_zeroshot,all8_train_all8_test,c4,gru,plain_linear,T6,DST,2,-10.0,57.63847465319396,,${SOURCE_WORKSPACE}/LFP_REMOTE_EXACT_COPY_20260713/DL/CEMA_LFP/lfp_confirmatory_minipanel/prepared_data_ocv_discharge_soc/-10C/LFP_-10C_DST.csv,strict,True,1.0,${SOURCE_WORKSPACE}/DL/CEMA_CARRIER_FAIRNESS_ABLATIONS_20260803/t6_plain_downstream_20260804/inference_pkg_nmc/T6/DST/2,${SOURCE_WORKSPACE}/DL/CEMA_CARRIER_FAIRNESS_ABLATIONS_20260803/t6_plain_downstream_20260804/inference_pkg_nmc/T6/DST/2
review_defense_c4_zeroshot,all8_train_all8_test,c4,gru,plain_linear,T6,DST,2,0.0,48.14474200445145,,${SOURCE_WORKSPACE}/LFP_REMOTE_EXACT_COPY_20260713/DL/CEMA_LFP/lfp_confirmatory_minipanel/prepared_data_ocv_discharge_soc/0C/LFP_0C_DST.csv,strict,False,0.0,${SOURCE_WORKSPACE}/DL/CEMA_CARRIER_FAIRNESS_ABLATIONS_20260803/t6_plain_downstream_20260804/inference_pkg_nmc/T6/DST/2,${SOURCE_WORKSPACE}/DL/CEMA_CARRIER_FAIRNESS_ABLATIONS_20260803/t6_plain_downstream_20260804/inference_pkg_nmc/T6/DST/2
review_defense_c4_zeroshot,all8_train_all8_test,c4,gru,plain_linear,T6,DST,2,10.0,45.004270874074535,,${SOURCE_WORKSPACE}/LFP_REMOTE_EXACT_COPY_20260713/DL/CEMA_LFP/lfp_confirmatory_minipanel/prepared_data_ocv_discharge_soc/10C/LFP_10C_DST.csv,strict,False,0.0,${SOURCE_WORKSPACE}/DL/CEMA_CARRIER_FAIRNESS_ABLATIONS_20260803/t6_plain_downstream_20260804/inference_pkg_nmc/T6/DST/2,${SOURCE_WORKSPACE}/DL/CEMA_CARRIER_FAIRNESS_ABLATIONS_20260803/t6_plain_downstream_20260804/inference_pkg_nmc/T6/DST/2
review_defense_c4_zeroshot,all8_train_all8_test,c4,gru,plain_linear,T6,DST,2,20.0,44.70918337077253,,${SOURCE_WORKSPACE}/LFP_REMOTE_EXACT_COPY_20260713/DL/CEMA_LFP/lfp_confirmatory_minipanel/prepared_data_ocv_discharge_soc/20C/LFP_20C_DST.csv,strict,False,0.0,${SOURCE_WORKSPACE}/DL/CEMA_CARRIER_FAIRNESS_ABLATIONS_20260803/t6_plain_downstream_20260804/inference_pkg_nmc/T6/DST/2,${SOURCE_WORKSPACE}/DL/CEMA_CARRIER_FAIRNESS_ABLATIONS_20260803/t6_plain_downstream_20260804/inference_pkg_nmc/T6/DST/2
review_defense_c4_zeroshot,all8_train_all8_test,c4,gru,plain_linear,T6,DST,2,25.0,44.3527774011473,,${SOURCE_WORKSPACE}/LFP_REMOTE_EXACT_COPY_20260713/DL/CEMA_LFP/lfp_confirmatory_minipanel/prepared_data_ocv_discharge_soc/25C/LFP_25C_DST.csv,strict,False,0.0,${SOURCE_WORKSPACE}/DL/CEMA_CARRIER_FAIRNESS_ABLATIONS_20260803/t6_plain_downstream_20260804/inference_pkg_nmc/T6/DST/2,${SOURCE_WORKSPACE}/DL/CEMA_CARRIER_FAIRNESS_ABLATIONS_20260803/t6_plain_downstream_20260804/inference_pkg_nmc/T6/DST/2
review_defense_c4_zeroshot,all8_train_all8_test,c4,gru,plain_linear,T6,DST,2,30.0,44.44979157629865,,${SOURCE_WORKSPACE}/LFP_REMOTE_EXACT_COPY_20260713/DL/CEMA_LFP/lfp_confirmatory_minipanel/prepared_data_ocv_discharge_soc/30C/LFP_30C_DST.csv,strict,False,0.0,${SOURCE_WORKSPACE}/DL/CEMA_CARRIER_FAIRNESS_ABLATIONS_20260803/t6_plain_downstream_20260804/inference_pkg_nmc/T6/DST/2,${SOURCE_WORKSPACE}/DL/CEMA_CARRIER_FAIRNESS_ABLATIONS_20260803/t6_plain_downstream_20260804/inference_pkg_nmc/T6/DST/2
review_defense_c4_zeroshot,all8_train_all8_test,c4,gru,plain_linear,T6,DST,2,40.0,44.98815919557623,,${SOURCE_WORKSPACE}/LFP_REMOTE_EXACT_COPY_20260713/DL/CEMA_LFP/lfp_confirmatory_minipanel/prepared_data_ocv_discharge_soc/40C/LFP_40C_DST.csv,strict,False,0.0,${SOURCE_WORKSPACE}/DL/CEMA_CARRIER_FAIRNESS_ABLATIONS_20260803/t6_plain_downstream_20260804/inference_pkg_nmc/T6/DST/2,${SOURCE_WORKSPACE}/DL/CEMA_CARRIER_FAIRNESS_ABLATIONS_20260803/t6_plain_downstream_20260804/inference_pkg_nmc/T6/DST/2
review_defense_c4_zeroshot,all8_train_all8_test,c4,gru,plain_linear,T6,DST,2,50.0,45.17767071094506,,${SOURCE_WORKSPACE}/LFP_REMOTE_EXACT_COPY_20260713/DL/CEMA_LFP/lfp_confirmatory_minipanel/prepared_data_ocv_discharge_soc/50C/LFP_50C_DST.csv,strict,True,1.0,${SOURCE_WORKSPACE}/DL/CEMA_CARRIER_FAIRNESS_ABLATIONS_20260803/t6_plain_downstream_20260804/inference_pkg_nmc/T6/DST/2,${SOURCE_WORKSPACE}/DL/CEMA_CARRIER_FAIRNESS_ABLATIONS_20260803/t6_plain_downstream_20260804/inference_pkg_nmc/T6/DST/2
review_defense_c4_zeroshot,all8_train_all8_test,c4,gru,plain_linear,T6,FUDS,0,-10.0,56.96551876576423,,${SOURCE_WORKSPACE}/LFP_REMOTE_EXACT_COPY_20260713/DL/CEMA_LFP/lfp_confirmatory_minipanel/prepared_data_ocv_discharge_soc/-10C/LFP_-10C_FUDS.csv,strict,True,1.0,${SOURCE_WORKSPACE}/DL/CEMA_CARRIER_FAIRNESS_ABLATIONS_20260803/t6_plain_downstream_20260804/inference_pkg_nmc/T6/FUDS/0,${SOURCE_WORKSPACE}/DL/CEMA_CARRIER_FAIRNESS_ABLATIONS_20260803/t6_plain_downstream_20260804/inference_pkg_nmc/T6/FUDS/0
review_defense_c4_zeroshot,all8_train_all8_test,c4,gru,plain_linear,T6,FUDS,0,0.0,48.17977052747922,,${SOURCE_WORKSPACE}/LFP_REMOTE_EXACT_COPY_20260713/DL/CEMA_LFP/lfp_confirmatory_minipanel/prepared_data_ocv_discharge_soc/0C/LFP_0C_FUDS.csv,strict,False,0.0,${SOURCE_WORKSPACE}/DL/CEMA_CARRIER_FAIRNESS_ABLATIONS_20260803/t6_plain_downstream_20260804/inference_pkg_nmc/T6/FUDS/0,${SOURCE_WORKSPACE}/DL/CEMA_CARRIER_FAIRNESS_ABLATIONS_20260803/t6_plain_downstream_20260804/inference_pkg_nmc/T6/FUDS/0
review_defense_c4_zeroshot,all8_train_all8_test,c4,gru,plain_linear,T6,FUDS,0,10.0,46.852530399701834,,${SOURCE_WORKSPACE}/LFP_REMOTE_EXACT_COPY_20260713/DL/CEMA_LFP/lfp_confirmatory_minipanel/prepared_data_ocv_discharge_soc/10C/LFP_10C_FUDS.csv,strict,False,0.0,${SOURCE_WORKSPACE}/DL/CEMA_CARRIER_FAIRNESS_ABLATIONS_20260803/t6_plain_downstream_20260804/inference_pkg_nmc/T6/FUDS/0,${SOURCE_WORKSPACE}/DL/CEMA_CARRIER_FAIRNESS_ABLATIONS_20260803/t6_plain_downstream_20260804/inference_pkg_nmc/T6/FUDS/0
review_defense_c4_zeroshot,all8_train_all8_test,c4,gru,plain_linear,T6,FUDS,0,20.0,46.247631439864705,,${SOURCE_WORKSPACE}/LFP_REMOTE_EXACT_COPY_20260713/DL/CEMA_LFP/lfp_confirmatory_minipanel/prepared_data_ocv_discharge_soc/20C/LFP_20C_FUDS.csv,strict,False,0.0,${SOURCE_WORKSPACE}/DL/CEMA_CARRIER_FAIRNESS_ABLATIONS_20260803/t6_plain_downstream_20260804/inference_pkg_nmc/T6/FUDS/0,${SOURCE_WORKSPACE}/DL/CEMA_CARRIER_FAIRNESS_ABLATIONS_20260803/t6_plain_downstream_20260804/inference_pkg_nmc/T6/FUDS/0
review_defense_c4_zeroshot,all8_train_all8_test,c4,gru,plain_linear,T6,FUDS,0,25.0,45.61076815860255,,${SOURCE_WORKSPACE}/LFP_REMOTE_EXACT_COPY_20260713/DL/CEMA_LFP/lfp_confirmatory_minipanel/prepared_data_ocv_discharge_soc/25C/LFP_25C_FUDS.csv,strict,False,0.0,${SOURCE_WORKSPACE}/DL/CEMA_CARRIER_FAIRNESS_ABLATIONS_20260803/t6_plain_downstream_20260804/inference_pkg_nmc/T6/FUDS/0,${SOURCE_WORKSPACE}/DL/CEMA_CARRIER_FAIRNESS_ABLATIONS_20260803/t6_plain_downstream_20260804/inference_pkg_nmc/T6/FUDS/0
review_defense_c4_zeroshot,all8_train_all8_test,c4,gru,plain_linear,T6,FUDS,0,30.0,45.52718971011378,,${SOURCE_WORKSPACE}/LFP_REMOTE_EXACT_COPY_20260713/DL/CEMA_LFP/lfp_confirmatory_minipanel/prepared_data_ocv_discharge_soc/30C/LFP_30C_FUDS.csv,strict,False,0.0,${SOURCE_WORKSPACE}/DL/CEMA_CARRIER_FAIRNESS_ABLATIONS_20260803/t6_plain_downstream_20260804/inference_pkg_nmc/T6/FUDS/0,${SOURCE_WORKSPACE}/DL/CEMA_CARRIER_FAIRNESS_ABLATIONS_20260803/t6_plain_downstream_20260804/inference_pkg_nmc/T6/FUDS/0
review_defense_c4_zeroshot,all8_train_all8_test,c4,gru,plain_linear,T6,FUDS,0,40.0,45.117879546379044,,${SOURCE_WORKSPACE}/LFP_REMOTE_EXACT_COPY_20260713/DL/CEMA_LFP/lfp_confirmatory_minipanel/prepared_data_ocv_discharge_soc/40C/LFP_40C_FUDS.csv,strict,False,0.0,${SOURCE_WORKSPACE}/DL/CEMA_CARRIER_FAIRNESS_ABLATIONS_20260803/t6_plain_downstream_20260804/inference_pkg_nmc/T6/FUDS/0,${SOURCE_WORKSPACE}/DL/CEMA_CARRIER_FAIRNESS_ABLATIONS_20260803/t6_plain_downstream_20260804/inference_pkg_nmc/T6/FUDS/0
review_defense_c4_zeroshot,all8_train_all8_test,c4,gru,plain_linear,T6,FUDS,0,50.0,45.05420109568167,,${SOURCE_WORKSPACE}/LFP_REMOTE_EXACT_COPY_20260713/DL/CEMA_LFP/lfp_confirmatory_minipanel/prepared_data_ocv_discharge_soc/50C/LFP_50C_FUDS.csv,strict,True,1.0,${SOURCE_WORKSPACE}/DL/CEMA_CARRIER_FAIRNESS_ABLATIONS_20260803/t6_plain_downstream_20260804/inference_pkg_nmc/T6/FUDS/0,${SOURCE_WORKSPACE}/DL/CEMA_CARRIER_FAIRNESS_ABLATIONS_20260803/t6_plain_downstream_20260804/inference_pkg_nmc/T6/FUDS/0
review_defense_c4_zeroshot,all8_train_all8_test,c4,gru,plain_linear,T6,FUDS,1,-10.0,57.24573598025123,,${SOURCE_WORKSPACE}/LFP_REMOTE_EXACT_COPY_20260713/DL/CEMA_LFP/lfp_confirmatory_minipanel/prepared_data_ocv_discharge_soc/-10C/LFP_-10C_FUDS.csv,strict,True,1.0,${SOURCE_WORKSPACE}/DL/CEMA_CARRIER_FAIRNESS_ABLATIONS_20260803/t6_plain_downstream_20260804/inference_pkg_nmc/T6/FUDS/1,${SOURCE_WORKSPACE}/DL/CEMA_CARRIER_FAIRNESS_ABLATIONS_20260803/t6_plain_downstream_20260804/inference_pkg_nmc/T6/FUDS/1
review_defense_c4_zeroshot,all8_train_all8_test,c4,gru,plain_linear,T6,FUDS,1,0.0,48.48798716820896,,${SOURCE_WORKSPACE}/LFP_REMOTE_EXACT_COPY_20260713/DL/CEMA_LFP/lfp_confirmatory_minipanel/prepared_data_ocv_discharge_soc/0C/LFP_0C_FUDS.csv,strict,False,0.0,${SOURCE_WORKSPACE}/DL/CEMA_CARRIER_FAIRNESS_ABLATIONS_20260803/t6_plain_downstream_20260804/inference_pkg_nmc/T6/FUDS/1,${SOURCE_WORKSPACE}/DL/CEMA_CARRIER_FAIRNESS_ABLATIONS_20260803/t6_plain_downstream_20260804/inference_pkg_nmc/T6/FUDS/1
review_defense_c4_zeroshot,all8_train_all8_test,c4,gru,plain_linear,T6,FUDS,1,10.0,47.25782932203427,,${SOURCE_WORKSPACE}/LFP_REMOTE_EXACT_COPY_20260713/DL/CEMA_LFP/lfp_confirmatory_minipanel/prepared_data_ocv_discharge_soc/10C/LFP_10C_FUDS.csv,strict,False,0.0,${SOURCE_WORKSPACE}/DL/CEMA_CARRIER_FAIRNESS_ABLATIONS_20260803/t6_plain_downstream_20260804/inference_pkg_nmc/T6/FUDS/1,${SOURCE_WORKSPACE}/DL/CEMA_CARRIER_FAIRNESS_ABLATIONS_20260803/t6_plain_downstream_20260804/inference_pkg_nmc/T6/FUDS/1
review_defense_c4_zeroshot,all8_train_all8_test,c4,gru,plain_linear,T6,FUDS,1,20.0,46.78676760268203,,${SOURCE_WORKSPACE}/LFP_REMOTE_EXACT_COPY_20260713/DL/CEMA_LFP/lfp_confirmatory_minipanel/prepared_data_ocv_discharge_soc/20C/LFP_20C_FUDS.csv,strict,False,0.0,${SOURCE_WORKSPACE}/DL/CEMA_CARRIER_FAIRNESS_ABLATIONS_20260803/t6_plain_downstream_20260804/inference_pkg_nmc/T6/FUDS/1,${SOURCE_WORKSPACE}/DL/CEMA_CARRIER_FAIRNESS_ABLATIONS_20260803/t6_plain_downstream_20260804/inference_pkg_nmc/T6/FUDS/1
review_defense_c4_zeroshot,all8_train_all8_test,c4,gru,plain_linear,T6,FUDS,1,25.0,46.263172493796105,,${SOURCE_WORKSPACE}/LFP_REMOTE_EXACT_COPY_20260713/DL/CEMA_LFP/lfp_confirmatory_minipanel/prepared_data_ocv_discharge_soc/25C/LFP_25C_FUDS.csv,strict,False,0.0,${SOURCE_WORKSPACE}/DL/CEMA_CARRIER_FAIRNESS_ABLATIONS_20260803/t6_plain_downstream_20260804/inference_pkg_nmc/T6/FUDS/1,${SOURCE_WORKSPACE}/DL/CEMA_CARRIER_FAIRNESS_ABLATIONS_20260803/t6_plain_downstream_20260804/inference_pkg_nmc/T6/FUDS/1
review_defense_c4_zeroshot,all8_train_all8_test,c4,gru,plain_linear,T6,FUDS,1,30.0,46.316145958788994,,${SOURCE_WORKSPACE}/LFP_REMOTE_EXACT_COPY_20260713/DL/CEMA_LFP/lfp_confirmatory_minipanel/prepared_data_ocv_discharge_soc/30C/LFP_30C_FUDS.csv,strict,False,0.0,${SOURCE_WORKSPACE}/DL/CEMA_CARRIER_FAIRNESS_ABLATIONS_20260803/t6_plain_downstream_20260804/inference_pkg_nmc/T6/FUDS/1,${SOURCE_WORKSPACE}/DL/CEMA_CARRIER_FAIRNESS_ABLATIONS_20260803/t6_plain_downstream_20260804/inference_pkg_nmc/T6/FUDS/1
review_defense_c4_zeroshot,all8_train_all8_test,c4,gru,plain_linear,T6,FUDS,1,40.0,46.186283511300665,,${SOURCE_WORKSPACE}/LFP_REMOTE_EXACT_COPY_20260713/DL/CEMA_LFP/lfp_confirmatory_minipanel/prepared_data_ocv_discharge_soc/40C/LFP_40C_FUDS.csv,strict,False,0.0,${SOURCE_WORKSPACE}/DL/CEMA_CARRIER_FAIRNESS_ABLATIONS_20260803/t6_plain_downstream_20260804/inference_pkg_nmc/T6/FUDS/1,${SOURCE_WORKSPACE}/DL/CEMA_CARRIER_FAIRNESS_ABLATIONS_20260803/t6_plain_downstream_20260804/inference_pkg_nmc/T6/FUDS/1
review_defense_c4_zeroshot,all8_train_all8_test,c4,gru,plain_linear,T6,FUDS,1,50.0,46.31822905513918,,${SOURCE_WORKSPACE}/LFP_REMOTE_EXACT_COPY_20260713/DL/CEMA_LFP/lfp_confirmatory_minipanel/prepared_data_ocv_discharge_soc/50C/LFP_50C_FUDS.csv,strict,True,1.0,${SOURCE_WORKSPACE}/DL/CEMA_CARRIER_FAIRNESS_ABLATIONS_20260803/t6_plain_downstream_20260804/inference_pkg_nmc/T6/FUDS/1,${SOURCE_WORKSPACE}/DL/CEMA_CARRIER_FAIRNESS_ABLATIONS_20260803/t6_plain_downstream_20260804/inference_pkg_nmc/T6/FUDS/1
review_defense_c4_zeroshot,all8_train_all8_test,c4,gru,plain_linear,T6,FUDS,2,-10.0,57.08514053925968,,${SOURCE_WORKSPACE}/LFP_REMOTE_EXACT_COPY_20260713/DL/CEMA_LFP/lfp_confirmatory_minipanel/prepared_data_ocv_discharge_soc/-10C/LFP_-10C_FUDS.csv,strict,True,1.0,${SOURCE_WORKSPACE}/DL/CEMA_CARRIER_FAIRNESS_ABLATIONS_20260803/t6_plain_downstream_20260804/inference_pkg_nmc/T6/FUDS/2,${SOURCE_WORKSPACE}/DL/CEMA_CARRIER_FAIRNESS_ABLATIONS_20260803/t6_plain_downstream_20260804/inference_pkg_nmc/T6/FUDS/2
review_defense_c4_zeroshot,all8_train_all8_test,c4,gru,plain_linear,T6,FUDS,2,0.0,48.301048718693195,,${SOURCE_WORKSPACE}/LFP_REMOTE_EXACT_COPY_20260713/DL/CEMA_LFP/lfp_confirmatory_minipanel/prepared_data_ocv_discharge_soc/0C/LFP_0C_FUDS.csv,strict,False,0.0,${SOURCE_WORKSPACE}/DL/CEMA_CARRIER_FAIRNESS_ABLATIONS_20260803/t6_plain_downstream_20260804/inference_pkg_nmc/T6/FUDS/2,${SOURCE_WORKSPACE}/DL/CEMA_CARRIER_FAIRNESS_ABLATIONS_20260803/t6_plain_downstream_20260804/inference_pkg_nmc/T6/FUDS/2
review_defense_c4_zeroshot,all8_train_all8_test,c4,gru,plain_linear,T6,FUDS,2,10.0,46.98966603376982,,${SOURCE_WORKSPACE}/LFP_REMOTE_EXACT_COPY_20260713/DL/CEMA_LFP/lfp_confirmatory_minipanel/prepared_data_ocv_discharge_soc/10C/LFP_10C_FUDS.csv,strict,False,0.0,${SOURCE_WORKSPACE}/DL/CEMA_CARRIER_FAIRNESS_ABLATIONS_20260803/t6_plain_downstream_20260804/inference_pkg_nmc/T6/FUDS/2,${SOURCE_WORKSPACE}/DL/CEMA_CARRIER_FAIRNESS_ABLATIONS_20260803/t6_plain_downstream_20260804/inference_pkg_nmc/T6/FUDS/2
review_defense_c4_zeroshot,all8_train_all8_test,c4,gru,plain_linear,T6,FUDS,2,20.0,46.48220805058685,,${SOURCE_WORKSPACE}/LFP_REMOTE_EXACT_COPY_20260713/DL/CEMA_LFP/lfp_confirmatory_minipanel/prepared_data_ocv_discharge_soc/20C/LFP_20C_FUDS.csv,strict,False,0.0,${SOURCE_WORKSPACE}/DL/CEMA_CARRIER_FAIRNESS_ABLATIONS_20260803/t6_plain_downstream_20260804/inference_pkg_nmc/T6/FUDS/2,${SOURCE_WORKSPACE}/DL/CEMA_CARRIER_FAIRNESS_ABLATIONS_20260803/t6_plain_downstream_20260804/inference_pkg_nmc/T6/FUDS/2
review_defense_c4_zeroshot,all8_train_all8_test,c4,gru,plain_linear,T6,FUDS,2,25.0,45.906866981230415,,${SOURCE_WORKSPACE}/LFP_REMOTE_EXACT_COPY_20260713/DL/CEMA_LFP/lfp_confirmatory_minipanel/prepared_data_ocv_discharge_soc/25C/LFP_25C_FUDS.csv,strict,False,0.0,${SOURCE_WORKSPACE}/DL/CEMA_CARRIER_FAIRNESS_ABLATIONS_20260803/t6_plain_downstream_20260804/inference_pkg_nmc/T6/FUDS/2,${SOURCE_WORKSPACE}/DL/CEMA_CARRIER_FAIRNESS_ABLATIONS_20260803/t6_plain_downstream_20260804/inference_pkg_nmc/T6/FUDS/2
review_defense_c4_zeroshot,all8_train_all8_test,c4,gru,plain_linear,T6,FUDS,2,30.0,45.878775763884924,,${SOURCE_WORKSPACE}/LFP_REMOTE_EXACT_COPY_20260713/DL/CEMA_LFP/lfp_confirmatory_minipanel/prepared_data_ocv_discharge_soc/30C/LFP_30C_FUDS.csv,strict,False,0.0,${SOURCE_WORKSPACE}/DL/CEMA_CARRIER_FAIRNESS_ABLATIONS_20260803/t6_plain_downstream_20260804/inference_pkg_nmc/T6/FUDS/2,${SOURCE_WORKSPACE}/DL/CEMA_CARRIER_FAIRNESS_ABLATIONS_20260803/t6_plain_downstream_20260804/inference_pkg_nmc/T6/FUDS/2
review_defense_c4_zeroshot,all8_train_all8_test,c4,gru,plain_linear,T6,FUDS,2,40.0,45.61711440567842,,${SOURCE_WORKSPACE}/LFP_REMOTE_EXACT_COPY_20260713/DL/CEMA_LFP/lfp_confirmatory_minipanel/prepared_data_ocv_discharge_soc/40C/LFP_40C_FUDS.csv,strict,False,0.0,${SOURCE_WORKSPACE}/DL/CEMA_CARRIER_FAIRNESS_ABLATIONS_20260803/t6_plain_downstream_20260804/inference_pkg_nmc/T6/FUDS/2,${SOURCE_WORKSPACE}/DL/CEMA_CARRIER_FAIRNESS_ABLATIONS_20260803/t6_plain_downstream_20260804/inference_pkg_nmc/T6/FUDS/2
review_defense_c4_zeroshot,all8_train_all8_test,c4,gru,plain_linear,T6,FUDS,2,50.0,45.71810659800054,,${SOURCE_WORKSPACE}/LFP_REMOTE_EXACT_COPY_20260713/DL/CEMA_LFP/lfp_confirmatory_minipanel/prepared_data_ocv_discharge_soc/50C/LFP_50C_FUDS.csv,strict,True,1.0,${SOURCE_WORKSPACE}/DL/CEMA_CARRIER_FAIRNESS_ABLATIONS_20260803/t6_plain_downstream_20260804/inference_pkg_nmc/T6/FUDS/2,${SOURCE_WORKSPACE}/DL/CEMA_CARRIER_FAIRNESS_ABLATIONS_20260803/t6_plain_downstream_20260804/inference_pkg_nmc/T6/FUDS/2
review_defense_c4_zeroshot,all8_train_all8_test,c4,gru,plain_linear,T6,US06,0,-10.0,58.177629331750836,,${SOURCE_WORKSPACE}/LFP_REMOTE_EXACT_COPY_20260713/DL/CEMA_LFP/lfp_confirmatory_minipanel/prepared_data_ocv_discharge_soc/-10C/LFP_-10C_US06.csv,strict,True,1.0,${SOURCE_WORKSPACE}/DL/CEMA_CARRIER_FAIRNESS_ABLATIONS_20260803/t6_plain_downstream_20260804/inference_pkg_nmc/T6/US06/0,${SOURCE_WORKSPACE}/DL/CEMA_CARRIER_FAIRNESS_ABLATIONS_20260803/t6_plain_downstream_20260804/inference_pkg_nmc/T6/US06/0
review_defense_c4_zeroshot,all8_train_all8_test,c4,gru,plain_linear,T6,US06,0,0.0,49.612917581923405,,${SOURCE_WORKSPACE}/LFP_REMOTE_EXACT_COPY_20260713/DL/CEMA_LFP/lfp_confirmatory_minipanel/prepared_data_ocv_discharge_soc/0C/LFP_0C_US06.csv,strict,False,0.0,${SOURCE_WORKSPACE}/DL/CEMA_CARRIER_FAIRNESS_ABLATIONS_20260803/t6_plain_downstream_20260804/inference_pkg_nmc/T6/US06/0,${SOURCE_WORKSPACE}/DL/CEMA_CARRIER_FAIRNESS_ABLATIONS_20260803/t6_plain_downstream_20260804/inference_pkg_nmc/T6/US06/0
review_defense_c4_zeroshot,all8_train_all8_test,c4,gru,plain_linear,T6,US06,0,10.0,45.3519050534873,,${SOURCE_WORKSPACE}/LFP_REMOTE_EXACT_COPY_20260713/DL/CEMA_LFP/lfp_confirmatory_minipanel/prepared_data_ocv_discharge_soc/10C/LFP_10C_US06.csv,strict,False,0.0,${SOURCE_WORKSPACE}/DL/CEMA_CARRIER_FAIRNESS_ABLATIONS_20260803/t6_plain_downstream_20260804/inference_pkg_nmc/T6/US06/0,${SOURCE_WORKSPACE}/DL/CEMA_CARRIER_FAIRNESS_ABLATIONS_20260803/t6_plain_downstream_20260804/inference_pkg_nmc/T6/US06/0
review_defense_c4_zeroshot,all8_train_all8_test,c4,gru,plain_linear,T6,US06,0,20.0,45.561208876993774,,${SOURCE_WORKSPACE}/LFP_REMOTE_EXACT_COPY_20260713/DL/CEMA_LFP/lfp_confirmatory_minipanel/prepared_data_ocv_discharge_soc/20C/LFP_20C_US06.csv,strict,False,0.0,${SOURCE_WORKSPACE}/DL/CEMA_CARRIER_FAIRNESS_ABLATIONS_20260803/t6_plain_downstream_20260804/inference_pkg_nmc/T6/US06/0,${SOURCE_WORKSPACE}/DL/CEMA_CARRIER_FAIRNESS_ABLATIONS_20260803/t6_plain_downstream_20260804/inference_pkg_nmc/T6/US06/0
review_defense_c4_zeroshot,all8_train_all8_test,c4,gru,plain_linear,T6,US06,0,25.0,45.019065727841415,,${SOURCE_WORKSPACE}/LFP_REMOTE_EXACT_COPY_20260713/DL/CEMA_LFP/lfp_confirmatory_minipanel/prepared_data_ocv_discharge_soc/25C/LFP_25C_US06.csv,strict,False,0.0,${SOURCE_WORKSPACE}/DL/CEMA_CARRIER_FAIRNESS_ABLATIONS_20260803/t6_plain_downstream_20260804/inference_pkg_nmc/T6/US06/0,${SOURCE_WORKSPACE}/DL/CEMA_CARRIER_FAIRNESS_ABLATIONS_20260803/t6_plain_downstream_20260804/inference_pkg_nmc/T6/US06/0
review_defense_c4_zeroshot,all8_train_all8_test,c4,gru,plain_linear,T6,US06,0,30.0,45.145474241057336,,${SOURCE_WORKSPACE}/LFP_REMOTE_EXACT_COPY_20260713/DL/CEMA_LFP/lfp_confirmatory_minipanel/prepared_data_ocv_discharge_soc/30C/LFP_30C_US06.csv,strict,False,0.0,${SOURCE_WORKSPACE}/DL/CEMA_CARRIER_FAIRNESS_ABLATIONS_20260803/t6_plain_downstream_20260804/inference_pkg_nmc/T6/US06/0,${SOURCE_WORKSPACE}/DL/CEMA_CARRIER_FAIRNESS_ABLATIONS_20260803/t6_plain_downstream_20260804/inference_pkg_nmc/T6/US06/0
review_defense_c4_zeroshot,all8_train_all8_test,c4,gru,plain_linear,T6,US06,0,40.0,44.650811898234224,,${SOURCE_WORKSPACE}/LFP_REMOTE_EXACT_COPY_20260713/DL/CEMA_LFP/lfp_confirmatory_minipanel/prepared_data_ocv_discharge_soc/40C/LFP_40C_US06.csv,strict,False,0.0,${SOURCE_WORKSPACE}/DL/CEMA_CARRIER_FAIRNESS_ABLATIONS_20260803/t6_plain_downstream_20260804/inference_pkg_nmc/T6/US06/0,${SOURCE_WORKSPACE}/DL/CEMA_CARRIER_FAIRNESS_ABLATIONS_20260803/t6_plain_downstream_20260804/inference_pkg_nmc/T6/US06/0
review_defense_c4_zeroshot,all8_train_all8_test,c4,gru,plain_linear,T6,US06,0,50.0,44.665178734132105,,${SOURCE_WORKSPACE}/LFP_REMOTE_EXACT_COPY_20260713/DL/CEMA_LFP/lfp_confirmatory_minipanel/prepared_data_ocv_discharge_soc/50C/LFP_50C_US06.csv,strict,True,1.0,${SOURCE_WORKSPACE}/DL/CEMA_CARRIER_FAIRNESS_ABLATIONS_20260803/t6_plain_downstream_20260804/inference_pkg_nmc/T6/US06/0,${SOURCE_WORKSPACE}/DL/CEMA_CARRIER_FAIRNESS_ABLATIONS_20260803/t6_plain_downstream_20260804/inference_pkg_nmc/T6/US06/0
review_defense_c4_zeroshot,all8_train_all8_test,c4,gru,plain_linear,T6,US06,1,-10.0,58.74114573089598,,${SOURCE_WORKSPACE}/LFP_REMOTE_EXACT_COPY_20260713/DL/CEMA_LFP/lfp_confirmatory_minipanel/prepared_data_ocv_discharge_soc/-10C/LFP_-10C_US06.csv,strict,True,1.0,${SOURCE_WORKSPACE}/DL/CEMA_CARRIER_FAIRNESS_ABLATIONS_20260803/t6_plain_downstream_20260804/inference_pkg_nmc/T6/US06/1,${SOURCE_WORKSPACE}/DL/CEMA_CARRIER_FAIRNESS_ABLATIONS_20260803/t6_plain_downstream_20260804/inference_pkg_nmc/T6/US06/1
review_defense_c4_zeroshot,all8_train_all8_test,c4,gru,plain_linear,T6,US06,1,0.0,50.21959539731681,,${SOURCE_WORKSPACE}/LFP_REMOTE_EXACT_COPY_20260713/DL/CEMA_LFP/lfp_confirmatory_minipanel/prepared_data_ocv_discharge_soc/0C/LFP_0C_US06.csv,strict,False,0.0,${SOURCE_WORKSPACE}/DL/CEMA_CARRIER_FAIRNESS_ABLATIONS_20260803/t6_plain_downstream_20260804/inference_pkg_nmc/T6/US06/1,${SOURCE_WORKSPACE}/DL/CEMA_CARRIER_FAIRNESS_ABLATIONS_20260803/t6_plain_downstream_20260804/inference_pkg_nmc/T6/US06/1
review_defense_c4_zeroshot,all8_train_all8_test,c4,gru,plain_linear,T6,US06,1,10.0,46.012350351825084,,${SOURCE_WORKSPACE}/LFP_REMOTE_EXACT_COPY_20260713/DL/CEMA_LFP/lfp_confirmatory_minipanel/prepared_data_ocv_discharge_soc/10C/LFP_10C_US06.csv,strict,False,0.0,${SOURCE_WORKSPACE}/DL/CEMA_CARRIER_FAIRNESS_ABLATIONS_20260803/t6_plain_downstream_20260804/inference_pkg_nmc/T6/US06/1,${SOURCE_WORKSPACE}/DL/CEMA_CARRIER_FAIRNESS_ABLATIONS_20260803/t6_plain_downstream_20260804/inference_pkg_nmc/T6/US06/1
review_defense_c4_zeroshot,all8_train_all8_test,c4,gru,plain_linear,T6,US06,1,20.0,46.2741373945817,,${SOURCE_WORKSPACE}/LFP_REMOTE_EXACT_COPY_20260713/DL/CEMA_LFP/lfp_confirmatory_minipanel/prepared_data_ocv_discharge_soc/20C/LFP_20C_US06.csv,strict,False,0.0,${SOURCE_WORKSPACE}/DL/CEMA_CARRIER_FAIRNESS_ABLATIONS_20260803/t6_plain_downstream_20260804/inference_pkg_nmc/T6/US06/1,${SOURCE_WORKSPACE}/DL/CEMA_CARRIER_FAIRNESS_ABLATIONS_20260803/t6_plain_downstream_20260804/inference_pkg_nmc/T6/US06/1
review_defense_c4_zeroshot,all8_train_all8_test,c4,gru,plain_linear,T6,US06,1,25.0,45.740996278597414,,${SOURCE_WORKSPACE}/LFP_REMOTE_EXACT_COPY_20260713/DL/CEMA_LFP/lfp_confirmatory_minipanel/prepared_data_ocv_discharge_soc/25C/LFP_25C_US06.csv,strict,False,0.0,${SOURCE_WORKSPACE}/DL/CEMA_CARRIER_FAIRNESS_ABLATIONS_20260803/t6_plain_downstream_20260804/inference_pkg_nmc/T6/US06/1,${SOURCE_WORKSPACE}/DL/CEMA_CARRIER_FAIRNESS_ABLATIONS_20260803/t6_plain_downstream_20260804/inference_pkg_nmc/T6/US06/1
review_defense_c4_zeroshot,all8_train_all8_test,c4,gru,plain_linear,T6,US06,1,30.0,45.88085513048108,,${SOURCE_WORKSPACE}/LFP_REMOTE_EXACT_COPY_20260713/DL/CEMA_LFP/lfp_confirmatory_minipanel/prepared_data_ocv_discharge_soc/30C/LFP_30C_US06.csv,strict,False,0.0,${SOURCE_WORKSPACE}/DL/CEMA_CARRIER_FAIRNESS_ABLATIONS_20260803/t6_plain_downstream_20260804/inference_pkg_nmc/T6/US06/1,${SOURCE_WORKSPACE}/DL/CEMA_CARRIER_FAIRNESS_ABLATIONS_20260803/t6_plain_downstream_20260804/inference_pkg_nmc/T6/US06/1
review_defense_c4_zeroshot,all8_train_all8_test,c4,gru,plain_linear,T6,US06,1,40.0,45.36860608424202,,${SOURCE_WORKSPACE}/LFP_REMOTE_EXACT_COPY_20260713/DL/CEMA_LFP/lfp_confirmatory_minipanel/prepared_data_ocv_discharge_soc/40C/LFP_40C_US06.csv,strict,False,0.0,${SOURCE_WORKSPACE}/DL/CEMA_CARRIER_FAIRNESS_ABLATIONS_20260803/t6_plain_downstream_20260804/inference_pkg_nmc/T6/US06/1,${SOURCE_WORKSPACE}/DL/CEMA_CARRIER_FAIRNESS_ABLATIONS_20260803/t6_plain_downstream_20260804/inference_pkg_nmc/T6/US06/1
review_defense_c4_zeroshot,all8_train_all8_test,c4,gru,plain_linear,T6,US06,1,50.0,45.31838504209174,,${SOURCE_WORKSPACE}/LFP_REMOTE_EXACT_COPY_20260713/DL/CEMA_LFP/lfp_confirmatory_minipanel/prepared_data_ocv_discharge_soc/50C/LFP_50C_US06.csv,strict,True,1.0,${SOURCE_WORKSPACE}/DL/CEMA_CARRIER_FAIRNESS_ABLATIONS_20260803/t6_plain_downstream_20260804/inference_pkg_nmc/T6/US06/1,${SOURCE_WORKSPACE}/DL/CEMA_CARRIER_FAIRNESS_ABLATIONS_20260803/t6_plain_downstream_20260804/inference_pkg_nmc/T6/US06/1
review_defense_c4_zeroshot,all8_train_all8_test,c4,gru,plain_linear,T6,US06,2,-10.0,57.98817574161394,,${SOURCE_WORKSPACE}/LFP_REMOTE_EXACT_COPY_20260713/DL/CEMA_LFP/lfp_confirmatory_minipanel/prepared_data_ocv_discharge_soc/-10C/LFP_-10C_US06.csv,strict,True,1.0,${SOURCE_WORKSPACE}/DL/CEMA_CARRIER_FAIRNESS_ABLATIONS_20260803/t6_plain_downstream_20260804/inference_pkg_nmc/T6/US06/2,${SOURCE_WORKSPACE}/DL/CEMA_CARRIER_FAIRNESS_ABLATIONS_20260803/t6_plain_downstream_20260804/inference_pkg_nmc/T6/US06/2
review_defense_c4_zeroshot,all8_train_all8_test,c4,gru,plain_linear,T6,US06,2,0.0,49.4098468785482,,${SOURCE_WORKSPACE}/LFP_REMOTE_EXACT_COPY_20260713/DL/CEMA_LFP/lfp_confirmatory_minipanel/prepared_data_ocv_discharge_soc/0C/LFP_0C_US06.csv,strict,False,0.0,${SOURCE_WORKSPACE}/DL/CEMA_CARRIER_FAIRNESS_ABLATIONS_20260803/t6_plain_downstream_20260804/inference_pkg_nmc/T6/US06/2,${SOURCE_WORKSPACE}/DL/CEMA_CARRIER_FAIRNESS_ABLATIONS_20260803/t6_plain_downstream_20260804/inference_pkg_nmc/T6/US06/2
review_defense_c4_zeroshot,all8_train_all8_test,c4,gru,plain_linear,T6,US06,2,10.0,45.168083169491624,,${SOURCE_WORKSPACE}/LFP_REMOTE_EXACT_COPY_20260713/DL/CEMA_LFP/lfp_confirmatory_minipanel/prepared_data_ocv_discharge_soc/10C/LFP_10C_US06.csv,strict,False,0.0,${SOURCE_WORKSPACE}/DL/CEMA_CARRIER_FAIRNESS_ABLATIONS_20260803/t6_plain_downstream_20260804/inference_pkg_nmc/T6/US06/2,${SOURCE_WORKSPACE}/DL/CEMA_CARRIER_FAIRNESS_ABLATIONS_20260803/t6_plain_downstream_20260804/inference_pkg_nmc/T6/US06/2
review_defense_c4_zeroshot,all8_train_all8_test,c4,gru,plain_linear,T6,US06,2,20.0,45.39795353965576,,${SOURCE_WORKSPACE}/LFP_REMOTE_EXACT_COPY_20260713/DL/CEMA_LFP/lfp_confirmatory_minipanel/prepared_data_ocv_discharge_soc/20C/LFP_20C_US06.csv,strict,False,0.0,${SOURCE_WORKSPACE}/DL/CEMA_CARRIER_FAIRNESS_ABLATIONS_20260803/t6_plain_downstream_20260804/inference_pkg_nmc/T6/US06/2,${SOURCE_WORKSPACE}/DL/CEMA_CARRIER_FAIRNESS_ABLATIONS_20260803/t6_plain_downstream_20260804/inference_pkg_nmc/T6/US06/2
review_defense_c4_zeroshot,all8_train_all8_test,c4,gru,plain_linear,T6,US06,2,25.0,44.876771317490935,,${SOURCE_WORKSPACE}/LFP_REMOTE_EXACT_COPY_20260713/DL/CEMA_LFP/lfp_confirmatory_minipanel/prepared_data_ocv_discharge_soc/25C/LFP_25C_US06.csv,strict,False,0.0,${SOURCE_WORKSPACE}/DL/CEMA_CARRIER_FAIRNESS_ABLATIONS_20260803/t6_plain_downstream_20260804/inference_pkg_nmc/T6/US06/2,${SOURCE_WORKSPACE}/DL/CEMA_CARRIER_FAIRNESS_ABLATIONS_20260803/t6_plain_downstream_20260804/inference_pkg_nmc/T6/US06/2
review_defense_c4_zeroshot,all8_train_all8_test,c4,gru,plain_linear,T6,US06,2,30.0,45.025519143677606,,${SOURCE_WORKSPACE}/LFP_REMOTE_EXACT_COPY_20260713/DL/CEMA_LFP/lfp_confirmatory_minipanel/prepared_data_ocv_discharge_soc/30C/LFP_30C_US06.csv,strict,False,0.0,${SOURCE_WORKSPACE}/DL/CEMA_CARRIER_FAIRNESS_ABLATIONS_20260803/t6_plain_downstream_20260804/inference_pkg_nmc/T6/US06/2,${SOURCE_WORKSPACE}/DL/CEMA_CARRIER_FAIRNESS_ABLATIONS_20260803/t6_plain_downstream_20260804/inference_pkg_nmc/T6/US06/2
review_defense_c4_zeroshot,all8_train_all8_test,c4,gru,plain_linear,T6,US06,2,40.0,44.55694576831867,,${SOURCE_WORKSPACE}/LFP_REMOTE_EXACT_COPY_20260713/DL/CEMA_LFP/lfp_confirmatory_minipanel/prepared_data_ocv_discharge_soc/40C/LFP_40C_US06.csv,strict,False,0.0,${SOURCE_WORKSPACE}/DL/CEMA_CARRIER_FAIRNESS_ABLATIONS_20260803/t6_plain_downstream_20260804/inference_pkg_nmc/T6/US06/2,${SOURCE_WORKSPACE}/DL/CEMA_CARRIER_FAIRNESS_ABLATIONS_20260803/t6_plain_downstream_20260804/inference_pkg_nmc/T6/US06/2
review_defense_c4_zeroshot,all8_train_all8_test,c4,gru,plain_linear,T6,US06,2,50.0,44.52535280190011,,${SOURCE_WORKSPACE}/LFP_REMOTE_EXACT_COPY_20260713/DL/CEMA_LFP/lfp_confirmatory_minipanel/prepared_data_ocv_discharge_soc/50C/LFP_50C_US06.csv,strict,True,1.0,${SOURCE_WORKSPACE}/DL/CEMA_CARRIER_FAIRNESS_ABLATIONS_20260803/t6_plain_downstream_20260804/inference_pkg_nmc/T6/US06/2,${SOURCE_WORKSPACE}/DL/CEMA_CARRIER_FAIRNESS_ABLATIONS_20260803/t6_plain_downstream_20260804/inference_pkg_nmc/T6/US06/2
