path,rows,all_columns_json,strict_columns_json,strict_sha256,tolerant_columns_json
Data/Preprocessed/NMC/nmc_ocvstart_25c_us06_soc0_dstfudsmean_lopo_clean/0C/NMC_0C_DST.csv,9527,"[""Data_Point"",""Test_Time(s)"",""Date_Time"",""Step_Time(s)"",""Step_Index"",""Cycle_Index"",""Current(A)"",""Voltage(V)"",""Charge_Capacity(Ah)"",""Discharge_Capacity(Ah)"",""Charge_Energy(Wh)"",""Discharge_Energy(Wh)"",""dV/dt(V/s)"",""Internal_Resistance(Ohm)"",""Is_FC_Data"",""AC_Impedance(Ohm)"",""ACI_Phase_Angle(Deg)"",""time_s"",""t_global(s)"",""V_raw"",""I_raw"",""T"",""SOC_percent"",""Qdis_seg(Ah)"",""Qchg_seg(Ah)"",""Qnet_removed(Ah)"",""Qnet_denom(Ah)"",""progress_p"",""SOC0_used"",""SOC_CC"",""SOC_CC(%)"",""CE_used"",""SOC_scale_mode"",""DENOM_MODE"",""ENFORCE_MONOTONIC"",""TempLabel"",""Profile"",""profile"",""temperature_C"",""source_file"",""DriveExtractMethod"",""DriveStepIndex"",""SOC0_mode"",""SOC0_Vinit(V)"",""SOC0_restStep"",""SOC0_vinit_status"",""Qeff_ocv_Ah(debug)"",""Qeff_reaches_cutoff(debug)"",""SOC0_OCV_inferred"",""SOC0_OCV_inferred(%)"",""Q_ref_lc_ocv_Ah"",""Q_available_from_SOC0_OCV_Ah"",""Q_removed_for_OCV_start_label_Ah"",""Q_removed_from_current_recomputed_Ah"",""SOC_CC_unclipped"",""Q_removed_primary_source"",""V_corr_raw"",""V_corr_raw_ema50"",""V_corr_raw_dev_ema50"",""V_corr_raw_ema200"",""V_corr_raw_dev_ema200"",""V_corr_raw_ema800"",""V_corr_raw_dev_ema800"",""I_raw_ema50"",""I_raw_dev_ema50"",""I_raw_ema200"",""I_raw_dev_ema200"",""absI_ema50"",""absI_dev_ema50"",""absI_ema200"",""absI_dev_ema200"",""SOC0_anchor_source""]","[""Data_Point"",""Test_Time(s)"",""Date_Time"",""Step_Time(s)"",""Step_Index"",""Cycle_Index"",""Current(A)"",""Voltage(V)"",""Charge_Capacity(Ah)"",""Discharge_Capacity(Ah)"",""Charge_Energy(Wh)"",""Discharge_Energy(Wh)"",""dV/dt(V/s)"",""Internal_Resistance(Ohm)"",""Is_FC_Data"",""AC_Impedance(Ohm)"",""ACI_Phase_Angle(Deg)"",""time_s"",""t_global(s)"",""V_raw"",""I_raw"",""T"",""SOC_percent"",""Qdis_seg(Ah)"",""Qchg_seg(Ah)"",""Qnet_removed(Ah)"",""Qnet_denom(Ah)"",""progress_p"",""SOC0_used"",""SOC_CC"",""SOC_CC(%)"",""CE_used"",""SOC_scale_mode"",""DENOM_MODE"",""ENFORCE_MONOTONIC"",""TempLabel"",""Profile"",""profile"",""temperature_C"",""source_file"",""DriveExtractMethod"",""DriveStepIndex"",""SOC0_mode"",""SOC0_Vinit(V)"",""SOC0_restStep"",""SOC0_vinit_status"",""Qeff_ocv_Ah(debug)"",""Qeff_reaches_cutoff(debug)"",""SOC0_OCV_inferred"",""SOC0_OCV_inferred(%)"",""Q_ref_lc_ocv_Ah"",""Q_available_from_SOC0_OCV_Ah"",""Q_removed_for_OCV_start_label_Ah"",""Q_removed_from_current_recomputed_Ah"",""SOC_CC_unclipped"",""Q_removed_primary_source"",""I_raw_ema50"",""I_raw_dev_ema50"",""I_raw_ema200"",""I_raw_dev_ema200"",""absI_ema50"",""absI_dev_ema50"",""absI_ema200"",""absI_dev_ema200"",""SOC0_anchor_source""]",1a3363bdcd8c859a24c3c094ad779bd684c53da3a56570b4b93b6b90b3d032c9,"[""V_corr_raw"",""V_corr_raw_ema50"",""V_corr_raw_dev_ema50"",""V_corr_raw_ema200"",""V_corr_raw_dev_ema200"",""V_corr_raw_ema800"",""V_corr_raw_dev_ema800""]"
Data/Preprocessed/NMC/nmc_ocvstart_25c_us06_soc0_dstfudsmean_lopo_clean/0C/NMC_0C_FUDS.csv,9707,"[""Data_Point"",""Test_Time(s)"",""Date_Time"",""Step_Time(s)"",""Step_Index"",""Cycle_Index"",""Current(A)"",""Voltage(V)"",""Charge_Capacity(Ah)"",""Discharge_Capacity(Ah)"",""Charge_Energy(Wh)"",""Discharge_Energy(Wh)"",""dV/dt(V/s)"",""Internal_Resistance(Ohm)"",""Is_FC_Data"",""AC_Impedance(Ohm)"",""ACI_Phase_Angle(Deg)"",""time_s"",""t_global(s)"",""V_raw"",""I_raw"",""T"",""SOC_percent"",""Qdis_seg(Ah)"",""Qchg_seg(Ah)"",""Qnet_removed(Ah)"",""Qnet_denom(Ah)"",""progress_p"",""SOC0_used"",""SOC_CC"",""SOC_CC(%)"",""CE_used"",""SOC_scale_mode"",""DENOM_MODE"",""ENFORCE_MONOTONIC"",""TempLabel"",""Profile"",""profile"",""temperature_C"",""source_file"",""DriveExtractMethod"",""DriveStepIndex"",""SOC0_mode"",""SOC0_Vinit(V)"",""SOC0_restStep"",""SOC0_vinit_status"",""Qeff_ocv_Ah(debug)"",""Qeff_reaches_cutoff(debug)"",""SOC0_OCV_inferred"",""SOC0_OCV_inferred(%)"",""Q_ref_lc_ocv_Ah"",""Q_available_from_SOC0_OCV_Ah"",""Q_removed_for_OCV_start_label_Ah"",""Q_removed_from_current_recomputed_Ah"",""SOC_CC_unclipped"",""Q_removed_primary_source"",""V_corr_raw"",""V_corr_raw_ema50"",""V_corr_raw_dev_ema50"",""V_corr_raw_ema200"",""V_corr_raw_dev_ema200"",""V_corr_raw_ema800"",""V_corr_raw_dev_ema800"",""I_raw_ema50"",""I_raw_dev_ema50"",""I_raw_ema200"",""I_raw_dev_ema200"",""absI_ema50"",""absI_dev_ema50"",""absI_ema200"",""absI_dev_ema200"",""SOC0_anchor_source""]","[""Data_Point"",""Test_Time(s)"",""Date_Time"",""Step_Time(s)"",""Step_Index"",""Cycle_Index"",""Current(A)"",""Voltage(V)"",""Charge_Capacity(Ah)"",""Discharge_Capacity(Ah)"",""Charge_Energy(Wh)"",""Discharge_Energy(Wh)"",""dV/dt(V/s)"",""Internal_Resistance(Ohm)"",""Is_FC_Data"",""AC_Impedance(Ohm)"",""ACI_Phase_Angle(Deg)"",""time_s"",""t_global(s)"",""V_raw"",""I_raw"",""T"",""SOC_percent"",""Qdis_seg(Ah)"",""Qchg_seg(Ah)"",""Qnet_removed(Ah)"",""Qnet_denom(Ah)"",""progress_p"",""SOC0_used"",""SOC_CC"",""SOC_CC(%)"",""CE_used"",""SOC_scale_mode"",""DENOM_MODE"",""ENFORCE_MONOTONIC"",""TempLabel"",""Profile"",""profile"",""temperature_C"",""source_file"",""DriveExtractMethod"",""DriveStepIndex"",""SOC0_mode"",""SOC0_Vinit(V)"",""SOC0_restStep"",""SOC0_vinit_status"",""Qeff_ocv_Ah(debug)"",""Qeff_reaches_cutoff(debug)"",""SOC0_OCV_inferred"",""SOC0_OCV_inferred(%)"",""Q_ref_lc_ocv_Ah"",""Q_available_from_SOC0_OCV_Ah"",""Q_removed_for_OCV_start_label_Ah"",""Q_removed_from_current_recomputed_Ah"",""SOC_CC_unclipped"",""Q_removed_primary_source"",""I_raw_ema50"",""I_raw_dev_ema50"",""I_raw_ema200"",""I_raw_dev_ema200"",""absI_ema50"",""absI_dev_ema50"",""absI_ema200"",""absI_dev_ema200"",""SOC0_anchor_source""]",8e91f0c29f26ac33b39ed2eb589aed7c14dc7adf382f2bdf227b4e41552b6b19,"[""V_corr_raw"",""V_corr_raw_ema50"",""V_corr_raw_dev_ema50"",""V_corr_raw_ema200"",""V_corr_raw_dev_ema200"",""V_corr_raw_ema800"",""V_corr_raw_dev_ema800""]"
Data/Preprocessed/NMC/nmc_ocvstart_25c_us06_soc0_dstfudsmean_lopo_clean/0C/NMC_0C_US06.csv,9482,"[""Data_Point"",""Test_Time(s)"",""Date_Time"",""Step_Time(s)"",""Step_Index"",""Cycle_Index"",""Current(A)"",""Voltage(V)"",""Charge_Capacity(Ah)"",""Discharge_Capacity(Ah)"",""Charge_Energy(Wh)"",""Discharge_Energy(Wh)"",""dV/dt(V/s)"",""Internal_Resistance(Ohm)"",""Is_FC_Data"",""AC_Impedance(Ohm)"",""ACI_Phase_Angle(Deg)"",""time_s"",""t_global(s)"",""V_raw"",""I_raw"",""T"",""SOC_percent"",""Qdis_seg(Ah)"",""Qchg_seg(Ah)"",""Qnet_removed(Ah)"",""Qnet_denom(Ah)"",""progress_p"",""SOC0_used"",""SOC_CC"",""SOC_CC(%)"",""CE_used"",""SOC_scale_mode"",""DENOM_MODE"",""ENFORCE_MONOTONIC"",""TempLabel"",""Profile"",""profile"",""temperature_C"",""source_file"",""DriveExtractMethod"",""DriveStepIndex"",""SOC0_mode"",""SOC0_Vinit(V)"",""SOC0_restStep"",""SOC0_vinit_status"",""Qeff_ocv_Ah(debug)"",""Qeff_reaches_cutoff(debug)"",""SOC0_OCV_inferred"",""SOC0_OCV_inferred(%)"",""Q_ref_lc_ocv_Ah"",""Q_available_from_SOC0_OCV_Ah"",""Q_removed_for_OCV_start_label_Ah"",""Q_removed_from_current_recomputed_Ah"",""SOC_CC_unclipped"",""Q_removed_primary_source"",""V_corr_raw"",""V_corr_raw_ema50"",""V_corr_raw_dev_ema50"",""V_corr_raw_ema200"",""V_corr_raw_dev_ema200"",""V_corr_raw_ema800"",""V_corr_raw_dev_ema800"",""I_raw_ema50"",""I_raw_dev_ema50"",""I_raw_ema200"",""I_raw_dev_ema200"",""absI_ema50"",""absI_dev_ema50"",""absI_ema200"",""absI_dev_ema200"",""SOC0_anchor_source""]","[""Data_Point"",""Test_Time(s)"",""Date_Time"",""Step_Time(s)"",""Step_Index"",""Cycle_Index"",""Current(A)"",""Voltage(V)"",""Charge_Capacity(Ah)"",""Discharge_Capacity(Ah)"",""Charge_Energy(Wh)"",""Discharge_Energy(Wh)"",""dV/dt(V/s)"",""Internal_Resistance(Ohm)"",""Is_FC_Data"",""AC_Impedance(Ohm)"",""ACI_Phase_Angle(Deg)"",""time_s"",""t_global(s)"",""V_raw"",""I_raw"",""T"",""SOC_percent"",""Qdis_seg(Ah)"",""Qchg_seg(Ah)"",""Qnet_removed(Ah)"",""Qnet_denom(Ah)"",""progress_p"",""SOC0_used"",""SOC_CC"",""SOC_CC(%)"",""CE_used"",""SOC_scale_mode"",""DENOM_MODE"",""ENFORCE_MONOTONIC"",""TempLabel"",""Profile"",""profile"",""temperature_C"",""source_file"",""DriveExtractMethod"",""DriveStepIndex"",""SOC0_mode"",""SOC0_Vinit(V)"",""SOC0_restStep"",""SOC0_vinit_status"",""Qeff_ocv_Ah(debug)"",""Qeff_reaches_cutoff(debug)"",""SOC0_OCV_inferred"",""SOC0_OCV_inferred(%)"",""Q_ref_lc_ocv_Ah"",""Q_available_from_SOC0_OCV_Ah"",""Q_removed_for_OCV_start_label_Ah"",""Q_removed_from_current_recomputed_Ah"",""SOC_CC_unclipped"",""Q_removed_primary_source"",""I_raw_ema50"",""I_raw_dev_ema50"",""I_raw_ema200"",""I_raw_dev_ema200"",""absI_ema50"",""absI_dev_ema50"",""absI_ema200"",""absI_dev_ema200"",""SOC0_anchor_source""]",d7c9cfed9e95311e9db43afcaeba9d58d78e78fcbd9ef8ce24535da762212029,"[""V_corr_raw"",""V_corr_raw_ema50"",""V_corr_raw_dev_ema50"",""V_corr_raw_ema200"",""V_corr_raw_dev_ema200"",""V_corr_raw_ema800"",""V_corr_raw_dev_ema800""]"
Data/Preprocessed/NMC/nmc_ocvstart_25c_us06_soc0_dstfudsmean_lopo_clean/25C/NMC_25C_DST.csv,10621,"[""Data_Point"",""Test_Time(s)"",""Date_Time"",""Step_Time(s)"",""Step_Index"",""Cycle_Index"",""Current(A)"",""Voltage(V)"",""Charge_Capacity(Ah)"",""Discharge_Capacity(Ah)"",""Charge_Energy(Wh)"",""Discharge_Energy(Wh)"",""dV/dt(V/s)"",""Internal_Resistance(Ohm)"",""Is_FC_Data"",""AC_Impedance(Ohm)"",""ACI_Phase_Angle(Deg)"",""time_s"",""t_global(s)"",""V_raw"",""I_raw"",""T"",""SOC_percent"",""Qdis_seg(Ah)"",""Qchg_seg(Ah)"",""Qnet_removed(Ah)"",""Qnet_denom(Ah)"",""progress_p"",""SOC0_used"",""SOC_CC"",""SOC_CC(%)"",""CE_used"",""SOC_scale_mode"",""DENOM_MODE"",""ENFORCE_MONOTONIC"",""TempLabel"",""Profile"",""profile"",""temperature_C"",""source_file"",""DriveExtractMethod"",""DriveStepIndex"",""SOC0_mode"",""SOC0_Vinit(V)"",""SOC0_restStep"",""SOC0_vinit_status"",""Qeff_ocv_Ah(debug)"",""Qeff_reaches_cutoff(debug)"",""SOC0_OCV_inferred"",""SOC0_OCV_inferred(%)"",""Q_ref_lc_ocv_Ah"",""Q_available_from_SOC0_OCV_Ah"",""Q_removed_for_OCV_start_label_Ah"",""Q_removed_from_current_recomputed_Ah"",""SOC_CC_unclipped"",""Q_removed_primary_source"",""V_corr_raw"",""V_corr_raw_ema50"",""V_corr_raw_dev_ema50"",""V_corr_raw_ema200"",""V_corr_raw_dev_ema200"",""V_corr_raw_ema800"",""V_corr_raw_dev_ema800"",""I_raw_ema50"",""I_raw_dev_ema50"",""I_raw_ema200"",""I_raw_dev_ema200"",""absI_ema50"",""absI_dev_ema50"",""absI_ema200"",""absI_dev_ema200"",""SOC0_anchor_source""]","[""Data_Point"",""Test_Time(s)"",""Date_Time"",""Step_Time(s)"",""Step_Index"",""Cycle_Index"",""Current(A)"",""Voltage(V)"",""Charge_Capacity(Ah)"",""Discharge_Capacity(Ah)"",""Charge_Energy(Wh)"",""Discharge_Energy(Wh)"",""dV/dt(V/s)"",""Internal_Resistance(Ohm)"",""Is_FC_Data"",""AC_Impedance(Ohm)"",""ACI_Phase_Angle(Deg)"",""time_s"",""t_global(s)"",""V_raw"",""I_raw"",""T"",""SOC_percent"",""Qdis_seg(Ah)"",""Qchg_seg(Ah)"",""Qnet_removed(Ah)"",""Qnet_denom(Ah)"",""progress_p"",""SOC0_used"",""SOC_CC"",""SOC_CC(%)"",""CE_used"",""SOC_scale_mode"",""DENOM_MODE"",""ENFORCE_MONOTONIC"",""TempLabel"",""Profile"",""profile"",""temperature_C"",""source_file"",""DriveExtractMethod"",""DriveStepIndex"",""SOC0_mode"",""SOC0_Vinit(V)"",""SOC0_restStep"",""SOC0_vinit_status"",""Qeff_ocv_Ah(debug)"",""Qeff_reaches_cutoff(debug)"",""SOC0_OCV_inferred"",""SOC0_OCV_inferred(%)"",""Q_ref_lc_ocv_Ah"",""Q_available_from_SOC0_OCV_Ah"",""Q_removed_for_OCV_start_label_Ah"",""Q_removed_from_current_recomputed_Ah"",""SOC_CC_unclipped"",""Q_removed_primary_source"",""I_raw_ema50"",""I_raw_dev_ema50"",""I_raw_ema200"",""I_raw_dev_ema200"",""absI_ema50"",""absI_dev_ema50"",""absI_ema200"",""absI_dev_ema200"",""SOC0_anchor_source""]",ba4ab22504e783eec54bd3909099d7453242194f7aa0481b6765bb3b5aae5434,"[""V_corr_raw"",""V_corr_raw_ema50"",""V_corr_raw_dev_ema50"",""V_corr_raw_ema200"",""V_corr_raw_dev_ema200"",""V_corr_raw_ema800"",""V_corr_raw_dev_ema800""]"
Data/Preprocessed/NMC/nmc_ocvstart_25c_us06_soc0_dstfudsmean_lopo_clean/25C/NMC_25C_FUDS.csv,11092,"[""Data_Point"",""Test_Time(s)"",""Date_Time"",""Step_Time(s)"",""Step_Index"",""Cycle_Index"",""Current(A)"",""Voltage(V)"",""Charge_Capacity(Ah)"",""Discharge_Capacity(Ah)"",""Charge_Energy(Wh)"",""Discharge_Energy(Wh)"",""dV/dt(V/s)"",""Internal_Resistance(Ohm)"",""Is_FC_Data"",""AC_Impedance(Ohm)"",""ACI_Phase_Angle(Deg)"",""time_s"",""t_global(s)"",""V_raw"",""I_raw"",""T"",""SOC_percent"",""Qdis_seg(Ah)"",""Qchg_seg(Ah)"",""Qnet_removed(Ah)"",""Qnet_denom(Ah)"",""progress_p"",""SOC0_used"",""SOC_CC"",""SOC_CC(%)"",""CE_used"",""SOC_scale_mode"",""DENOM_MODE"",""ENFORCE_MONOTONIC"",""TempLabel"",""Profile"",""profile"",""temperature_C"",""source_file"",""DriveExtractMethod"",""DriveStepIndex"",""SOC0_mode"",""SOC0_Vinit(V)"",""SOC0_restStep"",""SOC0_vinit_status"",""Qeff_ocv_Ah(debug)"",""Qeff_reaches_cutoff(debug)"",""SOC0_OCV_inferred"",""SOC0_OCV_inferred(%)"",""Q_ref_lc_ocv_Ah"",""Q_available_from_SOC0_OCV_Ah"",""Q_removed_for_OCV_start_label_Ah"",""Q_removed_from_current_recomputed_Ah"",""SOC_CC_unclipped"",""Q_removed_primary_source"",""V_corr_raw"",""V_corr_raw_ema50"",""V_corr_raw_dev_ema50"",""V_corr_raw_ema200"",""V_corr_raw_dev_ema200"",""V_corr_raw_ema800"",""V_corr_raw_dev_ema800"",""I_raw_ema50"",""I_raw_dev_ema50"",""I_raw_ema200"",""I_raw_dev_ema200"",""absI_ema50"",""absI_dev_ema50"",""absI_ema200"",""absI_dev_ema200"",""SOC0_anchor_source""]","[""Data_Point"",""Test_Time(s)"",""Date_Time"",""Step_Time(s)"",""Step_Index"",""Cycle_Index"",""Current(A)"",""Voltage(V)"",""Charge_Capacity(Ah)"",""Discharge_Capacity(Ah)"",""Charge_Energy(Wh)"",""Discharge_Energy(Wh)"",""dV/dt(V/s)"",""Internal_Resistance(Ohm)"",""Is_FC_Data"",""AC_Impedance(Ohm)"",""ACI_Phase_Angle(Deg)"",""time_s"",""t_global(s)"",""V_raw"",""I_raw"",""T"",""SOC_percent"",""Qdis_seg(Ah)"",""Qchg_seg(Ah)"",""Qnet_removed(Ah)"",""Qnet_denom(Ah)"",""progress_p"",""SOC0_used"",""SOC_CC"",""SOC_CC(%)"",""CE_used"",""SOC_scale_mode"",""DENOM_MODE"",""ENFORCE_MONOTONIC"",""TempLabel"",""Profile"",""profile"",""temperature_C"",""source_file"",""DriveExtractMethod"",""DriveStepIndex"",""SOC0_mode"",""SOC0_Vinit(V)"",""SOC0_restStep"",""SOC0_vinit_status"",""Qeff_ocv_Ah(debug)"",""Qeff_reaches_cutoff(debug)"",""SOC0_OCV_inferred"",""SOC0_OCV_inferred(%)"",""Q_ref_lc_ocv_Ah"",""Q_available_from_SOC0_OCV_Ah"",""Q_removed_for_OCV_start_label_Ah"",""Q_removed_from_current_recomputed_Ah"",""SOC_CC_unclipped"",""Q_removed_primary_source"",""I_raw_ema50"",""I_raw_dev_ema50"",""I_raw_ema200"",""I_raw_dev_ema200"",""absI_ema50"",""absI_dev_ema50"",""absI_ema200"",""absI_dev_ema200"",""SOC0_anchor_source""]",2d2d920168b1f0f10f460850540ed0332086f9cf8ef2dc7e492c9c286bb0a62a,"[""V_corr_raw"",""V_corr_raw_ema50"",""V_corr_raw_dev_ema50"",""V_corr_raw_ema200"",""V_corr_raw_dev_ema200"",""V_corr_raw_ema800"",""V_corr_raw_dev_ema800""]"
Data/Preprocessed/NMC/nmc_ocvstart_25c_us06_soc0_dstfudsmean_lopo_clean/25C/NMC_25C_US06.csv,10680,"[""Data_Point"",""Test_Time(s)"",""Date_Time"",""Step_Time(s)"",""Step_Index"",""Cycle_Index"",""Current(A)"",""Voltage(V)"",""Charge_Capacity(Ah)"",""Discharge_Capacity(Ah)"",""Charge_Energy(Wh)"",""Discharge_Energy(Wh)"",""dV/dt(V/s)"",""Internal_Resistance(Ohm)"",""Is_FC_Data"",""AC_Impedance(Ohm)"",""ACI_Phase_Angle(Deg)"",""time_s"",""t_global(s)"",""V_raw"",""I_raw"",""T"",""SOC_percent"",""Qdis_seg(Ah)"",""Qchg_seg(Ah)"",""Qnet_removed(Ah)"",""Qnet_denom(Ah)"",""progress_p"",""SOC0_used"",""SOC_CC"",""SOC_CC(%)"",""CE_used"",""SOC_scale_mode"",""DENOM_MODE"",""ENFORCE_MONOTONIC"",""TempLabel"",""Profile"",""profile"",""temperature_C"",""source_file"",""DriveExtractMethod"",""DriveStepIndex"",""SOC0_mode"",""SOC0_Vinit(V)"",""SOC0_restStep"",""SOC0_vinit_status"",""Qeff_ocv_Ah(debug)"",""Qeff_reaches_cutoff(debug)"",""SOC0_OCV_inferred"",""SOC0_OCV_inferred(%)"",""Q_ref_lc_ocv_Ah"",""Q_available_from_SOC0_OCV_Ah"",""Q_removed_for_OCV_start_label_Ah"",""Q_removed_from_current_recomputed_Ah"",""SOC_CC_unclipped"",""Q_removed_primary_source"",""V_corr_raw"",""V_corr_raw_ema50"",""V_corr_raw_dev_ema50"",""V_corr_raw_ema200"",""V_corr_raw_dev_ema200"",""V_corr_raw_ema800"",""V_corr_raw_dev_ema800"",""I_raw_ema50"",""I_raw_dev_ema50"",""I_raw_ema200"",""I_raw_dev_ema200"",""absI_ema50"",""absI_dev_ema50"",""absI_ema200"",""absI_dev_ema200"",""SOC0_anchor_source""]","[""Data_Point"",""Test_Time(s)"",""Date_Time"",""Step_Time(s)"",""Step_Index"",""Cycle_Index"",""Current(A)"",""Voltage(V)"",""Charge_Capacity(Ah)"",""Discharge_Capacity(Ah)"",""Charge_Energy(Wh)"",""Discharge_Energy(Wh)"",""dV/dt(V/s)"",""Internal_Resistance(Ohm)"",""Is_FC_Data"",""AC_Impedance(Ohm)"",""ACI_Phase_Angle(Deg)"",""time_s"",""t_global(s)"",""V_raw"",""I_raw"",""T"",""SOC_percent"",""Qdis_seg(Ah)"",""Qchg_seg(Ah)"",""Qnet_removed(Ah)"",""Qnet_denom(Ah)"",""progress_p"",""SOC0_used"",""SOC_CC"",""SOC_CC(%)"",""CE_used"",""SOC_scale_mode"",""DENOM_MODE"",""ENFORCE_MONOTONIC"",""TempLabel"",""Profile"",""profile"",""temperature_C"",""source_file"",""DriveExtractMethod"",""DriveStepIndex"",""SOC0_mode"",""SOC0_Vinit(V)"",""SOC0_restStep"",""SOC0_vinit_status"",""Qeff_ocv_Ah(debug)"",""Qeff_reaches_cutoff(debug)"",""SOC0_OCV_inferred"",""SOC0_OCV_inferred(%)"",""Q_ref_lc_ocv_Ah"",""Q_available_from_SOC0_OCV_Ah"",""Q_removed_for_OCV_start_label_Ah"",""Q_removed_from_current_recomputed_Ah"",""SOC_CC_unclipped"",""Q_removed_primary_source"",""I_raw_ema50"",""I_raw_dev_ema50"",""I_raw_ema200"",""I_raw_dev_ema200"",""absI_ema50"",""absI_dev_ema50"",""absI_ema200"",""absI_dev_ema200"",""SOC0_anchor_source""]",cc23e5b34ddcc6dd3df83f92eb20d2a3c1dbea93684ccf2e770972fa554afba7,"[""V_corr_raw"",""V_corr_raw_ema50"",""V_corr_raw_dev_ema50"",""V_corr_raw_ema200"",""V_corr_raw_dev_ema200"",""V_corr_raw_ema800"",""V_corr_raw_dev_ema800""]"
Data/Preprocessed/NMC/nmc_ocvstart_25c_us06_soc0_dstfudsmean_lopo_clean/45C/NMC_45C_DST.csv,11304,"[""Data_Point"",""Test_Time(s)"",""Date_Time"",""Step_Time(s)"",""Step_Index"",""Cycle_Index"",""Current(A)"",""Voltage(V)"",""Charge_Capacity(Ah)"",""Discharge_Capacity(Ah)"",""Charge_Energy(Wh)"",""Discharge_Energy(Wh)"",""dV/dt(V/s)"",""Internal_Resistance(Ohm)"",""Is_FC_Data"",""AC_Impedance(Ohm)"",""ACI_Phase_Angle(Deg)"",""time_s"",""t_global(s)"",""V_raw"",""I_raw"",""T"",""SOC_percent"",""Qdis_seg(Ah)"",""Qchg_seg(Ah)"",""Qnet_removed(Ah)"",""Qnet_denom(Ah)"",""progress_p"",""SOC0_used"",""SOC_CC"",""SOC_CC(%)"",""CE_used"",""SOC_scale_mode"",""DENOM_MODE"",""ENFORCE_MONOTONIC"",""TempLabel"",""Profile"",""profile"",""temperature_C"",""source_file"",""DriveExtractMethod"",""DriveStepIndex"",""SOC0_mode"",""SOC0_Vinit(V)"",""SOC0_restStep"",""SOC0_vinit_status"",""Qeff_ocv_Ah(debug)"",""Qeff_reaches_cutoff(debug)"",""SOC0_OCV_inferred"",""SOC0_OCV_inferred(%)"",""Q_ref_lc_ocv_Ah"",""Q_available_from_SOC0_OCV_Ah"",""Q_removed_for_OCV_start_label_Ah"",""Q_removed_from_current_recomputed_Ah"",""SOC_CC_unclipped"",""Q_removed_primary_source"",""V_corr_raw"",""V_corr_raw_ema50"",""V_corr_raw_dev_ema50"",""V_corr_raw_ema200"",""V_corr_raw_dev_ema200"",""V_corr_raw_ema800"",""V_corr_raw_dev_ema800"",""I_raw_ema50"",""I_raw_dev_ema50"",""I_raw_ema200"",""I_raw_dev_ema200"",""absI_ema50"",""absI_dev_ema50"",""absI_ema200"",""absI_dev_ema200"",""SOC0_anchor_source""]","[""Data_Point"",""Test_Time(s)"",""Date_Time"",""Step_Time(s)"",""Step_Index"",""Cycle_Index"",""Current(A)"",""Voltage(V)"",""Charge_Capacity(Ah)"",""Discharge_Capacity(Ah)"",""Charge_Energy(Wh)"",""Discharge_Energy(Wh)"",""dV/dt(V/s)"",""Internal_Resistance(Ohm)"",""Is_FC_Data"",""AC_Impedance(Ohm)"",""ACI_Phase_Angle(Deg)"",""time_s"",""t_global(s)"",""V_raw"",""I_raw"",""T"",""SOC_percent"",""Qdis_seg(Ah)"",""Qchg_seg(Ah)"",""Qnet_removed(Ah)"",""Qnet_denom(Ah)"",""progress_p"",""SOC0_used"",""SOC_CC"",""SOC_CC(%)"",""CE_used"",""SOC_scale_mode"",""DENOM_MODE"",""ENFORCE_MONOTONIC"",""TempLabel"",""Profile"",""profile"",""temperature_C"",""source_file"",""DriveExtractMethod"",""DriveStepIndex"",""SOC0_mode"",""SOC0_Vinit(V)"",""SOC0_restStep"",""SOC0_vinit_status"",""Qeff_ocv_Ah(debug)"",""Qeff_reaches_cutoff(debug)"",""SOC0_OCV_inferred"",""SOC0_OCV_inferred(%)"",""Q_ref_lc_ocv_Ah"",""Q_available_from_SOC0_OCV_Ah"",""Q_removed_for_OCV_start_label_Ah"",""Q_removed_from_current_recomputed_Ah"",""SOC_CC_unclipped"",""Q_removed_primary_source"",""I_raw_ema50"",""I_raw_dev_ema50"",""I_raw_ema200"",""I_raw_dev_ema200"",""absI_ema50"",""absI_dev_ema50"",""absI_ema200"",""absI_dev_ema200"",""SOC0_anchor_source""]",fcbc1a1246d6f22ba986ce0cac0911186e2b6eac9f00f3cc06bc7582dcf5bbe7,"[""V_corr_raw"",""V_corr_raw_ema50"",""V_corr_raw_dev_ema50"",""V_corr_raw_ema200"",""V_corr_raw_dev_ema200"",""V_corr_raw_ema800"",""V_corr_raw_dev_ema800""]"
Data/Preprocessed/NMC/nmc_ocvstart_25c_us06_soc0_dstfudsmean_lopo_clean/45C/NMC_45C_FUDS.csv,11626,"[""Data_Point"",""Test_Time(s)"",""Date_Time"",""Step_Time(s)"",""Step_Index"",""Cycle_Index"",""Current(A)"",""Voltage(V)"",""Charge_Capacity(Ah)"",""Discharge_Capacity(Ah)"",""Charge_Energy(Wh)"",""Discharge_Energy(Wh)"",""dV/dt(V/s)"",""Internal_Resistance(Ohm)"",""Is_FC_Data"",""AC_Impedance(Ohm)"",""ACI_Phase_Angle(Deg)"",""time_s"",""t_global(s)"",""V_raw"",""I_raw"",""T"",""SOC_percent"",""Qdis_seg(Ah)"",""Qchg_seg(Ah)"",""Qnet_removed(Ah)"",""Qnet_denom(Ah)"",""progress_p"",""SOC0_used"",""SOC_CC"",""SOC_CC(%)"",""CE_used"",""SOC_scale_mode"",""DENOM_MODE"",""ENFORCE_MONOTONIC"",""TempLabel"",""Profile"",""profile"",""temperature_C"",""source_file"",""DriveExtractMethod"",""DriveStepIndex"",""SOC0_mode"",""SOC0_Vinit(V)"",""SOC0_restStep"",""SOC0_vinit_status"",""Qeff_ocv_Ah(debug)"",""Qeff_reaches_cutoff(debug)"",""SOC0_OCV_inferred"",""SOC0_OCV_inferred(%)"",""Q_ref_lc_ocv_Ah"",""Q_available_from_SOC0_OCV_Ah"",""Q_removed_for_OCV_start_label_Ah"",""Q_removed_from_current_recomputed_Ah"",""SOC_CC_unclipped"",""Q_removed_primary_source"",""V_corr_raw"",""V_corr_raw_ema50"",""V_corr_raw_dev_ema50"",""V_corr_raw_ema200"",""V_corr_raw_dev_ema200"",""V_corr_raw_ema800"",""V_corr_raw_dev_ema800"",""I_raw_ema50"",""I_raw_dev_ema50"",""I_raw_ema200"",""I_raw_dev_ema200"",""absI_ema50"",""absI_dev_ema50"",""absI_ema200"",""absI_dev_ema200"",""SOC0_anchor_source""]","[""Data_Point"",""Test_Time(s)"",""Date_Time"",""Step_Time(s)"",""Step_Index"",""Cycle_Index"",""Current(A)"",""Voltage(V)"",""Charge_Capacity(Ah)"",""Discharge_Capacity(Ah)"",""Charge_Energy(Wh)"",""Discharge_Energy(Wh)"",""dV/dt(V/s)"",""Internal_Resistance(Ohm)"",""Is_FC_Data"",""AC_Impedance(Ohm)"",""ACI_Phase_Angle(Deg)"",""time_s"",""t_global(s)"",""V_raw"",""I_raw"",""T"",""SOC_percent"",""Qdis_seg(Ah)"",""Qchg_seg(Ah)"",""Qnet_removed(Ah)"",""Qnet_denom(Ah)"",""progress_p"",""SOC0_used"",""SOC_CC"",""SOC_CC(%)"",""CE_used"",""SOC_scale_mode"",""DENOM_MODE"",""ENFORCE_MONOTONIC"",""TempLabel"",""Profile"",""profile"",""temperature_C"",""source_file"",""DriveExtractMethod"",""DriveStepIndex"",""SOC0_mode"",""SOC0_Vinit(V)"",""SOC0_restStep"",""SOC0_vinit_status"",""Qeff_ocv_Ah(debug)"",""Qeff_reaches_cutoff(debug)"",""SOC0_OCV_inferred"",""SOC0_OCV_inferred(%)"",""Q_ref_lc_ocv_Ah"",""Q_available_from_SOC0_OCV_Ah"",""Q_removed_for_OCV_start_label_Ah"",""Q_removed_from_current_recomputed_Ah"",""SOC_CC_unclipped"",""Q_removed_primary_source"",""I_raw_ema50"",""I_raw_dev_ema50"",""I_raw_ema200"",""I_raw_dev_ema200"",""absI_ema50"",""absI_dev_ema50"",""absI_ema200"",""absI_dev_ema200"",""SOC0_anchor_source""]",8d1608918ee39e3cb8aa9726bdbb6cd68db664a55b5bf6eaff625794d1803ff8,"[""V_corr_raw"",""V_corr_raw_ema50"",""V_corr_raw_dev_ema50"",""V_corr_raw_ema200"",""V_corr_raw_dev_ema200"",""V_corr_raw_ema800"",""V_corr_raw_dev_ema800""]"
Data/Preprocessed/NMC/nmc_ocvstart_25c_us06_soc0_dstfudsmean_lopo_clean/45C/NMC_45C_US06.csv,10884,"[""Data_Point"",""Test_Time(s)"",""Date_Time"",""Step_Time(s)"",""Step_Index"",""Cycle_Index"",""Current(A)"",""Voltage(V)"",""Charge_Capacity(Ah)"",""Discharge_Capacity(Ah)"",""Charge_Energy(Wh)"",""Discharge_Energy(Wh)"",""dV/dt(V/s)"",""Internal_Resistance(Ohm)"",""Is_FC_Data"",""AC_Impedance(Ohm)"",""ACI_Phase_Angle(Deg)"",""time_s"",""t_global(s)"",""V_raw"",""I_raw"",""T"",""SOC_percent"",""Qdis_seg(Ah)"",""Qchg_seg(Ah)"",""Qnet_removed(Ah)"",""Qnet_denom(Ah)"",""progress_p"",""SOC0_used"",""SOC_CC"",""SOC_CC(%)"",""CE_used"",""SOC_scale_mode"",""DENOM_MODE"",""ENFORCE_MONOTONIC"",""TempLabel"",""Profile"",""profile"",""temperature_C"",""source_file"",""DriveExtractMethod"",""DriveStepIndex"",""SOC0_mode"",""SOC0_Vinit(V)"",""SOC0_restStep"",""SOC0_vinit_status"",""Qeff_ocv_Ah(debug)"",""Qeff_reaches_cutoff(debug)"",""SOC0_OCV_inferred"",""SOC0_OCV_inferred(%)"",""Q_ref_lc_ocv_Ah"",""Q_available_from_SOC0_OCV_Ah"",""Q_removed_for_OCV_start_label_Ah"",""Q_removed_from_current_recomputed_Ah"",""SOC_CC_unclipped"",""Q_removed_primary_source"",""V_corr_raw"",""V_corr_raw_ema50"",""V_corr_raw_dev_ema50"",""V_corr_raw_ema200"",""V_corr_raw_dev_ema200"",""V_corr_raw_ema800"",""V_corr_raw_dev_ema800"",""I_raw_ema50"",""I_raw_dev_ema50"",""I_raw_ema200"",""I_raw_dev_ema200"",""absI_ema50"",""absI_dev_ema50"",""absI_ema200"",""absI_dev_ema200"",""SOC0_anchor_source""]","[""Data_Point"",""Test_Time(s)"",""Date_Time"",""Step_Time(s)"",""Step_Index"",""Cycle_Index"",""Current(A)"",""Voltage(V)"",""Charge_Capacity(Ah)"",""Discharge_Capacity(Ah)"",""Charge_Energy(Wh)"",""Discharge_Energy(Wh)"",""dV/dt(V/s)"",""Internal_Resistance(Ohm)"",""Is_FC_Data"",""AC_Impedance(Ohm)"",""ACI_Phase_Angle(Deg)"",""time_s"",""t_global(s)"",""V_raw"",""I_raw"",""T"",""SOC_percent"",""Qdis_seg(Ah)"",""Qchg_seg(Ah)"",""Qnet_removed(Ah)"",""Qnet_denom(Ah)"",""progress_p"",""SOC0_used"",""SOC_CC"",""SOC_CC(%)"",""CE_used"",""SOC_scale_mode"",""DENOM_MODE"",""ENFORCE_MONOTONIC"",""TempLabel"",""Profile"",""profile"",""temperature_C"",""source_file"",""DriveExtractMethod"",""DriveStepIndex"",""SOC0_mode"",""SOC0_Vinit(V)"",""SOC0_restStep"",""SOC0_vinit_status"",""Qeff_ocv_Ah(debug)"",""Qeff_reaches_cutoff(debug)"",""SOC0_OCV_inferred"",""SOC0_OCV_inferred(%)"",""Q_ref_lc_ocv_Ah"",""Q_available_from_SOC0_OCV_Ah"",""Q_removed_for_OCV_start_label_Ah"",""Q_removed_from_current_recomputed_Ah"",""SOC_CC_unclipped"",""Q_removed_primary_source"",""I_raw_ema50"",""I_raw_dev_ema50"",""I_raw_ema200"",""I_raw_dev_ema200"",""absI_ema50"",""absI_dev_ema50"",""absI_ema200"",""absI_dev_ema200"",""SOC0_anchor_source""]",665754afeba9c1ae34aaa15a143ba077180fe8b1f0c083f60cf2838b192398ad,"[""V_corr_raw"",""V_corr_raw_ema50"",""V_corr_raw_dev_ema50"",""V_corr_raw_ema200"",""V_corr_raw_dev_ema200"",""V_corr_raw_ema800"",""V_corr_raw_dev_ema800""]"
