fold_holdout,trial_id,selected,objective_training_slice_unweighted_mae_pct,oracle_training_mae_pct,minus5pp_training_mae_pct,minus10pp_training_mae_pct,minus5pp_recovered_fraction,minus10pp_recovered_fraction,diverged_runs,training_profiles,training_files_sha256,n_training_records,n_training_runs,heldout_files_passed_to_selection,heldout_file_count,lambda_min,nis_threshold,nis_ema_beta
DST,0,False,15.505106513651064,31.414440858711362,0.9504396046073287,14.150439077634502,0.9375,0.0625,6,FUDS+US06,aa74c95e4ccb9756631f45832a3a890c580960f97746cc352518b41520259f9a,16,48,False,8,0.9,1.0,0.0
DST,1,False,11.495546851654991,18.91413927005801,7.136692728657251,8.435808556249714,0.8125,0.0625,4,FUDS+US06,aa74c95e4ccb9756631f45832a3a890c580960f97746cc352518b41520259f9a,16,48,False,8,0.9,1.0,0.5
DST,2,False,11.331249446909569,18.896804130977692,0.9488166528023352,14.148127556948683,0.875,0.0,4,FUDS+US06,aa74c95e4ccb9756631f45832a3a890c580960f97746cc352518b41520259f9a,16,48,False,8,0.9,1.0,0.9
DST,3,False,3.179695300107975,0.16108343962231852,0.9367699503600055,8.441232510341601,0.875,0.0,0,FUDS+US06,aa74c95e4ccb9756631f45832a3a890c580960f97746cc352518b41520259f9a,16,48,False,8,0.9,1.0,0.99
DST,4,False,3.186640311281344,0.16279500436284183,0.971496765783751,8.425629163697439,0.875,0.0625,0,FUDS+US06,aa74c95e4ccb9756631f45832a3a890c580960f97746cc352518b41520259f9a,16,48,False,8,0.9,2.0,0.0
DST,5,False,5.237214349355824,0.16710852712476715,7.107830192349396,8.436704328593308,0.8125,0.0,1,FUDS+US06,aa74c95e4ccb9756631f45832a3a890c580960f97746cc352518b41520259f9a,16,48,False,8,0.9,2.0,0.5
DST,6,False,3.1864509981788594,0.17120481097816234,0.9490545526149567,8.43909363094346,0.875,0.0625,0,FUDS+US06,aa74c95e4ccb9756631f45832a3a890c580960f97746cc352518b41520259f9a,16,48,False,8,0.9,2.0,0.9
DST,7,False,3.1762409388623642,0.16030657185789976,0.9206748319553493,8.447741412773844,0.875,0.0,0,FUDS+US06,aa74c95e4ccb9756631f45832a3a890c580960f97746cc352518b41520259f9a,16,48,False,8,0.9,2.0,0.99
DST,8,False,3.173913985769154,0.16245874543708816,0.9224224553931484,8.436860756477227,0.875,0.0,0,FUDS+US06,aa74c95e4ccb9756631f45832a3a890c580960f97746cc352518b41520259f9a,16,48,False,8,0.9,4.0,0.0
DST,9,False,3.1745183455757875,0.16280413897243506,0.922389316759527,8.4383615809954,0.875,0.0,0,FUDS+US06,aa74c95e4ccb9756631f45832a3a890c580960f97746cc352518b41520259f9a,16,48,False,8,0.9,4.0,0.5
DST,10,False,3.1752988136492046,0.16013180637395524,0.9206794840216,8.445085150552059,0.875,0.0,0,FUDS+US06,aa74c95e4ccb9756631f45832a3a890c580960f97746cc352518b41520259f9a,16,48,False,8,0.9,4.0,0.9
DST,11,False,3.1747421995741285,0.15327192327997383,0.9203257719646447,8.450628903477767,0.875,0.0,0,FUDS+US06,aa74c95e4ccb9756631f45832a3a890c580960f97746cc352518b41520259f9a,16,48,False,8,0.9,4.0,0.99
DST,12,False,3.172910410180402,0.15322306165362837,0.9203253496652823,8.445182819222296,0.875,0.0,0,FUDS+US06,aa74c95e4ccb9756631f45832a3a890c580960f97746cc352518b41520259f9a,16,48,False,8,0.9,9.0,0.0
DST,13,True,3.1728375095523185,0.15323222630500327,0.9203255754633364,8.444954726888618,0.875,0.0625,0,FUDS+US06,aa74c95e4ccb9756631f45832a3a890c580960f97746cc352518b41520259f9a,16,48,False,8,0.9,9.0,0.5
DST,14,False,3.1735666558392683,0.1532719072610026,0.9203257719646447,8.447102288292157,0.875,0.0,0,FUDS+US06,aa74c95e4ccb9756631f45832a3a890c580960f97746cc352518b41520259f9a,16,48,False,8,0.9,9.0,0.9
DST,15,False,3.1752434856828002,0.15327192327997383,0.9203257719646447,8.452132761803783,0.875,0.0,0,FUDS+US06,aa74c95e4ccb9756631f45832a3a890c580960f97746cc352518b41520259f9a,16,48,False,8,0.9,9.0,0.99
DST,16,False,9.259042713883195,12.656255826353235,0.9566965017582576,14.16417581353809,0.9375,0.0,3,FUDS+US06,aa74c95e4ccb9756631f45832a3a890c580960f97746cc352518b41520259f9a,16,48,False,8,0.95,1.0,0.0
DST,17,False,9.253364026287988,12.661208495527784,0.9351709126813856,14.16371267065479,0.875,0.0,3,FUDS+US06,aa74c95e4ccb9756631f45832a3a890c580960f97746cc352518b41520259f9a,16,48,False,8,0.95,1.0,0.5
DST,18,False,5.26998445420815,6.419257100488377,0.9443571279720284,8.446339134164043,0.875,0.0,1,FUDS+US06,aa74c95e4ccb9756631f45832a3a890c580960f97746cc352518b41520259f9a,16,48,False,8,0.95,1.0,0.9
DST,19,False,5.094077387752527,0.16218422631404966,0.9302960538004903,14.189751883143042,0.875,0.0,1,FUDS+US06,aa74c95e4ccb9756631f45832a3a890c580960f97746cc352518b41520259f9a,16,48,False,8,0.95,1.0,0.99
DST,20,False,5.2392681356761255,0.16269600849505178,7.107394437304078,8.447713961229246,0.8125,0.0,1,FUDS+US06,aa74c95e4ccb9756631f45832a3a890c580960f97746cc352518b41520259f9a,16,48,False,8,0.95,2.0,0.0
DST,21,False,5.239806414660138,0.16446562224771513,7.107557980732923,8.447395640999773,0.8125,0.0,1,FUDS+US06,aa74c95e4ccb9756631f45832a3a890c580960f97746cc352518b41520259f9a,16,48,False,8,0.95,2.0,0.5
DST,22,False,3.1762207610663715,0.15769103710551513,0.9231648764586401,8.447806369634959,0.875,0.0,0,FUDS+US06,aa74c95e4ccb9756631f45832a3a890c580960f97746cc352518b41520259f9a,16,48,False,8,0.95,2.0,0.9
DST,23,False,3.1758772160926383,0.1588025145407424,0.9206748319553493,8.448154301781823,0.875,0.0,0,FUDS+US06,aa74c95e4ccb9756631f45832a3a890c580960f97746cc352518b41520259f9a,16,48,False,8,0.95,2.0,0.99
DST,24,False,3.1768015223985056,0.16031097909843278,0.9222790752039731,8.44781451289311,0.875,0.0,0,FUDS+US06,aa74c95e4ccb9756631f45832a3a890c580960f97746cc352518b41520259f9a,16,48,False,8,0.95,4.0,0.0
DST,25,False,3.176540230509277,0.1599971988203372,0.9218339974887874,8.447789495218707,0.875,0.0,0,FUDS+US06,aa74c95e4ccb9756631f45832a3a890c580960f97746cc352518b41520259f9a,16,48,False,8,0.95,4.0,0.5
DST,26,False,3.176161914492038,0.15908343607968561,0.9206517506460841,8.448750556750344,0.875,0.0,0,FUDS+US06,aa74c95e4ccb9756631f45832a3a890c580960f97746cc352518b41520259f9a,16,48,False,8,0.95,4.0,0.9
DST,27,False,3.1751592110742464,0.15327192327997383,0.9203257719646447,8.45187993797812,0.875,0.0,0,FUDS+US06,aa74c95e4ccb9756631f45832a3a890c580960f97746cc352518b41520259f9a,16,48,False,8,0.95,4.0,0.99
DST,28,False,3.1742196041805033,0.15325864114580703,0.9203255645088935,8.44907460688681,0.875,0.0,0,FUDS+US06,aa74c95e4ccb9756631f45832a3a890c580960f97746cc352518b41520259f9a,16,48,False,8,0.95,9.0,0.0
DST,29,False,3.174354347863552,0.15326073635855772,0.920325677329973,8.449476629902126,0.875,0.0,0,FUDS+US06,aa74c95e4ccb9756631f45832a3a890c580960f97746cc352518b41520259f9a,16,48,False,8,0.95,9.0,0.5
DST,30,False,3.174777844506156,0.15327191421069136,0.9203257719646447,8.450735847343132,0.875,0.0,0,FUDS+US06,aa74c95e4ccb9756631f45832a3a890c580960f97746cc352518b41520259f9a,16,48,False,8,0.95,9.0,0.9
DST,31,False,3.1752434856828002,0.15327192327997383,0.9203257719646447,8.452132761803783,0.875,0.0,0,FUDS+US06,aa74c95e4ccb9756631f45832a3a890c580960f97746cc352518b41520259f9a,16,48,False,8,0.95,9.0,0.99
DST,32,False,5.261860909680537,6.409785772801306,0.9250042863432772,8.450792669897028,0.875,0.0,1,FUDS+US06,aa74c95e4ccb9756631f45832a3a890c580960f97746cc352518b41520259f9a,16,48,False,8,0.98,1.0,0.0
DST,33,False,5.2679846363917875,6.4102781256668075,0.9427440683609796,8.450931715147576,0.875,0.0,1,FUDS+US06,aa74c95e4ccb9756631f45832a3a890c580960f97746cc352518b41520259f9a,16,48,False,8,0.98,1.0,0.5
DST,34,False,9.073719294401027,6.407251773720486,0.9483996615621303,19.865506447920463,0.875,0.0,3,FUDS+US06,aa74c95e4ccb9756631f45832a3a890c580960f97746cc352518b41520259f9a,16,48,False,8,0.98,1.0,0.9
DST,35,False,5.08455924404746,0.15665405474672683,0.9322209945568943,14.164802682838761,0.875,0.0,1,FUDS+US06,aa74c95e4ccb9756631f45832a3a890c580960f97746cc352518b41520259f9a,16,48,False,8,0.98,1.0,0.99
DST,36,False,3.183233620354804,0.15722328162100666,0.9413883531525185,8.451089226290888,0.875,0.0,0,FUDS+US06,aa74c95e4ccb9756631f45832a3a890c580960f97746cc352518b41520259f9a,16,48,False,8,0.98,2.0,0.0
DST,37,False,3.181251248174478,0.1562219382691214,0.9364318028919463,8.451100003362367,0.875,0.0,0,FUDS+US06,aa74c95e4ccb9756631f45832a3a890c580960f97746cc352518b41520259f9a,16,48,False,8,0.98,2.0,0.5
DST,38,False,3.17696059833105,0.15808726306942772,0.9221531735617299,8.450641358361992,0.875,0.0,0,FUDS+US06,aa74c95e4ccb9756631f45832a3a890c580960f97746cc352518b41520259f9a,16,48,False,8,0.98,2.0,0.9
DST,39,False,3.1753646453910616,0.15547569640470316,0.9205127870646899,8.450105452703792,0.875,0.0,0,FUDS+US06,aa74c95e4ccb9756631f45832a3a890c580960f97746cc352518b41520259f9a,16,48,False,8,0.98,2.0,0.99
DST,40,False,3.176297551623169,0.15653847852528657,0.9210599386849059,8.451294237659315,0.875,0.0,0,FUDS+US06,aa74c95e4ccb9756631f45832a3a890c580960f97746cc352518b41520259f9a,16,48,False,8,0.98,4.0,0.0
DST,41,False,3.176230922500757,0.1564691324301477,0.9209498986301907,8.451273736441934,0.875,0.0,0,FUDS+US06,aa74c95e4ccb9756631f45832a3a890c580960f97746cc352518b41520259f9a,16,48,False,8,0.98,4.0,0.5
DST,42,False,3.1759273492888567,0.15606656671934988,0.9205405219848485,8.451174959162373,0.875,0.0,0,FUDS+US06,aa74c95e4ccb9756631f45832a3a890c580960f97746cc352518b41520259f9a,16,48,False,8,0.98,4.0,0.9
DST,43,False,3.1752369216872545,0.15327192327997383,0.9203257719646447,8.452113069817145,0.875,0.0,0,FUDS+US06,aa74c95e4ccb9756631f45832a3a890c580960f97746cc352518b41520259f9a,16,48,False,8,0.98,4.0,0.99
DST,44,False,3.1750979012027485,0.15326970465759054,0.9203256906847191,8.451698308265936,0.875,0.0,0,FUDS+US06,aa74c95e4ccb9756631f45832a3a890c580960f97746cc352518b41520259f9a,16,48,False,8,0.98,9.0,0.0
DST,45,False,3.1750180501161007,0.1532703292752075,0.9203257343594922,8.4514580867136,0.875,0.0,0,FUDS+US06,aa74c95e4ccb9756631f45832a3a890c580960f97746cc352518b41520259f9a,16,48,False,8,0.98,9.0,0.5
DST,46,False,3.1752042064929964,0.1532719196697509,0.9203257719646447,8.452014927844594,0.875,0.0,0,FUDS+US06,aa74c95e4ccb9756631f45832a3a890c580960f97746cc352518b41520259f9a,16,48,False,8,0.98,9.0,0.9
DST,47,False,3.1752434856828002,0.15327192327997383,0.9203257719646447,8.452132761803783,0.875,0.0,0,FUDS+US06,aa74c95e4ccb9756631f45832a3a890c580960f97746cc352518b41520259f9a,16,48,False,8,0.98,9.0,0.99
DST,48,False,3.181045682950183,0.16062332078458963,0.930551398281346,8.451962329784614,0.875,0.0,0,FUDS+US06,aa74c95e4ccb9756631f45832a3a890c580960f97746cc352518b41520259f9a,16,48,False,8,0.99,1.0,0.0
DST,49,False,3.1812391912274074,0.1605008105973002,0.9312520038997848,8.451964759185138,0.875,0.0,0,FUDS+US06,aa74c95e4ccb9756631f45832a3a890c580960f97746cc352518b41520259f9a,16,48,False,8,0.99,1.0,0.5
DST,50,False,3.1778585807691027,0.15880773343905225,0.9230609069352652,8.45170710193299,0.875,0.0,0,FUDS+US06,aa74c95e4ccb9756631f45832a3a890c580960f97746cc352518b41520259f9a,16,48,False,8,0.99,1.0,0.9
DST,51,False,3.1767133571310815,0.15725685800410225,0.9223828786771758,8.450500334711966,0.875,0.0,0,FUDS+US06,aa74c95e4ccb9756631f45832a3a890c580960f97746cc352518b41520259f9a,16,48,False,8,0.99,1.0,0.99
DST,52,False,3.177556858905667,0.1570779442062501,0.9235843445489647,8.452008287961785,0.875,0.0,0,FUDS+US06,aa74c95e4ccb9756631f45832a3a890c580960f97746cc352518b41520259f9a,16,48,False,8,0.99,2.0,0.0
DST,53,False,3.177341253761917,0.15688789260743696,0.9231160438868068,8.452019824791506,0.875,0.0,0,FUDS+US06,aa74c95e4ccb9756631f45832a3a890c580960f97746cc352518b41520259f9a,16,48,False,8,0.99,2.0,0.5
DST,54,False,3.176365264670667,0.1556860156068937,0.9215318151054588,8.45187796329965,0.875,0.0,0,FUDS+US06,aa74c95e4ccb9756631f45832a3a890c580960f97746cc352518b41520259f9a,16,48,False,8,0.99,2.0,0.9
DST,55,False,3.1944609093997767,0.15349219435618877,0.9204364173078576,8.509454116535284,0.875,0.0,0,FUDS+US06,aa74c95e4ccb9756631f45832a3a890c580960f97746cc352518b41520259f9a,16,48,False,8,0.99,2.0,0.99
DST,56,False,3.1756008947306307,0.15396600323901438,0.9208669210260731,8.451969759926808,0.875,0.0,0,FUDS+US06,aa74c95e4ccb9756631f45832a3a890c580960f97746cc352518b41520259f9a,16,48,False,8,0.99,4.0,0.0
DST,57,False,3.1755865358742987,0.15398629502356742,0.9207744712635554,8.451998841335772,0.875,0.0,0,FUDS+US06,aa74c95e4ccb9756631f45832a3a890c580960f97746cc352518b41520259f9a,16,48,False,8,0.99,4.0,0.5
DST,58,False,3.1752545794654665,0.15336646013929156,0.9204781414512097,8.451919136805898,0.875,0.0,0,FUDS+US06,aa74c95e4ccb9756631f45832a3a890c580960f97746cc352518b41520259f9a,16,48,False,8,0.99,4.0,0.9
DST,59,False,3.1752408895655932,0.15327192327997383,0.9203257719646447,8.452124973452163,0.875,0.0,0,FUDS+US06,aa74c95e4ccb9756631f45832a3a890c580960f97746cc352518b41520259f9a,16,48,False,8,0.99,4.0,0.99
DST,60,False,3.175212278486642,0.15327072039320735,0.9203257316114591,8.452040383455259,0.875,0.0,0,FUDS+US06,aa74c95e4ccb9756631f45832a3a890c580960f97746cc352518b41520259f9a,16,48,False,8,0.99,9.0,0.0
DST,61,False,3.1752076888334315,0.15327095476745206,0.920325752722574,8.452026359010269,0.875,0.0,0,FUDS+US06,aa74c95e4ccb9756631f45832a3a890c580960f97746cc352518b41520259f9a,16,48,False,8,0.99,9.0,0.5
DST,62,False,3.175220649905502,0.15327192147875981,0.9203257719646447,8.452064256273102,0.875,0.0,0,FUDS+US06,aa74c95e4ccb9756631f45832a3a890c580960f97746cc352518b41520259f9a,16,48,False,8,0.99,9.0,0.9
DST,63,False,3.1752434856828002,0.15327192327997383,0.9203257719646447,8.452132761803783,0.875,0.0,0,FUDS+US06,aa74c95e4ccb9756631f45832a3a890c580960f97746cc352518b41520259f9a,16,48,False,8,0.99,9.0,0.99
DST,64,False,3.1782177966813254,0.1599573818274181,0.9227295667680938,8.451966441448464,0.875,0.0,0,FUDS+US06,aa74c95e4ccb9756631f45832a3a890c580960f97746cc352518b41520259f9a,16,48,False,8,0.995,1.0,0.0
DST,65,False,3.1783392395740493,0.15998260712418405,0.9230663599051762,8.451968751692789,0.875,0.0,0,FUDS+US06,aa74c95e4ccb9756631f45832a3a890c580960f97746cc352518b41520259f9a,16,48,False,8,0.995,1.0,0.5
DST,66,False,3.1780425867336377,0.1594837629239958,0.9226833745139882,8.451960622762927,0.875,0.0,0,FUDS+US06,aa74c95e4ccb9756631f45832a3a890c580960f97746cc352518b41520259f9a,16,48,False,8,0.995,1.0,0.9
DST,67,False,3.1757121231276955,0.15627006364656762,0.9189077546842992,8.45195855105222,0.875,0.0,0,FUDS+US06,aa74c95e4ccb9756631f45832a3a890c580960f97746cc352518b41520259f9a,16,48,False,8,0.995,1.0,0.99
DST,68,False,3.1754674605024804,0.15495677507462444,0.9194643857676619,8.451981220665157,0.875,0.0,0,FUDS+US06,aa74c95e4ccb9756631f45832a3a890c580960f97746cc352518b41520259f9a,16,48,False,8,0.995,2.0,0.0
DST,69,False,3.176099748762803,0.1546549017397727,0.9216728069058759,8.451971537642759,0.875,0.0,0,FUDS+US06,aa74c95e4ccb9756631f45832a3a890c580960f97746cc352518b41520259f9a,16,48,False,8,0.995,2.0,0.5
DST,70,False,3.1754904118276266,0.15339878036790974,0.9210966927109656,8.451975762404004,0.875,0.0,0,FUDS+US06,aa74c95e4ccb9756631f45832a3a890c580960f97746cc352518b41520259f9a,16,48,False,8,0.995,2.0,0.9
DST,71,False,3.175234628069743,0.15330949475158454,0.9203595946626285,8.452034794795015,0.875,0.0,0,FUDS+US06,aa74c95e4ccb9756631f45832a3a890c580960f97746cc352518b41520259f9a,16,48,False,8,0.995,2.0,0.99
DST,72,False,3.1753427460473787,0.1533498385534482,0.9206874842861075,8.45199091530258,0.875,0.0,0,FUDS+US06,aa74c95e4ccb9756631f45832a3a890c580960f97746cc352518b41520259f9a,16,48,False,8,0.995,4.0,0.0
DST,73,False,3.1753155633796006,0.15334651257955453,0.9206087149657263,8.451991462593524,0.875,0.0,0,FUDS+US06,aa74c95e4ccb9756631f45832a3a890c580960f97746cc352518b41520259f9a,16,48,False,8,0.995,4.0,0.5
DST,74,False,3.1752440723157185,0.15332962806584158,0.9204012127634837,8.45200137611783,0.875,0.0,0,FUDS+US06,aa74c95e4ccb9756631f45832a3a890c580960f97746cc352518b41520259f9a,16,48,False,8,0.995,4.0,0.9
DST,75,False,3.175242220028879,0.15327192327997383,0.9203257719646447,8.452128964842021,0.875,0.0,0,FUDS+US06,aa74c95e4ccb9756631f45832a3a890c580960f97746cc352518b41520259f9a,16,48,False,8,0.995,4.0,0.99
DST,76,False,3.175221508840935,0.1532712348052344,0.9203257518598786,8.452067539857692,0.875,0.0,0,FUDS+US06,aa74c95e4ccb9756631f45832a3a890c580960f97746cc352518b41520259f9a,16,48,False,8,0.995,9.0,0.0
DST,77,False,3.175222804723491,0.15327143847673436,0.9203257622317245,8.452071213462014,0.875,0.0,0,FUDS+US06,aa74c95e4ccb9756631f45832a3a890c580960f97746cc352518b41520259f9a,16,48,False,8,0.995,9.0,0.5
DST,78,False,3.175231418664291,0.15327192238042128,0.9203257719646447,8.452096561647807,0.875,0.0,0,FUDS+US06,aa74c95e4ccb9756631f45832a3a890c580960f97746cc352518b41520259f9a,16,48,False,8,0.995,9.0,0.9
DST,79,False,3.1752434856828002,0.15327192327997383,0.9203257719646447,8.452132761803783,0.875,0.0,0,FUDS+US06,aa74c95e4ccb9756631f45832a3a890c580960f97746cc352518b41520259f9a,16,48,False,8,0.995,9.0,0.99
FUDS,0,False,52.82902176702627,43.92984639239901,44.48975746674027,70.06746144193954,0.5625,0.0625,25,DST+US06,bf97c05ba391510312bdd5e67b3a3e39de0f41beffd18fa9435fe5abd5e574be,16,48,False,8,0.9,1.0,0.0
FUDS,1,False,42.73798826079028,43.95576757993585,44.4631135223553,39.795083680079706,0.5625,0.125,20,DST+US06,bf97c05ba391510312bdd5e67b3a3e39de0f41beffd18fa9435fe5abd5e574be,16,48,False,8,0.9,1.0,0.5
FUDS,2,False,52.85366787698155,50.12729607781661,44.43541719738735,63.998290355740686,0.5625,0.125,25,DST+US06,bf97c05ba391510312bdd5e67b3a3e39de0f41beffd18fa9435fe5abd5e574be,16,48,False,8,0.9,1.0,0.9
FUDS,3,False,55.239381335587915,50.12306384655716,44.411838920087554,71.18324124011903,0.5625,0.0,26,DST+US06,bf97c05ba391510312bdd5e67b3a3e39de0f41beffd18fa9435fe5abd5e574be,16,48,False,8,0.9,1.0,0.99
FUDS,4,False,42.54598174541781,25.422168627662302,38.30402100666062,63.91175560193052,0.625,0.0,20,DST+US06,bf97c05ba391510312bdd5e67b3a3e39de0f41beffd18fa9435fe5abd5e574be,16,48,False,8,0.9,2.0,0.0
FUDS,5,False,42.62733497987315,37.67503531638805,32.146152046871975,58.060817576359426,0.6875,0.1875,20,DST+US06,bf97c05ba391510312bdd5e67b3a3e39de0f41beffd18fa9435fe5abd5e574be,16,48,False,8,0.9,2.0,0.5
FUDS,6,False,52.739763351276,50.12309544247914,32.23135233044131,75.86484228090754,0.6875,0.0,25,DST+US06,bf97c05ba391510312bdd5e67b3a3e39de0f41beffd18fa9435fe5abd5e574be,16,48,False,8,0.9,2.0,0.9
FUDS,7,False,42.63866067637535,37.65778735778726,19.81835595197535,70.43983871936346,0.8125,0.0,20,DST+US06,bf97c05ba391510312bdd5e67b3a3e39de0f41beffd18fa9435fe5abd5e574be,16,48,False,8,0.9,2.0,0.99
FUDS,8,False,38.69340154787566,37.661080091170696,32.13152434007392,46.28760021238237,0.6875,0.0,18,DST+US06,bf97c05ba391510312bdd5e67b3a3e39de0f41beffd18fa9435fe5abd5e574be,16,48,False,8,0.9,4.0,0.0
FUDS,9,False,42.66984912963897,37.66089390405643,38.251477051616334,52.09717643324414,0.625,0.0625,20,DST+US06,bf97c05ba391510312bdd5e67b3a3e39de0f41beffd18fa9435fe5abd5e574be,16,48,False,8,0.9,4.0,0.5
FUDS,10,False,34.36050424111,25.177941261616073,25.98930548466769,51.91426597704624,0.6875,0.125,16,DST+US06,bf97c05ba391510312bdd5e67b3a3e39de0f41beffd18fa9435fe5abd5e574be,16,48,False,8,0.9,4.0,0.9
FUDS,11,False,15.876159504347205,0.3036290627254233,1.344516760497536,45.98033268981865,0.9375,0.0625,7,DST+US06,bf97c05ba391510312bdd5e67b3a3e39de0f41beffd18fa9435fe5abd5e574be,16,48,False,8,0.9,4.0,0.99
FUDS,12,False,12.058142639342359,0.3043611045710119,7.47785477694239,28.392212036513676,0.9375,0.1875,5,DST+US06,bf97c05ba391510312bdd5e67b3a3e39de0f41beffd18fa9435fe5abd5e574be,16,48,False,8,0.9,9.0,0.0
FUDS,13,False,12.08420922445454,0.3037348430690669,7.472605697130428,28.476287133164128,0.875,0.125,5,DST+US06,bf97c05ba391510312bdd5e67b3a3e39de0f41beffd18fa9435fe5abd5e574be,16,48,False,8,0.9,9.0,0.5
FUDS,14,False,21.83309714632145,0.3038128796528011,1.3461253111258602,63.84935324818569,0.9375,0.0625,10,DST+US06,bf97c05ba391510312bdd5e67b3a3e39de0f41beffd18fa9435fe5abd5e574be,16,48,False,8,0.9,9.0,0.9
FUDS,15,False,15.839341426948025,0.3036286109228912,1.344516760497536,45.86987890942365,0.9375,0.0625,7,DST+US06,bf97c05ba391510312bdd5e67b3a3e39de0f41beffd18fa9435fe5abd5e574be,16,48,False,8,0.9,9.0,0.99
FUDS,16,False,28.44088298851352,25.21525148971008,32.155039305696945,27.952358170133515,0.6875,0.0625,13,DST+US06,bf97c05ba391510312bdd5e67b3a3e39de0f41beffd18fa9435fe5abd5e574be,16,48,False,8,0.95,1.0,0.0
FUDS,17,False,33.307077302111516,37.67139509373992,21.585727164480453,40.66410964811417,0.8125,0.0625,15,DST+US06,bf97c05ba391510312bdd5e67b3a3e39de0f41beffd18fa9435fe5abd5e574be,16,48,False,8,0.95,1.0,0.5
FUDS,18,False,44.6215268438962,50.12401837061991,44.39948881703293,39.34107334403577,0.5625,0.1875,21,DST+US06,bf97c05ba391510312bdd5e67b3a3e39de0f41beffd18fa9435fe5abd5e574be,16,48,False,8,0.95,1.0,0.9
FUDS,19,False,42.45665013449961,37.667289544597836,25.981419457530357,63.72124140137064,0.75,0.0,20,DST+US06,bf97c05ba391510312bdd5e67b3a3e39de0f41beffd18fa9435fe5abd5e574be,16,48,False,8,0.95,1.0,0.99
FUDS,20,False,28.57087997067372,31.44841123989786,26.182562737558584,28.081665934564715,0.75,0.125,13,DST+US06,bf97c05ba391510312bdd5e67b3a3e39de0f41beffd18fa9435fe5abd5e574be,16,48,False,8,0.95,2.0,0.0
FUDS,21,False,24.537615631152146,31.44784662468517,19.890762294304025,22.27423797446725,0.8125,0.0625,11,DST+US06,bf97c05ba391510312bdd5e67b3a3e39de0f41beffd18fa9435fe5abd5e574be,16,48,False,8,0.95,2.0,0.5
FUDS,22,False,38.67027625267309,37.662098853075385,25.993076097615656,52.355653807328224,0.75,0.0,18,DST+US06,bf97c05ba391510312bdd5e67b3a3e39de0f41beffd18fa9435fe5abd5e574be,16,48,False,8,0.95,2.0,0.9
FUDS,23,False,28.48664689416835,18.96907859894345,19.81420444248299,46.67665764107861,0.8125,0.0,13,DST+US06,bf97c05ba391510312bdd5e67b3a3e39de0f41beffd18fa9435fe5abd5e574be,16,48,False,8,0.95,2.0,0.99
FUDS,24,False,14.360545388732888,18.971568562051548,13.63773780403226,10.47232980011486,0.875,0.0,6,DST+US06,bf97c05ba391510312bdd5e67b3a3e39de0f41beffd18fa9435fe5abd5e574be,16,48,False,8,0.95,4.0,0.0
FUDS,25,False,14.319007780342567,18.97131669425451,13.693000898306364,10.292705748466828,0.875,0.0625,6,DST+US06,bf97c05ba391510312bdd5e67b3a3e39de0f41beffd18fa9435fe5abd5e574be,16,48,False,8,0.95,4.0,0.5
FUDS,26,False,8.035709869528645,0.31678709966366203,7.4794024639143135,16.31094004500796,0.875,0.0625,3,DST+US06,bf97c05ba391510312bdd5e67b3a3e39de0f41beffd18fa9435fe5abd5e574be,16,48,False,8,0.95,4.0,0.9
FUDS,27,False,12.005178546075634,0.3036288490008267,1.344516760497536,34.367390028728536,0.9375,0.125,5,DST+US06,bf97c05ba391510312bdd5e67b3a3e39de0f41beffd18fa9435fe5abd5e574be,16,48,False,8,0.95,4.0,0.99
FUDS,28,False,1.990142018833305,0.3037356333010892,1.3311619947045508,4.335528428494275,1.0,0.0625,0,DST+US06,bf97c05ba391510312bdd5e67b3a3e39de0f41beffd18fa9435fe5abd5e574be,16,48,False,8,0.95,9.0,0.0
FUDS,29,True,1.981830316763783,0.3033314342545355,1.33326969840297,4.308889817633844,1.0,0.0625,0,DST+US06,bf97c05ba391510312bdd5e67b3a3e39de0f41beffd18fa9435fe5abd5e574be,16,48,False,8,0.95,9.0,0.5
FUDS,30,False,6.017061046504149,0.3037156197734929,1.3452892667391811,16.40217825299977,0.9375,0.125,2,DST+US06,bf97c05ba391510312bdd5e67b3a3e39de0f41beffd18fa9435fe5abd5e574be,16,48,False,8,0.95,9.0,0.9
FUDS,31,False,7.977790956803031,0.3036286109228912,1.344516760497536,22.285227498988668,0.9375,0.0625,3,DST+US06,bf97c05ba391510312bdd5e67b3a3e39de0f41beffd18fa9435fe5abd5e574be,16,48,False,8,0.95,9.0,0.99
FUDS,32,False,12.561859115014746,19.22927793146385,7.9979668399604735,10.458332573619906,0.9375,0.0625,5,DST+US06,bf97c05ba391510312bdd5e67b3a3e39de0f41beffd18fa9435fe5abd5e574be,16,48,False,8,0.98,1.0,0.0
FUDS,33,False,16.657811490454623,25.208205487462596,13.88236109379711,10.882867890104174,0.875,0.0625,7,DST+US06,bf97c05ba391510312bdd5e67b3a3e39de0f41beffd18fa9435fe5abd5e574be,16,48,False,8,0.98,1.0,0.5
FUDS,34,False,18.5789672176435,25.205794803848065,19.819280955928267,10.711825893154163,0.8125,0.0625,8,DST+US06,bf97c05ba391510312bdd5e67b3a3e39de0f41beffd18fa9435fe5abd5e574be,16,48,False,8,0.98,1.0,0.9
FUDS,35,False,20.68010352303848,25.22235448111185,25.981739133308533,10.836216954695036,0.75,0.0,9,DST+US06,bf97c05ba391510312bdd5e67b3a3e39de0f41beffd18fa9435fe5abd5e574be,16,48,False,8,0.98,1.0,0.99
FUDS,36,False,16.4763312772579,18.971499309254774,19.8136983993019,10.64379612321702,0.8125,0.0,7,DST+US06,bf97c05ba391510312bdd5e67b3a3e39de0f41beffd18fa9435fe5abd5e574be,16,48,False,8,0.98,2.0,0.0
FUDS,37,False,12.415754050280414,18.971226954145994,13.75744416221704,4.5185910344782085,0.8125,0.0625,5,DST+US06,bf97c05ba391510312bdd5e67b3a3e39de0f41beffd18fa9435fe5abd5e574be,16,48,False,8,0.98,2.0,0.5
FUDS,38,False,12.315519957762191,18.98813443172863,13.613106813877694,4.345318627680252,0.875,0.0625,5,DST+US06,bf97c05ba391510312bdd5e67b3a3e39de0f41beffd18fa9435fe5abd5e574be,16,48,False,8,0.98,2.0,0.9
FUDS,39,False,8.062411568847208,6.512503735614609,7.475967082585806,10.198763888341208,0.875,0.0625,3,DST+US06,bf97c05ba391510312bdd5e67b3a3e39de0f41beffd18fa9435fe5abd5e574be,16,48,False,8,0.98,2.0,0.99
FUDS,40,False,2.0315861407017692,0.3054128144090785,1.339603495399757,4.449742112296471,1.0,0.0625,0,DST+US06,bf97c05ba391510312bdd5e67b3a3e39de0f41beffd18fa9435fe5abd5e574be,16,48,False,8,0.98,4.0,0.0
FUDS,41,False,1.9989283747080338,0.30524610036571037,1.342529199888935,4.349009823869457,1.0,0.0625,0,DST+US06,bf97c05ba391510312bdd5e67b3a3e39de0f41beffd18fa9435fe5abd5e574be,16,48,False,8,0.98,4.0,0.5
FUDS,42,False,1.9993860947648248,0.3046181219688203,1.3497675425559268,4.3437726197697275,0.9375,0.0625,0,DST+US06,bf97c05ba391510312bdd5e67b3a3e39de0f41beffd18fa9435fe5abd5e574be,16,48,False,8,0.98,4.0,0.9
FUDS,43,False,1.9846168781840465,0.3036287097495843,1.344516760497536,4.305705164305021,0.9375,0.0625,0,DST+US06,bf97c05ba391510312bdd5e67b3a3e39de0f41beffd18fa9435fe5abd5e574be,16,48,False,8,0.98,4.0,0.99
FUDS,44,False,1.9859793511419115,0.3035668948842942,1.3393657804165289,4.315005378124912,0.9375,0.0625,0,DST+US06,bf97c05ba391510312bdd5e67b3a3e39de0f41beffd18fa9435fe5abd5e574be,16,48,False,8,0.98,9.0,0.0
FUDS,45,False,1.9858843016273162,0.3034634707254861,1.339335334753842,4.31485409940262,0.9375,0.0625,0,DST+US06,bf97c05ba391510312bdd5e67b3a3e39de0f41beffd18fa9435fe5abd5e574be,16,48,False,8,0.98,9.0,0.5
FUDS,46,False,1.9878107335989796,0.3036648102316922,1.344836075782246,4.314931314783001,0.9375,0.0625,0,DST+US06,bf97c05ba391510312bdd5e67b3a3e39de0f41beffd18fa9435fe5abd5e574be,16,48,False,8,0.98,9.0,0.9
FUDS,47,False,1.9864720271839456,0.3036286109228912,1.344516760497536,4.31127071013141,0.9375,0.0625,0,DST+US06,bf97c05ba391510312bdd5e67b3a3e39de0f41beffd18fa9435fe5abd5e574be,16,48,False,8,0.98,9.0,0.99
FUDS,48,False,2.2482304037858096,0.40585939964302453,1.4704062102070783,4.868425601507326,1.0,0.0,0,DST+US06,bf97c05ba391510312bdd5e67b3a3e39de0f41beffd18fa9435fe5abd5e574be,16,48,False,8,0.99,1.0,0.0
FUDS,49,False,2.1280578854891576,0.3359539260231802,1.424226406343322,4.6239933241009705,0.9375,0.0,0,DST+US06,bf97c05ba391510312bdd5e67b3a3e39de0f41beffd18fa9435fe5abd5e574be,16,48,False,8,0.99,1.0,0.5
FUDS,50,False,6.214130352455654,6.595383757350112,7.67260323436776,4.374404065649087,0.875,0.125,2,DST+US06,bf97c05ba391510312bdd5e67b3a3e39de0f41beffd18fa9435fe5abd5e574be,16,48,False,8,0.99,1.0,0.9
FUDS,51,False,10.323289335691085,12.737734422015793,13.723086634326291,4.509046950731175,0.8125,0.0625,4,DST+US06,bf97c05ba391510312bdd5e67b3a3e39de0f41beffd18fa9435fe5abd5e574be,16,48,False,8,0.99,1.0,0.99
FUDS,52,False,2.002614807330635,0.3065413512828099,1.3569079046934098,4.344395166015686,0.9375,0.0625,0,DST+US06,bf97c05ba391510312bdd5e67b3a3e39de0f41beffd18fa9435fe5abd5e574be,16,48,False,8,0.99,2.0,0.0
FUDS,53,False,2.0074733057126646,0.306422278642148,1.3570011824473525,4.358996456048493,0.9375,0.0625,0,DST+US06,bf97c05ba391510312bdd5e67b3a3e39de0f41beffd18fa9435fe5abd5e574be,16,48,False,8,0.99,2.0,0.5
FUDS,54,False,1.9913768787562265,0.3058237730339458,1.3508808307361235,4.31742603249861,0.9375,0.0625,0,DST+US06,bf97c05ba391510312bdd5e67b3a3e39de0f41beffd18fa9435fe5abd5e574be,16,48,False,8,0.99,2.0,0.9
FUDS,55,False,1.9894338895731878,0.303968623489827,1.3484420980814935,4.315890947148244,0.9375,0.0625,0,DST+US06,bf97c05ba391510312bdd5e67b3a3e39de0f41beffd18fa9435fe5abd5e574be,16,48,False,8,0.99,2.0,0.99
FUDS,56,False,1.99695107680977,0.30432730898929916,1.3407482808909588,4.345777640549052,0.9375,0.0625,0,DST+US06,bf97c05ba391510312bdd5e67b3a3e39de0f41beffd18fa9435fe5abd5e574be,16,48,False,8,0.99,4.0,0.0
FUDS,57,False,1.987881090204655,0.30429628764650896,1.341457011510728,4.3178899714567285,0.9375,0.0625,0,DST+US06,bf97c05ba391510312bdd5e67b3a3e39de0f41beffd18fa9435fe5abd5e574be,16,48,False,8,0.99,4.0,0.5
FUDS,58,False,1.9889280611133178,0.30411155111436505,1.346575049567977,4.316097582657612,0.9375,0.0625,0,DST+US06,bf97c05ba391510312bdd5e67b3a3e39de0f41beffd18fa9435fe5abd5e574be,16,48,False,8,0.99,4.0,0.9
FUDS,59,False,1.9875326768106094,0.3036286594660364,1.344516760497536,4.314452610468256,0.9375,0.0625,0,DST+US06,bf97c05ba391510312bdd5e67b3a3e39de0f41beffd18fa9435fe5abd5e574be,16,48,False,8,0.99,4.0,0.99
FUDS,60,False,1.9876809374387179,0.3035670992156369,1.3442118410762673,4.31526387202425,0.9375,0.0625,0,DST+US06,bf97c05ba391510312bdd5e67b3a3e39de0f41beffd18fa9435fe5abd5e574be,16,48,False,8,0.99,9.0,0.0
FUDS,61,False,1.9877923528196437,0.303530242094215,1.3444817507898918,4.3153650655748255,0.9375,0.0625,0,DST+US06,bf97c05ba391510312bdd5e67b3a3e39de0f41beffd18fa9435fe5abd5e574be,16,48,False,8,0.99,9.0,0.5
FUDS,62,False,1.9877524426725695,0.3036459706555048,1.3446475035712835,4.314963853790919,0.9375,0.0625,0,DST+US06,bf97c05ba391510312bdd5e67b3a3e39de0f41beffd18fa9435fe5abd5e574be,16,48,False,8,0.99,9.0,0.9
FUDS,63,False,1.9876754918093456,0.3036286109228912,1.344516760497536,4.314881104007609,0.9375,0.0625,0,DST+US06,bf97c05ba391510312bdd5e67b3a3e39de0f41beffd18fa9435fe5abd5e574be,16,48,False,8,0.99,9.0,0.99
FUDS,64,False,2.091775933038248,0.30818417445820906,1.359968839209374,4.60717478544716,0.9375,0.0,0,DST+US06,bf97c05ba391510312bdd5e67b3a3e39de0f41beffd18fa9435fe5abd5e574be,16,48,False,8,0.995,1.0,0.0
FUDS,65,False,2.0884701093124938,0.30817538572943937,1.351666009559274,4.605568932648769,0.9375,0.0,0,DST+US06,bf97c05ba391510312bdd5e67b3a3e39de0f41beffd18fa9435fe5abd5e574be,16,48,False,8,0.995,1.0,0.5
FUDS,66,False,2.0084031272118152,0.3071032768548049,1.3532600195417839,4.364846085238856,0.9375,0.0625,0,DST+US06,bf97c05ba391510312bdd5e67b3a3e39de0f41beffd18fa9435fe5abd5e574be,16,48,False,8,0.995,1.0,0.9
FUDS,67,False,1.9933997078561667,0.3070179813480135,1.35258535922268,4.320595782997808,0.9375,0.0625,0,DST+US06,bf97c05ba391510312bdd5e67b3a3e39de0f41beffd18fa9435fe5abd5e574be,16,48,False,8,0.995,1.0,0.99
FUDS,68,False,2.0114494232366873,0.30486767599174464,1.3478867216621873,4.381593872056129,0.9375,0.0625,0,DST+US06,bf97c05ba391510312bdd5e67b3a3e39de0f41beffd18fa9435fe5abd5e574be,16,48,False,8,0.995,2.0,0.0
FUDS,69,False,2.015532299564019,0.3048654774996711,1.344939646306344,4.396791774886042,0.9375,0.0625,0,DST+US06,bf97c05ba391510312bdd5e67b3a3e39de0f41beffd18fa9435fe5abd5e574be,16,48,False,8,0.995,2.0,0.5
FUDS,70,False,1.9999396380706098,0.3046220017992641,1.3478925853254138,4.347304327087151,0.9375,0.0625,0,DST+US06,bf97c05ba391510312bdd5e67b3a3e39de0f41beffd18fa9435fe5abd5e574be,16,48,False,8,0.995,2.0,0.9
FUDS,71,False,1.988356231196702,0.3037876695928093,1.3456027505988954,4.315678273398401,0.9375,0.0625,0,DST+US06,bf97c05ba391510312bdd5e67b3a3e39de0f41beffd18fa9435fe5abd5e574be,16,48,False,8,0.995,2.0,0.99
FUDS,72,False,2.017084271338358,0.3039367274946487,1.3445406838634026,4.402775402657023,0.9375,0.0625,0,DST+US06,bf97c05ba391510312bdd5e67b3a3e39de0f41beffd18fa9435fe5abd5e574be,16,48,False,8,0.995,4.0,0.0
FUDS,73,False,1.988846924484987,0.3039310344558219,1.3451839219403678,4.317425817058771,0.9375,0.0625,0,DST+US06,bf97c05ba391510312bdd5e67b3a3e39de0f41beffd18fa9435fe5abd5e574be,16,48,False,8,0.995,4.0,0.5
FUDS,74,False,1.98811640696918,0.3038668908971956,1.3452460234754104,4.315236306534933,0.9375,0.0625,0,DST+US06,bf97c05ba391510312bdd5e67b3a3e39de0f41beffd18fa9435fe5abd5e574be,16,48,False,8,0.995,4.0,0.9
FUDS,75,False,1.9876949208896688,0.30362863498181686,1.344516760497536,4.314939367189654,0.9375,0.0625,0,DST+US06,bf97c05ba391510312bdd5e67b3a3e39de0f41beffd18fa9435fe5abd5e574be,16,48,False,8,0.995,4.0,0.99
FUDS,76,False,1.9876956577571352,0.3035808991318151,1.3444515533084223,4.315054520831168,0.9375,0.0625,0,DST+US06,bf97c05ba391510312bdd5e67b3a3e39de0f41beffd18fa9435fe5abd5e574be,16,48,False,8,0.995,9.0,0.0
FUDS,77,False,1.9877207925704958,0.30356497470147487,1.344489598002384,4.31510780500763,0.9375,0.0625,0,DST+US06,bf97c05ba391510312bdd5e67b3a3e39de0f41beffd18fa9435fe5abd5e574be,16,48,False,8,0.995,9.0,0.5
FUDS,78,False,1.9877162991792592,0.3036372232028772,1.3445666772389853,4.314944997095916,0.9375,0.0625,0,DST+US06,bf97c05ba391510312bdd5e67b3a3e39de0f41beffd18fa9435fe5abd5e574be,16,48,False,8,0.995,9.0,0.9
FUDS,79,False,1.9876947630394186,0.3036286109228912,1.344516760497536,4.314938917697829,0.9375,0.0625,0,DST+US06,bf97c05ba391510312bdd5e67b3a3e39de0f41beffd18fa9435fe5abd5e574be,16,48,False,8,0.995,9.0,0.99
US06,0,False,3.6134186251475473,0.14121892007679984,2.0010141377184363,8.698022817647406,0.3125,0.0625,0,DST+FUDS,dc6b3ff0b63dc6e95cd0e2904503b3d0773c5aa68d516db82d1a5fb3eaa083ce,16,48,False,8,0.9,1.0,0.0
US06,1,False,3.605643980030146,0.13893822612875276,1.863280110631285,8.8147136033304,0.375,0.0,0,DST+FUDS,dc6b3ff0b63dc6e95cd0e2904503b3d0773c5aa68d516db82d1a5fb3eaa083ce,16,48,False,8,0.9,1.0,0.5
US06,2,False,3.565478966345673,0.13591945684667867,1.8152377186033684,8.745279723586972,0.375,0.125,0,DST+FUDS,dc6b3ff0b63dc6e95cd0e2904503b3d0773c5aa68d516db82d1a5fb3eaa083ce,16,48,False,8,0.9,1.0,0.9
US06,3,False,3.502496630456005,0.13527247534663892,1.8007367586211847,8.571480657400192,0.375,0.0,0,DST+FUDS,dc6b3ff0b63dc6e95cd0e2904503b3d0773c5aa68d516db82d1a5fb3eaa083ce,16,48,False,8,0.9,1.0,0.99
US06,4,False,3.504040640896756,0.13271536058835837,1.7913794866284407,8.58802707547347,0.4375,0.0,0,DST+FUDS,dc6b3ff0b63dc6e95cd0e2904503b3d0773c5aa68d516db82d1a5fb3eaa083ce,16,48,False,8,0.9,2.0,0.0
US06,5,False,3.5371893980018334,0.13340089210659295,1.792641197590775,8.685526104308131,0.4375,0.0625,0,DST+FUDS,dc6b3ff0b63dc6e95cd0e2904503b3d0773c5aa68d516db82d1a5fb3eaa083ce,16,48,False,8,0.9,2.0,0.5
US06,6,False,3.5282599589240604,0.13526775654918535,1.8021768737365997,8.647335246486398,0.375,0.0625,0,DST+FUDS,dc6b3ff0b63dc6e95cd0e2904503b3d0773c5aa68d516db82d1a5fb3eaa083ce,16,48,False,8,0.9,2.0,0.9
US06,7,False,3.5309914374494675,0.13527247534663892,1.8021027387018558,8.65559909829991,0.375,0.0,0,DST+FUDS,dc6b3ff0b63dc6e95cd0e2904503b3d0773c5aa68d516db82d1a5fb3eaa083ce,16,48,False,8,0.9,2.0,0.99
US06,8,False,3.533873173357824,0.13479148511731967,1.7947903860092596,8.672037648946892,0.4375,0.0,0,DST+FUDS,dc6b3ff0b63dc6e95cd0e2904503b3d0773c5aa68d516db82d1a5fb3eaa083ce,16,48,False,8,0.9,4.0,0.0
US06,9,False,3.5306037315904084,0.1351076649133214,1.8027702801868672,8.653933249671038,0.375,0.0,0,DST+FUDS,dc6b3ff0b63dc6e95cd0e2904503b3d0773c5aa68d516db82d1a5fb3eaa083ce,16,48,False,8,0.9,4.0,0.5
US06,10,False,3.531021080170699,0.13527247534663892,1.8021027387018558,8.655688026463602,0.375,0.0,0,DST+FUDS,dc6b3ff0b63dc6e95cd0e2904503b3d0773c5aa68d516db82d1a5fb3eaa083ce,16,48,False,8,0.9,4.0,0.9
US06,11,False,3.5309914374494675,0.13527247534663892,1.8021027387018558,8.65559909829991,0.375,0.0,0,DST+FUDS,dc6b3ff0b63dc6e95cd0e2904503b3d0773c5aa68d516db82d1a5fb3eaa083ce,16,48,False,8,0.9,4.0,0.99
US06,12,False,3.531045268699394,0.13515794511426082,1.8021851306633705,8.655792730320552,0.375,0.0,0,DST+FUDS,dc6b3ff0b63dc6e95cd0e2904503b3d0773c5aa68d516db82d1a5fb3eaa083ce,16,48,False,8,0.9,9.0,0.0
US06,13,False,3.530684850634779,0.1352734287025012,1.8021148373741065,8.65466628582773,0.375,0.0,0,DST+FUDS,dc6b3ff0b63dc6e95cd0e2904503b3d0773c5aa68d516db82d1a5fb3eaa083ce,16,48,False,8,0.9,9.0,0.5
US06,14,False,3.5309914374494675,0.13527247534663892,1.8021027387018558,8.65559909829991,0.375,0.0,0,DST+FUDS,dc6b3ff0b63dc6e95cd0e2904503b3d0773c5aa68d516db82d1a5fb3eaa083ce,16,48,False,8,0.9,9.0,0.9
US06,15,False,3.5309914374494675,0.13527247534663892,1.8021027387018558,8.65559909829991,0.375,0.0,0,DST+FUDS,dc6b3ff0b63dc6e95cd0e2904503b3d0773c5aa68d516db82d1a5fb3eaa083ce,16,48,False,8,0.9,9.0,0.99
US06,16,False,3.5605911490034003,0.13316191079239598,1.9131836457681812,8.635427890449623,0.375,0.0,0,DST+FUDS,dc6b3ff0b63dc6e95cd0e2904503b3d0773c5aa68d516db82d1a5fb3eaa083ce,16,48,False,8,0.95,1.0,0.0
US06,17,False,3.5421673492707773,0.1330191650487786,1.9090385684063158,8.584444314357238,0.3125,0.0625,0,DST+FUDS,dc6b3ff0b63dc6e95cd0e2904503b3d0773c5aa68d516db82d1a5fb3eaa083ce,16,48,False,8,0.95,1.0,0.5
US06,18,False,3.532389270447197,0.13423250304492865,1.7993840852434257,8.663551223053236,0.375,0.0625,0,DST+FUDS,dc6b3ff0b63dc6e95cd0e2904503b3d0773c5aa68d516db82d1a5fb3eaa083ce,16,48,False,8,0.95,1.0,0.9
US06,19,False,3.502536011712786,0.13527247534663892,1.8007367586211847,8.571598801170534,0.375,0.0,0,DST+FUDS,dc6b3ff0b63dc6e95cd0e2904503b3d0773c5aa68d516db82d1a5fb3eaa083ce,16,48,False,8,0.95,1.0,0.99
US06,20,True,3.5010748097473283,0.13429692504560525,1.8093726960909446,8.559554808105435,0.375,0.0,0,DST+FUDS,dc6b3ff0b63dc6e95cd0e2904503b3d0773c5aa68d516db82d1a5fb3eaa083ce,16,48,False,8,0.95,2.0,0.0
US06,21,False,3.535588739662165,0.1349106529703232,1.801132117926468,8.670723448089703,0.375,0.0,0,DST+FUDS,dc6b3ff0b63dc6e95cd0e2904503b3d0773c5aa68d516db82d1a5fb3eaa083ce,16,48,False,8,0.95,2.0,0.5
US06,22,False,3.531071247627241,0.13526786908152388,1.802117503617013,8.655828370183187,0.375,0.0,0,DST+FUDS,dc6b3ff0b63dc6e95cd0e2904503b3d0773c5aa68d516db82d1a5fb3eaa083ce,16,48,False,8,0.95,2.0,0.9
US06,23,False,3.5309914374494675,0.13527247534663892,1.8021027387018558,8.65559909829991,0.375,0.0,0,DST+FUDS,dc6b3ff0b63dc6e95cd0e2904503b3d0773c5aa68d516db82d1a5fb3eaa083ce,16,48,False,8,0.95,2.0,0.99
US06,24,False,3.542033226609884,0.13505716447275015,1.8022926858026245,8.688749829554277,0.375,0.0,0,DST+FUDS,dc6b3ff0b63dc6e95cd0e2904503b3d0773c5aa68d516db82d1a5fb3eaa083ce,16,48,False,8,0.95,4.0,0.0
US06,25,False,3.5316072878177813,0.13517321941238397,1.8022007339700887,8.657447910070871,0.375,0.0,0,DST+FUDS,dc6b3ff0b63dc6e95cd0e2904503b3d0773c5aa68d516db82d1a5fb3eaa083ce,16,48,False,8,0.95,4.0,0.5
US06,26,False,3.531026185660636,0.13527247534663892,1.8021027387018558,8.655703342933414,0.375,0.0,0,DST+FUDS,dc6b3ff0b63dc6e95cd0e2904503b3d0773c5aa68d516db82d1a5fb3eaa083ce,16,48,False,8,0.95,4.0,0.9
US06,27,False,3.5309914374494675,0.13527247534663892,1.8021027387018558,8.65559909829991,0.375,0.0,0,DST+FUDS,dc6b3ff0b63dc6e95cd0e2904503b3d0773c5aa68d516db82d1a5fb3eaa083ce,16,48,False,8,0.95,4.0,0.99
US06,28,False,3.533841279582948,0.13521696595416338,1.8021156100262767,8.664191262768405,0.375,0.0,0,DST+FUDS,dc6b3ff0b63dc6e95cd0e2904503b3d0773c5aa68d516db82d1a5fb3eaa083ce,16,48,False,8,0.95,9.0,0.0
US06,29,False,3.5301719213072205,0.1352729293346394,1.8021079814872052,8.653134853099814,0.375,0.0,0,DST+FUDS,dc6b3ff0b63dc6e95cd0e2904503b3d0773c5aa68d516db82d1a5fb3eaa083ce,16,48,False,8,0.95,9.0,0.5
US06,30,False,3.5309914374494675,0.13527247534663892,1.8021027387018558,8.65559909829991,0.375,0.0,0,DST+FUDS,dc6b3ff0b63dc6e95cd0e2904503b3d0773c5aa68d516db82d1a5fb3eaa083ce,16,48,False,8,0.95,9.0,0.9
US06,31,False,3.5309914374494675,0.13527247534663892,1.8021027387018558,8.65559909829991,0.375,0.0,0,DST+FUDS,dc6b3ff0b63dc6e95cd0e2904503b3d0773c5aa68d516db82d1a5fb3eaa083ce,16,48,False,8,0.95,9.0,0.99
US06,32,False,3.5559895674197706,0.13433795644665425,1.8490655200608574,8.6845652257518,0.3125,0.0,0,DST+FUDS,dc6b3ff0b63dc6e95cd0e2904503b3d0773c5aa68d516db82d1a5fb3eaa083ce,16,48,False,8,0.98,1.0,0.0
US06,33,False,3.543813685635421,0.1345219462644019,1.8435691878801612,8.653349922761699,0.3125,0.0,0,DST+FUDS,dc6b3ff0b63dc6e95cd0e2904503b3d0773c5aa68d516db82d1a5fb3eaa083ce,16,48,False,8,0.98,1.0,0.5
US06,34,False,3.560854119022698,0.13506493606700842,1.8009747322795262,8.74652268872156,0.375,0.0,0,DST+FUDS,dc6b3ff0b63dc6e95cd0e2904503b3d0773c5aa68d516db82d1a5fb3eaa083ce,16,48,False,8,0.98,1.0,0.9
US06,35,False,3.505317537504657,0.13527247534663892,1.8009487722821458,8.579731364885184,0.375,0.0,0,DST+FUDS,dc6b3ff0b63dc6e95cd0e2904503b3d0773c5aa68d516db82d1a5fb3eaa083ce,16,48,False,8,0.98,1.0,0.99
US06,36,False,3.54247953297612,0.13496881021301235,1.7983833082405036,8.694086480474843,0.375,0.0,0,DST+FUDS,dc6b3ff0b63dc6e95cd0e2904503b3d0773c5aa68d516db82d1a5fb3eaa083ce,16,48,False,8,0.98,2.0,0.0
US06,37,False,3.539916858892268,0.1351258806220255,1.8018762205374186,8.68274847551736,0.375,0.0,0,DST+FUDS,dc6b3ff0b63dc6e95cd0e2904503b3d0773c5aa68d516db82d1a5fb3eaa083ce,16,48,False,8,0.98,2.0,0.5
US06,38,False,3.529913073436393,0.13526982814962127,1.8021022213956357,8.652367170763924,0.375,0.0,0,DST+FUDS,dc6b3ff0b63dc6e95cd0e2904503b3d0773c5aa68d516db82d1a5fb3eaa083ce,16,48,False,8,0.98,2.0,0.9
US06,39,False,3.5309914374494675,0.13527247534663892,1.8021027387018558,8.65559909829991,0.375,0.0,0,DST+FUDS,dc6b3ff0b63dc6e95cd0e2904503b3d0773c5aa68d516db82d1a5fb3eaa083ce,16,48,False,8,0.98,2.0,0.99
US06,40,False,3.5286316471667867,0.1351846217000996,1.8020051827435588,8.648705137056702,0.375,0.0,0,DST+FUDS,dc6b3ff0b63dc6e95cd0e2904503b3d0773c5aa68d516db82d1a5fb3eaa083ce,16,48,False,8,0.98,4.0,0.0
US06,41,False,3.533605704903627,0.13522342392874934,1.8020987747539876,8.663494916028144,0.375,0.0,0,DST+FUDS,dc6b3ff0b63dc6e95cd0e2904503b3d0773c5aa68d516db82d1a5fb3eaa083ce,16,48,False,8,0.98,4.0,0.5
US06,42,False,3.53100883978664,0.13527247534663892,1.8021027387018558,8.655651305311425,0.375,0.0,0,DST+FUDS,dc6b3ff0b63dc6e95cd0e2904503b3d0773c5aa68d516db82d1a5fb3eaa083ce,16,48,False,8,0.98,4.0,0.9
US06,43,False,3.5309914374494675,0.13527247534663892,1.8021027387018558,8.65559909829991,0.375,0.0,0,DST+FUDS,dc6b3ff0b63dc6e95cd0e2904503b3d0773c5aa68d516db82d1a5fb3eaa083ce,16,48,False,8,0.98,4.0,0.99
US06,44,False,3.5335915844396024,0.13525102252298193,1.8020602010690139,8.663463529726812,0.375,0.0,0,DST+FUDS,dc6b3ff0b63dc6e95cd0e2904503b3d0773c5aa68d516db82d1a5fb3eaa083ce,16,48,False,8,0.98,9.0,0.0
US06,45,False,3.530382800693477,0.13527265193179608,1.8021046914925358,8.653771058656101,0.375,0.0,0,DST+FUDS,dc6b3ff0b63dc6e95cd0e2904503b3d0773c5aa68d516db82d1a5fb3eaa083ce,16,48,False,8,0.98,9.0,0.5
US06,46,False,3.5309914374494675,0.13527247534663892,1.8021027387018558,8.65559909829991,0.375,0.0,0,DST+FUDS,dc6b3ff0b63dc6e95cd0e2904503b3d0773c5aa68d516db82d1a5fb3eaa083ce,16,48,False,8,0.98,9.0,0.9
US06,47,False,3.5309914374494675,0.13527247534663892,1.8021027387018558,8.65559909829991,0.375,0.0,0,DST+FUDS,dc6b3ff0b63dc6e95cd0e2904503b3d0773c5aa68d516db82d1a5fb3eaa083ce,16,48,False,8,0.98,9.0,0.99
US06,48,False,3.5659326399025524,0.13489163054220954,1.795295060751405,8.767611228414044,0.375,0.0,0,DST+FUDS,dc6b3ff0b63dc6e95cd0e2904503b3d0773c5aa68d516db82d1a5fb3eaa083ce,16,48,False,8,0.99,1.0,0.0
US06,49,False,3.5750596197399624,0.13497159422505417,1.7947907535165455,8.795416511478289,0.375,0.0,0,DST+FUDS,dc6b3ff0b63dc6e95cd0e2904503b3d0773c5aa68d516db82d1a5fb3eaa083ce,16,48,False,8,0.99,1.0,0.5
US06,50,False,3.5433996384463122,0.1351763645478459,1.8016048280654489,8.693417722725643,0.375,0.0,0,DST+FUDS,dc6b3ff0b63dc6e95cd0e2904503b3d0773c5aa68d516db82d1a5fb3eaa083ce,16,48,False,8,0.99,1.0,0.9
US06,51,False,3.502956119697219,0.13527247534663892,1.8014443997934242,8.572151483951593,0.375,0.0,0,DST+FUDS,dc6b3ff0b63dc6e95cd0e2904503b3d0773c5aa68d516db82d1a5fb3eaa083ce,16,48,False,8,0.99,1.0,0.99
US06,52,False,3.541252647445766,0.13513261488421965,1.7997147258861559,8.688910601566922,0.375,0.0,0,DST+FUDS,dc6b3ff0b63dc6e95cd0e2904503b3d0773c5aa68d516db82d1a5fb3eaa083ce,16,48,False,8,0.99,2.0,0.0
US06,53,False,3.5420631395667663,0.1351972768880263,1.8019622322268152,8.689029909585457,0.375,0.0,0,DST+FUDS,dc6b3ff0b63dc6e95cd0e2904503b3d0773c5aa68d516db82d1a5fb3eaa083ce,16,48,False,8,0.99,2.0,0.5
US06,54,False,3.5304673188120628,0.13527116606896478,1.802101022902813,8.654029767464412,0.375,0.0,0,DST+FUDS,dc6b3ff0b63dc6e95cd0e2904503b3d0773c5aa68d516db82d1a5fb3eaa083ce,16,48,False,8,0.99,2.0,0.9
US06,55,False,3.5309914374494675,0.13527247534663892,1.8021027387018558,8.65559909829991,0.375,0.0,0,DST+FUDS,dc6b3ff0b63dc6e95cd0e2904503b3d0773c5aa68d516db82d1a5fb3eaa083ce,16,48,False,8,0.99,2.0,0.99
US06,56,False,3.535647486662256,0.13522984049837894,1.8020315984952515,8.669681020993135,0.375,0.0,0,DST+FUDS,dc6b3ff0b63dc6e95cd0e2904503b3d0773c5aa68d516db82d1a5fb3eaa083ce,16,48,False,8,0.99,4.0,0.0
US06,57,False,3.52994082935516,0.13524840849974762,1.8020903185746535,8.652483760991078,0.375,0.0,0,DST+FUDS,dc6b3ff0b63dc6e95cd0e2904503b3d0773c5aa68d516db82d1a5fb3eaa083ce,16,48,False,8,0.99,4.0,0.5
US06,58,False,3.5310030235307672,0.13527247534663892,1.8021027387018558,8.655633856543808,0.375,0.0,0,DST+FUDS,dc6b3ff0b63dc6e95cd0e2904503b3d0773c5aa68d516db82d1a5fb3eaa083ce,16,48,False,8,0.99,4.0,0.9
US06,59,False,3.5309914374494675,0.13527247534663892,1.8021027387018558,8.65559909829991,0.375,0.0,0,DST+FUDS,dc6b3ff0b63dc6e95cd0e2904503b3d0773c5aa68d516db82d1a5fb3eaa083ce,16,48,False,8,0.99,4.0,0.99
US06,60,False,3.5287249294158474,0.13526187202627094,1.802077182013687,8.648835734207584,0.375,0.0,0,DST+FUDS,dc6b3ff0b63dc6e95cd0e2904503b3d0773c5aa68d516db82d1a5fb3eaa083ce,16,48,False,8,0.99,9.0,0.0
US06,61,False,3.530634489203827,0.13527256283727512,1.8021036926140452,8.654527212160161,0.375,0.0,0,DST+FUDS,dc6b3ff0b63dc6e95cd0e2904503b3d0773c5aa68d516db82d1a5fb3eaa083ce,16,48,False,8,0.99,9.0,0.5
US06,62,False,3.5309914374494675,0.13527247534663892,1.8021027387018558,8.65559909829991,0.375,0.0,0,DST+FUDS,dc6b3ff0b63dc6e95cd0e2904503b3d0773c5aa68d516db82d1a5fb3eaa083ce,16,48,False,8,0.99,9.0,0.9
US06,63,False,3.5309914374494675,0.13527247534663892,1.8021027387018558,8.65559909829991,0.375,0.0,0,DST+FUDS,dc6b3ff0b63dc6e95cd0e2904503b3d0773c5aa68d516db82d1a5fb3eaa083ce,16,48,False,8,0.99,9.0,0.99
US06,64,False,3.532378135520433,0.13510491778388511,1.79882633522502,8.663203153552395,0.375,0.0,0,DST+FUDS,dc6b3ff0b63dc6e95cd0e2904503b3d0773c5aa68d516db82d1a5fb3eaa083ce,16,48,False,8,0.995,1.0,0.0
US06,65,False,3.5341433913422144,0.135140364923723,1.7992819425859825,8.668007866516938,0.375,0.0,0,DST+FUDS,dc6b3ff0b63dc6e95cd0e2904503b3d0773c5aa68d516db82d1a5fb3eaa083ce,16,48,False,8,0.995,1.0,0.5
US06,66,False,3.556420036640104,0.1352259214337839,1.8018218295641266,8.732212358922403,0.375,0.0,0,DST+FUDS,dc6b3ff0b63dc6e95cd0e2904503b3d0773c5aa68d516db82d1a5fb3eaa083ce,16,48,False,8,0.995,1.0,0.9
US06,67,False,3.553099333348385,0.13527247534663892,1.8017767405976515,8.722248784100863,0.375,0.0,0,DST+FUDS,dc6b3ff0b63dc6e95cd0e2904503b3d0773c5aa68d516db82d1a5fb3eaa083ce,16,48,False,8,0.995,1.0,0.99
US06,68,False,3.527588019730544,0.1352057751246513,1.8012342459989674,8.646324038068013,0.375,0.0,0,DST+FUDS,dc6b3ff0b63dc6e95cd0e2904503b3d0773c5aa68d516db82d1a5fb3eaa083ce,16,48,False,8,0.995,2.0,0.0
US06,69,False,3.52989465637204,0.13523594830095087,1.8019902663666616,8.652457754448509,0.375,0.0,0,DST+FUDS,dc6b3ff0b63dc6e95cd0e2904503b3d0773c5aa68d516db82d1a5fb3eaa083ce,16,48,False,8,0.995,2.0,0.5
US06,70,False,3.5306301522081287,0.13527182453048767,1.8021015447035196,8.654517087390378,0.375,0.0,0,DST+FUDS,dc6b3ff0b63dc6e95cd0e2904503b3d0773c5aa68d516db82d1a5fb3eaa083ce,16,48,False,8,0.995,2.0,0.9
US06,71,False,3.5309914374494675,0.13527247534663892,1.8021027387018558,8.65559909829991,0.375,0.0,0,DST+FUDS,dc6b3ff0b63dc6e95cd0e2904503b3d0773c5aa68d516db82d1a5fb3eaa083ce,16,48,False,8,0.995,2.0,0.99
US06,72,False,3.528664886983526,0.13525139864888386,1.802041374654753,8.64870188764694,0.375,0.0,0,DST+FUDS,dc6b3ff0b63dc6e95cd0e2904503b3d0773c5aa68d516db82d1a5fb3eaa083ce,16,48,False,8,0.995,4.0,0.0
US06,73,False,3.5306361004638736,0.13526055497029915,1.8021017884533521,8.654545957967969,0.375,0.0,0,DST+FUDS,dc6b3ff0b63dc6e95cd0e2904503b3d0773c5aa68d516db82d1a5fb3eaa083ce,16,48,False,8,0.995,4.0,0.5
US06,74,False,3.530995077546789,0.13527247534663892,1.8021027387018558,8.65561001859187,0.375,0.0,0,DST+FUDS,dc6b3ff0b63dc6e95cd0e2904503b3d0773c5aa68d516db82d1a5fb3eaa083ce,16,48,False,8,0.995,4.0,0.9
US06,75,False,3.5309914374494675,0.13527247534663892,1.8021027387018558,8.65559909829991,0.375,0.0,0,DST+FUDS,dc6b3ff0b63dc6e95cd0e2904503b3d0773c5aa68d516db82d1a5fb3eaa083ce,16,48,False,8,0.995,4.0,0.99
US06,76,False,3.529962352009935,0.13526717724012877,1.8020884253477876,8.652531453441886,0.375,0.0,0,DST+FUDS,dc6b3ff0b63dc6e95cd0e2904503b3d0773c5aa68d516db82d1a5fb3eaa083ce,16,48,False,8,0.995,9.0,0.0
US06,77,False,3.5307109334817413,0.13527251889443398,1.8021032101814285,8.654757071369362,0.375,0.0,0,DST+FUDS,dc6b3ff0b63dc6e95cd0e2904503b3d0773c5aa68d516db82d1a5fb3eaa083ce,16,48,False,8,0.995,9.0,0.5
US06,78,False,3.5309914374494675,0.13527247534663892,1.8021027387018558,8.65559909829991,0.375,0.0,0,DST+FUDS,dc6b3ff0b63dc6e95cd0e2904503b3d0773c5aa68d516db82d1a5fb3eaa083ce,16,48,False,8,0.995,9.0,0.9
US06,79,False,3.5309914374494675,0.13527247534663892,1.8021027387018558,8.65559909829991,0.375,0.0,0,DST+FUDS,dc6b3ff0b63dc6e95cd0e2904503b3d0773c5aa68d516db82d1a5fb3eaa083ce,16,48,False,8,0.995,9.0,0.99
