chemistry,feature,fold,seed,temperature_C,samples_compared,reevaluated_mae_pct,locked_mae_pct,abs_mae_delta_pct,max_abs_prediction_delta_fraction,deterministic_bit_identical,atol,passed,package_path,locked_prediction_path
LFP,T6,DST,0,-10.0,5235,0.8674451476815763,0.8674451463228271,1.3587492242450594e-09,2.9789733901885995e-08,True,1e-06,True,${SOURCE_WORKSPACE}/DL/CEMA_CARRIER_FAIRNESS_ABLATIONS_20260803/t6_plain_downstream_20260804/inference_pkg_lfp/T6/DST/0,${SOURCE_WORKSPACE}/DL/CEMA_CARRIER_FAIRNESS_ABLATIONS_20260803/normalhead_auxoff/runs/lfp/nmc_goal_vcorr_it_train_dst_selector_results/normalauxoff_lfp_gru_normal_t6_holdoutdst_s0123456789_b2048_e200_seed0_sel200_condinv_trainDST25_selected_seed0_ep200_base_test_prediction_rows.csv.gz
LFP,T6,DST,0,0.0,6671,0.5738560219339232,0.5738560134162793,8.517643812488984e-09,2.9723358108135756e-08,True,1e-06,True,${SOURCE_WORKSPACE}/DL/CEMA_CARRIER_FAIRNESS_ABLATIONS_20260803/t6_plain_downstream_20260804/inference_pkg_lfp/T6/DST/0,${SOURCE_WORKSPACE}/DL/CEMA_CARRIER_FAIRNESS_ABLATIONS_20260803/normalhead_auxoff/runs/lfp/nmc_goal_vcorr_it_train_dst_selector_results/normalauxoff_lfp_gru_normal_t6_holdoutdst_s0123456789_b2048_e200_seed0_sel200_condinv_trainDST25_selected_seed0_ep200_base_test_prediction_rows.csv.gz
LFP,T6,DST,0,10.0,7031,0.4261468621479517,0.4261468512444886,1.0903463132372337e-08,2.978439328504834e-08,True,1e-06,True,${SOURCE_WORKSPACE}/DL/CEMA_CARRIER_FAIRNESS_ABLATIONS_20260803/t6_plain_downstream_20260804/inference_pkg_lfp/T6/DST/0,${SOURCE_WORKSPACE}/DL/CEMA_CARRIER_FAIRNESS_ABLATIONS_20260803/normalhead_auxoff/runs/lfp/nmc_goal_vcorr_it_train_dst_selector_results/normalauxoff_lfp_gru_normal_t6_holdoutdst_s0123456789_b2048_e200_seed0_sel200_condinv_trainDST25_selected_seed0_ep200_base_test_prediction_rows.csv.gz
LFP,T6,DST,0,20.0,7254,0.37652574951885637,0.37652576472291144,1.5204055070494604e-08,2.980117796980153e-08,True,1e-06,True,${SOURCE_WORKSPACE}/DL/CEMA_CARRIER_FAIRNESS_ABLATIONS_20260803/t6_plain_downstream_20260804/inference_pkg_lfp/T6/DST/0,${SOURCE_WORKSPACE}/DL/CEMA_CARRIER_FAIRNESS_ABLATIONS_20260803/normalhead_auxoff/runs/lfp/nmc_goal_vcorr_it_train_dst_selector_results/normalauxoff_lfp_gru_normal_t6_holdoutdst_s0123456789_b2048_e200_seed0_sel200_condinv_trainDST25_selected_seed0_ep200_base_test_prediction_rows.csv.gz
LFP,T6,DST,0,25.0,7319,0.31823281961594846,0.31823283378876893,1.417282047277979e-08,2.9798889134013962e-08,True,1e-06,True,${SOURCE_WORKSPACE}/DL/CEMA_CARRIER_FAIRNESS_ABLATIONS_20260803/t6_plain_downstream_20260804/inference_pkg_lfp/T6/DST/0,${SOURCE_WORKSPACE}/DL/CEMA_CARRIER_FAIRNESS_ABLATIONS_20260803/normalhead_auxoff/runs/lfp/nmc_goal_vcorr_it_train_dst_selector_results/normalauxoff_lfp_gru_normal_t6_holdoutdst_s0123456789_b2048_e200_seed0_sel200_condinv_trainDST25_selected_seed0_ep200_base_test_prediction_rows.csv.gz
LFP,T6,DST,0,30.0,7391,0.371307929852832,0.3713079158706535,1.3982178526106281e-08,2.9798889134013962e-08,True,1e-06,True,${SOURCE_WORKSPACE}/DL/CEMA_CARRIER_FAIRNESS_ABLATIONS_20260803/t6_plain_downstream_20260804/inference_pkg_lfp/T6/DST/0,${SOURCE_WORKSPACE}/DL/CEMA_CARRIER_FAIRNESS_ABLATIONS_20260803/normalhead_auxoff/runs/lfp/nmc_goal_vcorr_it_train_dst_selector_results/normalauxoff_lfp_gru_normal_t6_holdoutdst_s0123456789_b2048_e200_seed0_sel200_condinv_trainDST25_selected_seed0_ep200_base_test_prediction_rows.csv.gz
LFP,T6,DST,0,40.0,7397,0.46501385920643645,0.4650138656076788,6.401242369502569e-09,2.9792022737673562e-08,True,1e-06,True,${SOURCE_WORKSPACE}/DL/CEMA_CARRIER_FAIRNESS_ABLATIONS_20260803/t6_plain_downstream_20260804/inference_pkg_lfp/T6/DST/0,${SOURCE_WORKSPACE}/DL/CEMA_CARRIER_FAIRNESS_ABLATIONS_20260803/normalhead_auxoff/runs/lfp/nmc_goal_vcorr_it_train_dst_selector_results/normalauxoff_lfp_gru_normal_t6_holdoutdst_s0123456789_b2048_e200_seed0_sel200_condinv_trainDST25_selected_seed0_ep200_base_test_prediction_rows.csv.gz
LFP,T6,DST,0,50.0,7415,0.4877703548161899,0.4877703740660823,1.924989240231767e-08,2.977828983397046e-08,True,1e-06,True,${SOURCE_WORKSPACE}/DL/CEMA_CARRIER_FAIRNESS_ABLATIONS_20260803/t6_plain_downstream_20260804/inference_pkg_lfp/T6/DST/0,${SOURCE_WORKSPACE}/DL/CEMA_CARRIER_FAIRNESS_ABLATIONS_20260803/normalhead_auxoff/runs/lfp/nmc_goal_vcorr_it_train_dst_selector_results/normalauxoff_lfp_gru_normal_t6_holdoutdst_s0123456789_b2048_e200_seed0_sel200_condinv_trainDST25_selected_seed0_ep200_base_test_prediction_rows.csv.gz
LFP,T6,DST,1,-10.0,5235,0.8432175123863245,0.8432175316141356,1.922781112106975e-08,2.9797363243488917e-08,True,1e-06,True,${SOURCE_WORKSPACE}/DL/CEMA_CARRIER_FAIRNESS_ABLATIONS_20260803/t6_plain_downstream_20260804/inference_pkg_lfp/T6/DST/1,${SOURCE_WORKSPACE}/DL/CEMA_CARRIER_FAIRNESS_ABLATIONS_20260803/normalhead_auxoff/runs/lfp/nmc_goal_vcorr_it_train_dst_selector_results/normalauxoff_lfp_gru_normal_t6_holdoutdst_s0123456789_b2048_e200_seed1_sel200_condinv_trainDST25_selected_seed1_ep200_base_test_prediction_rows.csv.gz
LFP,T6,DST,1,0.0,6671,0.5583492897501531,0.5583493044521062,1.4701953099383047e-08,2.979507440770135e-08,True,1e-06,True,${SOURCE_WORKSPACE}/DL/CEMA_CARRIER_FAIRNESS_ABLATIONS_20260803/t6_plain_downstream_20260804/inference_pkg_lfp/T6/DST/1,${SOURCE_WORKSPACE}/DL/CEMA_CARRIER_FAIRNESS_ABLATIONS_20260803/normalhead_auxoff/runs/lfp/nmc_goal_vcorr_it_train_dst_selector_results/normalauxoff_lfp_gru_normal_t6_holdoutdst_s0123456789_b2048_e200_seed1_sel200_condinv_trainDST25_selected_seed1_ep200_base_test_prediction_rows.csv.gz
LFP,T6,DST,1,10.0,7031,0.4590801566143881,0.4590801556250889,9.892991981175214e-10,2.9798889134013962e-08,True,1e-06,True,${SOURCE_WORKSPACE}/DL/CEMA_CARRIER_FAIRNESS_ABLATIONS_20260803/t6_plain_downstream_20260804/inference_pkg_lfp/T6/DST/1,${SOURCE_WORKSPACE}/DL/CEMA_CARRIER_FAIRNESS_ABLATIONS_20260803/normalhead_auxoff/runs/lfp/nmc_goal_vcorr_it_train_dst_selector_results/normalauxoff_lfp_gru_normal_t6_holdoutdst_s0123456789_b2048_e200_seed1_sel200_condinv_trainDST25_selected_seed1_ep200_base_test_prediction_rows.csv.gz
LFP,T6,DST,1,20.0,7254,0.4300340230463615,0.43003400245381856,2.0592542948616455e-08,2.979431157346113e-08,True,1e-06,True,${SOURCE_WORKSPACE}/DL/CEMA_CARRIER_FAIRNESS_ABLATIONS_20260803/t6_plain_downstream_20260804/inference_pkg_lfp/T6/DST/1,${SOURCE_WORKSPACE}/DL/CEMA_CARRIER_FAIRNESS_ABLATIONS_20260803/normalhead_auxoff/runs/lfp/nmc_goal_vcorr_it_train_dst_selector_results/normalauxoff_lfp_gru_normal_t6_holdoutdst_s0123456789_b2048_e200_seed1_sel200_condinv_trainDST25_selected_seed1_ep200_base_test_prediction_rows.csv.gz
LFP,T6,DST,1,25.0,7319,0.41412028616002156,0.41412030446782366,1.830780210765326e-08,2.9782867394523294e-08,True,1e-06,True,${SOURCE_WORKSPACE}/DL/CEMA_CARRIER_FAIRNESS_ABLATIONS_20260803/t6_plain_downstream_20260804/inference_pkg_lfp/T6/DST/1,${SOURCE_WORKSPACE}/DL/CEMA_CARRIER_FAIRNESS_ABLATIONS_20260803/normalhead_auxoff/runs/lfp/nmc_goal_vcorr_it_train_dst_selector_results/normalauxoff_lfp_gru_normal_t6_holdoutdst_s0123456789_b2048_e200_seed1_sel200_condinv_trainDST25_selected_seed1_ep200_base_test_prediction_rows.csv.gz
LFP,T6,DST,1,30.0,7391,0.49772704086188146,0.4977270514815317,1.0619650214760412e-08,2.9797363243488917e-08,True,1e-06,True,${SOURCE_WORKSPACE}/DL/CEMA_CARRIER_FAIRNESS_ABLATIONS_20260803/t6_plain_downstream_20260804/inference_pkg_lfp/T6/DST/1,${SOURCE_WORKSPACE}/DL/CEMA_CARRIER_FAIRNESS_ABLATIONS_20260803/normalhead_auxoff/runs/lfp/nmc_goal_vcorr_it_train_dst_selector_results/normalauxoff_lfp_gru_normal_t6_holdoutdst_s0123456789_b2048_e200_seed1_sel200_condinv_trainDST25_selected_seed1_ep200_base_test_prediction_rows.csv.gz
LFP,T6,DST,1,40.0,7397,0.5623023350863293,0.5623023389887793,3.902450029791282e-09,2.979812618875144e-08,True,1e-06,True,${SOURCE_WORKSPACE}/DL/CEMA_CARRIER_FAIRNESS_ABLATIONS_20260803/t6_plain_downstream_20260804/inference_pkg_lfp/T6/DST/1,${SOURCE_WORKSPACE}/DL/CEMA_CARRIER_FAIRNESS_ABLATIONS_20260803/normalhead_auxoff/runs/lfp/nmc_goal_vcorr_it_train_dst_selector_results/normalauxoff_lfp_gru_normal_t6_holdoutdst_s0123456789_b2048_e200_seed1_sel200_condinv_trainDST25_selected_seed1_ep200_base_test_prediction_rows.csv.gz
LFP,T6,DST,1,50.0,7415,0.6190198858149584,0.619019881685772,4.129186326196077e-09,2.9800415024539006e-08,True,1e-06,True,${SOURCE_WORKSPACE}/DL/CEMA_CARRIER_FAIRNESS_ABLATIONS_20260803/t6_plain_downstream_20260804/inference_pkg_lfp/T6/DST/1,${SOURCE_WORKSPACE}/DL/CEMA_CARRIER_FAIRNESS_ABLATIONS_20260803/normalhead_auxoff/runs/lfp/nmc_goal_vcorr_it_train_dst_selector_results/normalauxoff_lfp_gru_normal_t6_holdoutdst_s0123456789_b2048_e200_seed1_sel200_condinv_trainDST25_selected_seed1_ep200_base_test_prediction_rows.csv.gz
LFP,T6,DST,2,-10.0,5235,0.7923602510666419,0.7923602336198663,1.7446775579799123e-08,2.9733276396548547e-08,True,1e-06,True,${SOURCE_WORKSPACE}/DL/CEMA_CARRIER_FAIRNESS_ABLATIONS_20260803/t6_plain_downstream_20260804/inference_pkg_lfp/T6/DST/2,${SOURCE_WORKSPACE}/DL/CEMA_CARRIER_FAIRNESS_ABLATIONS_20260803/normalhead_auxoff/runs/lfp/nmc_goal_vcorr_it_train_dst_selector_results/normalauxoff_lfp_gru_normal_t6_holdoutdst_s0123456789_b2048_e200_seed2_sel200_condinv_trainDST25_selected_seed2_ep200_base_test_prediction_rows.csv.gz
LFP,T6,DST,2,0.0,6671,0.5314466529360388,0.5314466515365014,1.3995373748798556e-09,2.9790496847148518e-08,True,1e-06,True,${SOURCE_WORKSPACE}/DL/CEMA_CARRIER_FAIRNESS_ABLATIONS_20260803/t6_plain_downstream_20260804/inference_pkg_lfp/T6/DST/2,${SOURCE_WORKSPACE}/DL/CEMA_CARRIER_FAIRNESS_ABLATIONS_20260803/normalhead_auxoff/runs/lfp/nmc_goal_vcorr_it_train_dst_selector_results/normalauxoff_lfp_gru_normal_t6_holdoutdst_s0123456789_b2048_e200_seed2_sel200_condinv_trainDST25_selected_seed2_ep200_base_test_prediction_rows.csv.gz
LFP,T6,DST,2,10.0,7031,0.40070222874002726,0.4007022256009103,3.139116966366373e-09,2.979812618875144e-08,True,1e-06,True,${SOURCE_WORKSPACE}/DL/CEMA_CARRIER_FAIRNESS_ABLATIONS_20260803/t6_plain_downstream_20260804/inference_pkg_lfp/T6/DST/2,${SOURCE_WORKSPACE}/DL/CEMA_CARRIER_FAIRNESS_ABLATIONS_20260803/normalhead_auxoff/runs/lfp/nmc_goal_vcorr_it_train_dst_selector_results/normalauxoff_lfp_gru_normal_t6_holdoutdst_s0123456789_b2048_e200_seed2_sel200_condinv_trainDST25_selected_seed2_ep200_base_test_prediction_rows.csv.gz
LFP,T6,DST,2,20.0,7254,0.3224268250899709,0.3224268342431762,9.153205304812673e-09,2.979431157346113e-08,True,1e-06,True,${SOURCE_WORKSPACE}/DL/CEMA_CARRIER_FAIRNESS_ABLATIONS_20260803/t6_plain_downstream_20260804/inference_pkg_lfp/T6/DST/2,${SOURCE_WORKSPACE}/DL/CEMA_CARRIER_FAIRNESS_ABLATIONS_20260803/normalhead_auxoff/runs/lfp/nmc_goal_vcorr_it_train_dst_selector_results/normalauxoff_lfp_gru_normal_t6_holdoutdst_s0123456789_b2048_e200_seed2_sel200_condinv_trainDST25_selected_seed2_ep200_base_test_prediction_rows.csv.gz
LFP,T6,DST,2,25.0,7319,0.29924376378890444,0.2992437573438994,6.445005029664941e-09,2.980194091506405e-08,True,1e-06,True,${SOURCE_WORKSPACE}/DL/CEMA_CARRIER_FAIRNESS_ABLATIONS_20260803/t6_plain_downstream_20260804/inference_pkg_lfp/T6/DST/2,${SOURCE_WORKSPACE}/DL/CEMA_CARRIER_FAIRNESS_ABLATIONS_20260803/normalhead_auxoff/runs/lfp/nmc_goal_vcorr_it_train_dst_selector_results/normalauxoff_lfp_gru_normal_t6_holdoutdst_s0123456789_b2048_e200_seed2_sel200_condinv_trainDST25_selected_seed2_ep200_base_test_prediction_rows.csv.gz
LFP,T6,DST,2,30.0,7391,0.2985414596567165,0.2985414640373428,4.380626250632957e-09,2.9796600298226394e-08,True,1e-06,True,${SOURCE_WORKSPACE}/DL/CEMA_CARRIER_FAIRNESS_ABLATIONS_20260803/t6_plain_downstream_20260804/inference_pkg_lfp/T6/DST/2,${SOURCE_WORKSPACE}/DL/CEMA_CARRIER_FAIRNESS_ABLATIONS_20260803/normalhead_auxoff/runs/lfp/nmc_goal_vcorr_it_train_dst_selector_results/normalauxoff_lfp_gru_normal_t6_holdoutdst_s0123456789_b2048_e200_seed2_sel200_condinv_trainDST25_selected_seed2_ep200_base_test_prediction_rows.csv.gz
LFP,T6,DST,2,40.0,7397,0.4166782078778899,0.41667819947275925,8.40513064703785e-09,2.9776763943445417e-08,True,1e-06,True,${SOURCE_WORKSPACE}/DL/CEMA_CARRIER_FAIRNESS_ABLATIONS_20260803/t6_plain_downstream_20260804/inference_pkg_lfp/T6/DST/2,${SOURCE_WORKSPACE}/DL/CEMA_CARRIER_FAIRNESS_ABLATIONS_20260803/normalhead_auxoff/runs/lfp/nmc_goal_vcorr_it_train_dst_selector_results/normalauxoff_lfp_gru_normal_t6_holdoutdst_s0123456789_b2048_e200_seed2_sel200_condinv_trainDST25_selected_seed2_ep200_base_test_prediction_rows.csv.gz
LFP,T6,DST,2,50.0,7415,0.47751406053883866,0.4775140520971004,8.441738252873421e-09,2.980117796980153e-08,True,1e-06,True,${SOURCE_WORKSPACE}/DL/CEMA_CARRIER_FAIRNESS_ABLATIONS_20260803/t6_plain_downstream_20260804/inference_pkg_lfp/T6/DST/2,${SOURCE_WORKSPACE}/DL/CEMA_CARRIER_FAIRNESS_ABLATIONS_20260803/normalhead_auxoff/runs/lfp/nmc_goal_vcorr_it_train_dst_selector_results/normalauxoff_lfp_gru_normal_t6_holdoutdst_s0123456789_b2048_e200_seed2_sel200_condinv_trainDST25_selected_seed2_ep200_base_test_prediction_rows.csv.gz
LFP,T6,FUDS,0,-10.0,5621,1.6772213732438561,1.6772213677281624,5.515693679569722e-09,2.9799652079276484e-08,True,1e-06,True,${SOURCE_WORKSPACE}/DL/CEMA_CARRIER_FAIRNESS_ABLATIONS_20260803/t6_plain_downstream_20260804/inference_pkg_lfp/T6/FUDS/0,${SOURCE_WORKSPACE}/DL/CEMA_CARRIER_FAIRNESS_ABLATIONS_20260803/normalhead_auxoff/runs/lfp/nmc_goal_vcorr_it_train_dst_selector_results/normalauxoff_lfp_gru_normal_t6_holdoutfuds_s0123456789_b2048_e200_seed0_sel200_condinv_trainDST25_selected_seed0_ep200_base_test_prediction_rows.csv.gz
LFP,T6,FUDS,0,0.0,6965,0.842287029986032,0.8422870604594401,3.047340813022714e-08,2.9799652079276484e-08,True,1e-06,True,${SOURCE_WORKSPACE}/DL/CEMA_CARRIER_FAIRNESS_ABLATIONS_20260803/t6_plain_downstream_20260804/inference_pkg_lfp/T6/FUDS/0,${SOURCE_WORKSPACE}/DL/CEMA_CARRIER_FAIRNESS_ABLATIONS_20260803/normalhead_auxoff/runs/lfp/nmc_goal_vcorr_it_train_dst_selector_results/normalauxoff_lfp_gru_normal_t6_holdoutfuds_s0123456789_b2048_e200_seed0_sel200_condinv_trainDST25_selected_seed0_ep200_base_test_prediction_rows.csv.gz
LFP,T6,FUDS,0,10.0,7021,0.6578626309402631,0.6578626431562455,1.22159824478274e-08,2.9798889134013962e-08,True,1e-06,True,${SOURCE_WORKSPACE}/DL/CEMA_CARRIER_FAIRNESS_ABLATIONS_20260803/t6_plain_downstream_20260804/inference_pkg_lfp/T6/FUDS/0,${SOURCE_WORKSPACE}/DL/CEMA_CARRIER_FAIRNESS_ABLATIONS_20260803/normalhead_auxoff/runs/lfp/nmc_goal_vcorr_it_train_dst_selector_results/normalauxoff_lfp_gru_normal_t6_holdoutfuds_s0123456789_b2048_e200_seed0_sel200_condinv_trainDST25_selected_seed0_ep200_base_test_prediction_rows.csv.gz
LFP,T6,FUDS,0,20.0,7249,0.48850276306388996,0.4885027694716513,6.407761321547412e-09,2.9796600298226394e-08,True,1e-06,True,${SOURCE_WORKSPACE}/DL/CEMA_CARRIER_FAIRNESS_ABLATIONS_20260803/t6_plain_downstream_20260804/inference_pkg_lfp/T6/FUDS/0,${SOURCE_WORKSPACE}/DL/CEMA_CARRIER_FAIRNESS_ABLATIONS_20260803/normalhead_auxoff/runs/lfp/nmc_goal_vcorr_it_train_dst_selector_results/normalauxoff_lfp_gru_normal_t6_holdoutfuds_s0123456789_b2048_e200_seed0_sel200_condinv_trainDST25_selected_seed0_ep200_base_test_prediction_rows.csv.gz
LFP,T6,FUDS,0,25.0,7323,0.4917588320898312,0.4917588368155127,4.7256815127738605e-09,2.9800415024539006e-08,True,1e-06,True,${SOURCE_WORKSPACE}/DL/CEMA_CARRIER_FAIRNESS_ABLATIONS_20260803/t6_plain_downstream_20260804/inference_pkg_lfp/T6/FUDS/0,${SOURCE_WORKSPACE}/DL/CEMA_CARRIER_FAIRNESS_ABLATIONS_20260803/normalhead_auxoff/runs/lfp/nmc_goal_vcorr_it_train_dst_selector_results/normalauxoff_lfp_gru_normal_t6_holdoutfuds_s0123456789_b2048_e200_seed0_sel200_condinv_trainDST25_selected_seed0_ep200_base_test_prediction_rows.csv.gz
LFP,T6,FUDS,0,30.0,7397,0.5067357589193302,0.5067357821819656,2.326263537355544e-08,2.978439328504834e-08,True,1e-06,True,${SOURCE_WORKSPACE}/DL/CEMA_CARRIER_FAIRNESS_ABLATIONS_20260803/t6_plain_downstream_20260804/inference_pkg_lfp/T6/FUDS/0,${SOURCE_WORKSPACE}/DL/CEMA_CARRIER_FAIRNESS_ABLATIONS_20260803/normalhead_auxoff/runs/lfp/nmc_goal_vcorr_it_train_dst_selector_results/normalauxoff_lfp_gru_normal_t6_holdoutfuds_s0123456789_b2048_e200_seed0_sel200_condinv_trainDST25_selected_seed0_ep200_base_test_prediction_rows.csv.gz
LFP,T6,FUDS,0,40.0,7529,0.5663075798499342,0.5663075821091779,2.259243681024259e-09,2.979431157346113e-08,True,1e-06,True,${SOURCE_WORKSPACE}/DL/CEMA_CARRIER_FAIRNESS_ABLATIONS_20260803/t6_plain_downstream_20260804/inference_pkg_lfp/T6/FUDS/0,${SOURCE_WORKSPACE}/DL/CEMA_CARRIER_FAIRNESS_ABLATIONS_20260803/normalhead_auxoff/runs/lfp/nmc_goal_vcorr_it_train_dst_selector_results/normalauxoff_lfp_gru_normal_t6_holdoutfuds_s0123456789_b2048_e200_seed0_sel200_condinv_trainDST25_selected_seed0_ep200_base_test_prediction_rows.csv.gz
LFP,T6,FUDS,0,50.0,7565,0.6998257622062471,0.699825759193655,3.0125921757218066e-09,2.9795837352963872e-08,True,1e-06,True,${SOURCE_WORKSPACE}/DL/CEMA_CARRIER_FAIRNESS_ABLATIONS_20260803/t6_plain_downstream_20260804/inference_pkg_lfp/T6/FUDS/0,${SOURCE_WORKSPACE}/DL/CEMA_CARRIER_FAIRNESS_ABLATIONS_20260803/normalhead_auxoff/runs/lfp/nmc_goal_vcorr_it_train_dst_selector_results/normalauxoff_lfp_gru_normal_t6_holdoutfuds_s0123456789_b2048_e200_seed0_sel200_condinv_trainDST25_selected_seed0_ep200_base_test_prediction_rows.csv.gz
LFP,T6,FUDS,1,-10.0,5621,1.4694975173778795,1.4694975221490838,4.771204320519473e-09,2.979431157346113e-08,True,1e-06,True,${SOURCE_WORKSPACE}/DL/CEMA_CARRIER_FAIRNESS_ABLATIONS_20260803/t6_plain_downstream_20260804/inference_pkg_lfp/T6/FUDS/1,${SOURCE_WORKSPACE}/DL/CEMA_CARRIER_FAIRNESS_ABLATIONS_20260803/normalhead_auxoff/runs/lfp/nmc_goal_vcorr_it_train_dst_selector_results/normalauxoff_lfp_gru_normal_t6_holdoutfuds_s0123456789_b2048_e200_seed1_sel200_condinv_trainDST25_selected_seed1_ep200_base_test_prediction_rows.csv.gz
LFP,T6,FUDS,1,0.0,6965,0.766810193268406,0.7668102035463029,1.0277896866917047e-08,2.979812618875144e-08,True,1e-06,True,${SOURCE_WORKSPACE}/DL/CEMA_CARRIER_FAIRNESS_ABLATIONS_20260803/t6_plain_downstream_20260804/inference_pkg_lfp/T6/FUDS/1,${SOURCE_WORKSPACE}/DL/CEMA_CARRIER_FAIRNESS_ABLATIONS_20260803/normalhead_auxoff/runs/lfp/nmc_goal_vcorr_it_train_dst_selector_results/normalauxoff_lfp_gru_normal_t6_holdoutfuds_s0123456789_b2048_e200_seed1_sel200_condinv_trainDST25_selected_seed1_ep200_base_test_prediction_rows.csv.gz
LFP,T6,FUDS,1,10.0,7021,0.5832831223888361,0.5832831270901581,4.7013219983682575e-09,2.9737091011838857e-08,True,1e-06,True,${SOURCE_WORKSPACE}/DL/CEMA_CARRIER_FAIRNESS_ABLATIONS_20260803/t6_plain_downstream_20260804/inference_pkg_lfp/T6/FUDS/1,${SOURCE_WORKSPACE}/DL/CEMA_CARRIER_FAIRNESS_ABLATIONS_20260803/normalhead_auxoff/runs/lfp/nmc_goal_vcorr_it_train_dst_selector_results/normalauxoff_lfp_gru_normal_t6_holdoutfuds_s0123456789_b2048_e200_seed1_sel200_condinv_trainDST25_selected_seed1_ep200_base_test_prediction_rows.csv.gz
LFP,T6,FUDS,1,20.0,7249,0.4318322899490502,0.4318322907297559,7.807056667807899e-10,2.980194091506405e-08,True,1e-06,True,${SOURCE_WORKSPACE}/DL/CEMA_CARRIER_FAIRNESS_ABLATIONS_20260803/t6_plain_downstream_20260804/inference_pkg_lfp/T6/FUDS/1,${SOURCE_WORKSPACE}/DL/CEMA_CARRIER_FAIRNESS_ABLATIONS_20260803/normalhead_auxoff/runs/lfp/nmc_goal_vcorr_it_train_dst_selector_results/normalauxoff_lfp_gru_normal_t6_holdoutfuds_s0123456789_b2048_e200_seed1_sel200_condinv_trainDST25_selected_seed1_ep200_base_test_prediction_rows.csv.gz
LFP,T6,FUDS,1,25.0,7323,0.4648674161877248,0.4648674069643588,9.223366015387313e-09,2.9789733901885995e-08,True,1e-06,True,${SOURCE_WORKSPACE}/DL/CEMA_CARRIER_FAIRNESS_ABLATIONS_20260803/t6_plain_downstream_20260804/inference_pkg_lfp/T6/FUDS/1,${SOURCE_WORKSPACE}/DL/CEMA_CARRIER_FAIRNESS_ABLATIONS_20260803/normalhead_auxoff/runs/lfp/nmc_goal_vcorr_it_train_dst_selector_results/normalauxoff_lfp_gru_normal_t6_holdoutfuds_s0123456789_b2048_e200_seed1_sel200_condinv_trainDST25_selected_seed1_ep200_base_test_prediction_rows.csv.gz
LFP,T6,FUDS,1,30.0,7397,0.5026806026487245,0.5026805985534676,4.09525691136281e-09,2.9797363243488917e-08,True,1e-06,True,${SOURCE_WORKSPACE}/DL/CEMA_CARRIER_FAIRNESS_ABLATIONS_20260803/t6_plain_downstream_20260804/inference_pkg_lfp/T6/FUDS/1,${SOURCE_WORKSPACE}/DL/CEMA_CARRIER_FAIRNESS_ABLATIONS_20260803/normalhead_auxoff/runs/lfp/nmc_goal_vcorr_it_train_dst_selector_results/normalauxoff_lfp_gru_normal_t6_holdoutfuds_s0123456789_b2048_e200_seed1_sel200_condinv_trainDST25_selected_seed1_ep200_base_test_prediction_rows.csv.gz
LFP,T6,FUDS,1,40.0,7529,0.6032694673569644,0.603269456235888,1.112107639311688e-08,2.976074220395475e-08,True,1e-06,True,${SOURCE_WORKSPACE}/DL/CEMA_CARRIER_FAIRNESS_ABLATIONS_20260803/t6_plain_downstream_20260804/inference_pkg_lfp/T6/FUDS/1,${SOURCE_WORKSPACE}/DL/CEMA_CARRIER_FAIRNESS_ABLATIONS_20260803/normalhead_auxoff/runs/lfp/nmc_goal_vcorr_it_train_dst_selector_results/normalauxoff_lfp_gru_normal_t6_holdoutfuds_s0123456789_b2048_e200_seed1_sel200_condinv_trainDST25_selected_seed1_ep200_base_test_prediction_rows.csv.gz
LFP,T6,FUDS,1,50.0,7565,0.7391466719758848,0.7391466746596167,2.6837319033745644e-09,2.980117796980153e-08,True,1e-06,True,${SOURCE_WORKSPACE}/DL/CEMA_CARRIER_FAIRNESS_ABLATIONS_20260803/t6_plain_downstream_20260804/inference_pkg_lfp/T6/FUDS/1,${SOURCE_WORKSPACE}/DL/CEMA_CARRIER_FAIRNESS_ABLATIONS_20260803/normalhead_auxoff/runs/lfp/nmc_goal_vcorr_it_train_dst_selector_results/normalauxoff_lfp_gru_normal_t6_holdoutfuds_s0123456789_b2048_e200_seed1_sel200_condinv_trainDST25_selected_seed1_ep200_base_test_prediction_rows.csv.gz
LFP,T6,FUDS,2,-10.0,5621,1.6145348698689035,1.6145349094467176,3.957781413710393e-08,2.9786682120835906e-08,True,1e-06,True,${SOURCE_WORKSPACE}/DL/CEMA_CARRIER_FAIRNESS_ABLATIONS_20260803/t6_plain_downstream_20260804/inference_pkg_lfp/T6/FUDS/2,${SOURCE_WORKSPACE}/DL/CEMA_CARRIER_FAIRNESS_ABLATIONS_20260803/normalhead_auxoff/runs/lfp/nmc_goal_vcorr_it_train_dst_selector_results/normalauxoff_lfp_gru_normal_t6_holdoutfuds_s0123456789_b2048_e200_seed2_sel200_condinv_trainDST25_selected_seed2_ep200_base_test_prediction_rows.csv.gz
LFP,T6,FUDS,2,0.0,6965,0.8290228595069014,0.829022855649677,3.857224317727059e-09,2.980194091506405e-08,True,1e-06,True,${SOURCE_WORKSPACE}/DL/CEMA_CARRIER_FAIRNESS_ABLATIONS_20260803/t6_plain_downstream_20260804/inference_pkg_lfp/T6/FUDS/2,${SOURCE_WORKSPACE}/DL/CEMA_CARRIER_FAIRNESS_ABLATIONS_20260803/normalhead_auxoff/runs/lfp/nmc_goal_vcorr_it_train_dst_selector_results/normalauxoff_lfp_gru_normal_t6_holdoutfuds_s0123456789_b2048_e200_seed2_sel200_condinv_trainDST25_selected_seed2_ep200_base_test_prediction_rows.csv.gz
LFP,T6,FUDS,2,10.0,7021,0.6617689668683838,0.6617689686939183,1.8255345013429292e-09,2.9785919175573383e-08,True,1e-06,True,${SOURCE_WORKSPACE}/DL/CEMA_CARRIER_FAIRNESS_ABLATIONS_20260803/t6_plain_downstream_20260804/inference_pkg_lfp/T6/FUDS/2,${SOURCE_WORKSPACE}/DL/CEMA_CARRIER_FAIRNESS_ABLATIONS_20260803/normalhead_auxoff/runs/lfp/nmc_goal_vcorr_it_train_dst_selector_results/normalauxoff_lfp_gru_normal_t6_holdoutfuds_s0123456789_b2048_e200_seed2_sel200_condinv_trainDST25_selected_seed2_ep200_base_test_prediction_rows.csv.gz
LFP,T6,FUDS,2,20.0,7249,0.4468991788857105,0.4468991632087184,1.5676992093371922e-08,2.979812618875144e-08,True,1e-06,True,${SOURCE_WORKSPACE}/DL/CEMA_CARRIER_FAIRNESS_ABLATIONS_20260803/t6_plain_downstream_20260804/inference_pkg_lfp/T6/FUDS/2,${SOURCE_WORKSPACE}/DL/CEMA_CARRIER_FAIRNESS_ABLATIONS_20260803/normalhead_auxoff/runs/lfp/nmc_goal_vcorr_it_train_dst_selector_results/normalauxoff_lfp_gru_normal_t6_holdoutfuds_s0123456789_b2048_e200_seed2_sel200_condinv_trainDST25_selected_seed2_ep200_base_test_prediction_rows.csv.gz
LFP,T6,FUDS,2,25.0,7323,0.48945826018098415,0.48945827503755296,1.485656880850783e-08,2.979507440770135e-08,True,1e-06,True,${SOURCE_WORKSPACE}/DL/CEMA_CARRIER_FAIRNESS_ABLATIONS_20260803/t6_plain_downstream_20260804/inference_pkg_lfp/T6/FUDS/2,${SOURCE_WORKSPACE}/DL/CEMA_CARRIER_FAIRNESS_ABLATIONS_20260803/normalhead_auxoff/runs/lfp/nmc_goal_vcorr_it_train_dst_selector_results/normalauxoff_lfp_gru_normal_t6_holdoutfuds_s0123456789_b2048_e200_seed2_sel200_condinv_trainDST25_selected_seed2_ep200_base_test_prediction_rows.csv.gz
LFP,T6,FUDS,2,30.0,7397,0.5298237348704177,0.5298237374476139,2.577196234199164e-09,2.9795837352963872e-08,True,1e-06,True,${SOURCE_WORKSPACE}/DL/CEMA_CARRIER_FAIRNESS_ABLATIONS_20260803/t6_plain_downstream_20260804/inference_pkg_lfp/T6/FUDS/2,${SOURCE_WORKSPACE}/DL/CEMA_CARRIER_FAIRNESS_ABLATIONS_20260803/normalhead_auxoff/runs/lfp/nmc_goal_vcorr_it_train_dst_selector_results/normalauxoff_lfp_gru_normal_t6_holdoutfuds_s0123456789_b2048_e200_seed2_sel200_condinv_trainDST25_selected_seed2_ep200_base_test_prediction_rows.csv.gz
LFP,T6,FUDS,2,40.0,7529,0.543503014625126,0.5435030227121795,8.087053582350734e-09,2.9792022737673562e-08,True,1e-06,True,${SOURCE_WORKSPACE}/DL/CEMA_CARRIER_FAIRNESS_ABLATIONS_20260803/t6_plain_downstream_20260804/inference_pkg_lfp/T6/FUDS/2,${SOURCE_WORKSPACE}/DL/CEMA_CARRIER_FAIRNESS_ABLATIONS_20260803/normalhead_auxoff/runs/lfp/nmc_goal_vcorr_it_train_dst_selector_results/normalauxoff_lfp_gru_normal_t6_holdoutfuds_s0123456789_b2048_e200_seed2_sel200_condinv_trainDST25_selected_seed2_ep200_base_test_prediction_rows.csv.gz
LFP,T6,FUDS,2,50.0,7565,0.717554983071173,0.7175549913284864,8.25731338860436e-09,2.9799652079276484e-08,True,1e-06,True,${SOURCE_WORKSPACE}/DL/CEMA_CARRIER_FAIRNESS_ABLATIONS_20260803/t6_plain_downstream_20260804/inference_pkg_lfp/T6/FUDS/2,${SOURCE_WORKSPACE}/DL/CEMA_CARRIER_FAIRNESS_ABLATIONS_20260803/normalhead_auxoff/runs/lfp/nmc_goal_vcorr_it_train_dst_selector_results/normalauxoff_lfp_gru_normal_t6_holdoutfuds_s0123456789_b2048_e200_seed2_sel200_condinv_trainDST25_selected_seed2_ep200_base_test_prediction_rows.csv.gz
LFP,T6,US06,0,-10.0,5051,2.13433303233361,2.134333011680855,2.0652754617600522e-08,2.9795837352963872e-08,True,1e-06,True,${SOURCE_WORKSPACE}/DL/CEMA_CARRIER_FAIRNESS_ABLATIONS_20260803/t6_plain_downstream_20260804/inference_pkg_lfp/T6/US06/0,${SOURCE_WORKSPACE}/DL/CEMA_CARRIER_FAIRNESS_ABLATIONS_20260803/normalhead_auxoff/runs/lfp/nmc_goal_vcorr_it_train_dst_selector_results/normalauxoff_lfp_gru_normal_t6_holdoutus06_s0123456789_b2048_e200_seed0_sel200_condinv_trainDST25_selected_seed0_ep200_base_test_prediction_rows.csv.gz
LFP,T6,US06,0,0.0,6234,0.9255045143572258,0.9255044938883542,2.046887159767863e-08,7.307659150024293e-08,True,1e-06,True,${SOURCE_WORKSPACE}/DL/CEMA_CARRIER_FAIRNESS_ABLATIONS_20260803/t6_plain_downstream_20260804/inference_pkg_lfp/T6/US06/0,${SOURCE_WORKSPACE}/DL/CEMA_CARRIER_FAIRNESS_ABLATIONS_20260803/normalhead_auxoff/runs/lfp/nmc_goal_vcorr_it_train_dst_selector_results/normalauxoff_lfp_gru_normal_t6_holdoutus06_s0123456789_b2048_e200_seed0_sel200_condinv_trainDST25_selected_seed0_ep200_base_test_prediction_rows.csv.gz
LFP,T6,US06,0,10.0,6727,0.6996239630067189,0.6996239387394084,2.4267310494430205e-08,2.9766082709770103e-08,True,1e-06,True,${SOURCE_WORKSPACE}/DL/CEMA_CARRIER_FAIRNESS_ABLATIONS_20260803/t6_plain_downstream_20260804/inference_pkg_lfp/T6/US06/0,${SOURCE_WORKSPACE}/DL/CEMA_CARRIER_FAIRNESS_ABLATIONS_20260803/normalhead_auxoff/runs/lfp/nmc_goal_vcorr_it_train_dst_selector_results/normalauxoff_lfp_gru_normal_t6_holdoutus06_s0123456789_b2048_e200_seed0_sel200_condinv_trainDST25_selected_seed0_ep200_base_test_prediction_rows.csv.gz
LFP,T6,US06,0,20.0,6849,0.5215492320080289,0.5215492391590014,7.1509724808294095e-09,2.978820801136095e-08,True,1e-06,True,${SOURCE_WORKSPACE}/DL/CEMA_CARRIER_FAIRNESS_ABLATIONS_20260803/t6_plain_downstream_20260804/inference_pkg_lfp/T6/US06/0,${SOURCE_WORKSPACE}/DL/CEMA_CARRIER_FAIRNESS_ABLATIONS_20260803/normalhead_auxoff/runs/lfp/nmc_goal_vcorr_it_train_dst_selector_results/normalauxoff_lfp_gru_normal_t6_holdoutus06_s0123456789_b2048_e200_seed0_sel200_condinv_trainDST25_selected_seed0_ep200_base_test_prediction_rows.csv.gz
LFP,T6,US06,0,25.0,6908,0.40619413295027335,0.4061941430949624,1.0144689033264598e-08,2.980194091506405e-08,True,1e-06,True,${SOURCE_WORKSPACE}/DL/CEMA_CARRIER_FAIRNESS_ABLATIONS_20260803/t6_plain_downstream_20260804/inference_pkg_lfp/T6/US06/0,${SOURCE_WORKSPACE}/DL/CEMA_CARRIER_FAIRNESS_ABLATIONS_20260803/normalhead_auxoff/runs/lfp/nmc_goal_vcorr_it_train_dst_selector_results/normalauxoff_lfp_gru_normal_t6_holdoutus06_s0123456789_b2048_e200_seed0_sel200_condinv_trainDST25_selected_seed0_ep200_base_test_prediction_rows.csv.gz
LFP,T6,US06,0,30.0,6953,0.3959710898574151,0.39597108318711344,6.670301644362553e-09,2.9798889134013962e-08,True,1e-06,True,${SOURCE_WORKSPACE}/DL/CEMA_CARRIER_FAIRNESS_ABLATIONS_20260803/t6_plain_downstream_20260804/inference_pkg_lfp/T6/US06/0,${SOURCE_WORKSPACE}/DL/CEMA_CARRIER_FAIRNESS_ABLATIONS_20260803/normalhead_auxoff/runs/lfp/nmc_goal_vcorr_it_train_dst_selector_results/normalauxoff_lfp_gru_normal_t6_holdoutus06_s0123456789_b2048_e200_seed0_sel200_condinv_trainDST25_selected_seed0_ep200_base_test_prediction_rows.csv.gz
LFP,T6,US06,0,40.0,7095,0.34021534192143976,0.3402153529527837,1.1031343949419181e-08,2.980117796980153e-08,True,1e-06,True,${SOURCE_WORKSPACE}/DL/CEMA_CARRIER_FAIRNESS_ABLATIONS_20260803/t6_plain_downstream_20260804/inference_pkg_lfp/T6/US06/0,${SOURCE_WORKSPACE}/DL/CEMA_CARRIER_FAIRNESS_ABLATIONS_20260803/normalhead_auxoff/runs/lfp/nmc_goal_vcorr_it_train_dst_selector_results/normalauxoff_lfp_gru_normal_t6_holdoutus06_s0123456789_b2048_e200_seed0_sel200_condinv_trainDST25_selected_seed0_ep200_base_test_prediction_rows.csv.gz
LFP,T6,US06,0,50.0,7116,0.3253291066979534,0.32532913412029224,2.74223388441186e-08,2.9793548628198607e-08,True,1e-06,True,${SOURCE_WORKSPACE}/DL/CEMA_CARRIER_FAIRNESS_ABLATIONS_20260803/t6_plain_downstream_20260804/inference_pkg_lfp/T6/US06/0,${SOURCE_WORKSPACE}/DL/CEMA_CARRIER_FAIRNESS_ABLATIONS_20260803/normalhead_auxoff/runs/lfp/nmc_goal_vcorr_it_train_dst_selector_results/normalauxoff_lfp_gru_normal_t6_holdoutus06_s0123456789_b2048_e200_seed0_sel200_condinv_trainDST25_selected_seed0_ep200_base_test_prediction_rows.csv.gz
LFP,T6,US06,1,-10.0,5051,2.1809562019839817,2.180956194020986,7.962995596244582e-09,2.9786682120835906e-08,True,1e-06,True,${SOURCE_WORKSPACE}/DL/CEMA_CARRIER_FAIRNESS_ABLATIONS_20260803/t6_plain_downstream_20260804/inference_pkg_lfp/T6/US06/1,${SOURCE_WORKSPACE}/DL/CEMA_CARRIER_FAIRNESS_ABLATIONS_20260803/normalhead_auxoff/runs/lfp/nmc_goal_vcorr_it_train_dst_selector_results/normalauxoff_lfp_gru_normal_t6_holdoutus06_s0123456789_b2048_e200_seed1_sel200_condinv_trainDST25_selected_seed1_ep200_base_test_prediction_rows.csv.gz
LFP,T6,US06,1,0.0,6234,0.9099331249609514,0.9099331213827399,3.578211504873252e-09,9.176385878939541e-08,True,1e-06,True,${SOURCE_WORKSPACE}/DL/CEMA_CARRIER_FAIRNESS_ABLATIONS_20260803/t6_plain_downstream_20260804/inference_pkg_lfp/T6/US06/1,${SOURCE_WORKSPACE}/DL/CEMA_CARRIER_FAIRNESS_ABLATIONS_20260803/normalhead_auxoff/runs/lfp/nmc_goal_vcorr_it_train_dst_selector_results/normalauxoff_lfp_gru_normal_t6_holdoutus06_s0123456789_b2048_e200_seed1_sel200_condinv_trainDST25_selected_seed1_ep200_base_test_prediction_rows.csv.gz
LFP,T6,US06,1,10.0,6727,0.7182486547100284,0.7182486537089341,1.0010943185534416e-09,2.9772186271870282e-08,True,1e-06,True,${SOURCE_WORKSPACE}/DL/CEMA_CARRIER_FAIRNESS_ABLATIONS_20260803/t6_plain_downstream_20260804/inference_pkg_lfp/T6/US06/1,${SOURCE_WORKSPACE}/DL/CEMA_CARRIER_FAIRNESS_ABLATIONS_20260803/normalhead_auxoff/runs/lfp/nmc_goal_vcorr_it_train_dst_selector_results/normalauxoff_lfp_gru_normal_t6_holdoutus06_s0123456789_b2048_e200_seed1_sel200_condinv_trainDST25_selected_seed1_ep200_base_test_prediction_rows.csv.gz
LFP,T6,US06,1,20.0,6849,0.4467414585900443,0.4467414443130384,1.4277005910834362e-08,2.978210444926077e-08,True,1e-06,True,${SOURCE_WORKSPACE}/DL/CEMA_CARRIER_FAIRNESS_ABLATIONS_20260803/t6_plain_downstream_20260804/inference_pkg_lfp/T6/US06/1,${SOURCE_WORKSPACE}/DL/CEMA_CARRIER_FAIRNESS_ABLATIONS_20260803/normalhead_auxoff/runs/lfp/nmc_goal_vcorr_it_train_dst_selector_results/normalauxoff_lfp_gru_normal_t6_holdoutus06_s0123456789_b2048_e200_seed1_sel200_condinv_trainDST25_selected_seed1_ep200_base_test_prediction_rows.csv.gz
LFP,T6,US06,1,25.0,6908,0.37073053220996216,0.37073055105674585,1.884678368924142e-08,2.9790496847148518e-08,True,1e-06,True,${SOURCE_WORKSPACE}/DL/CEMA_CARRIER_FAIRNESS_ABLATIONS_20260803/t6_plain_downstream_20260804/inference_pkg_lfp/T6/US06/1,${SOURCE_WORKSPACE}/DL/CEMA_CARRIER_FAIRNESS_ABLATIONS_20260803/normalhead_auxoff/runs/lfp/nmc_goal_vcorr_it_train_dst_selector_results/normalauxoff_lfp_gru_normal_t6_holdoutus06_s0123456789_b2048_e200_seed1_sel200_condinv_trainDST25_selected_seed1_ep200_base_test_prediction_rows.csv.gz
LFP,T6,US06,1,30.0,6953,0.3331234710343875,0.33312348213720694,1.1102819441610734e-08,2.977142332660776e-08,True,1e-06,True,${SOURCE_WORKSPACE}/DL/CEMA_CARRIER_FAIRNESS_ABLATIONS_20260803/t6_plain_downstream_20260804/inference_pkg_lfp/T6/US06/1,${SOURCE_WORKSPACE}/DL/CEMA_CARRIER_FAIRNESS_ABLATIONS_20260803/normalhead_auxoff/runs/lfp/nmc_goal_vcorr_it_train_dst_selector_results/normalauxoff_lfp_gru_normal_t6_holdoutus06_s0123456789_b2048_e200_seed1_sel200_condinv_trainDST25_selected_seed1_ep200_base_test_prediction_rows.csv.gz
LFP,T6,US06,1,40.0,7095,0.34566767238419116,0.34566768370683576,1.1322644599687237e-08,2.979125979241104e-08,True,1e-06,True,${SOURCE_WORKSPACE}/DL/CEMA_CARRIER_FAIRNESS_ABLATIONS_20260803/t6_plain_downstream_20260804/inference_pkg_lfp/T6/US06/1,${SOURCE_WORKSPACE}/DL/CEMA_CARRIER_FAIRNESS_ABLATIONS_20260803/normalhead_auxoff/runs/lfp/nmc_goal_vcorr_it_train_dst_selector_results/normalauxoff_lfp_gru_normal_t6_holdoutus06_s0123456789_b2048_e200_seed1_sel200_condinv_trainDST25_selected_seed1_ep200_base_test_prediction_rows.csv.gz
LFP,T6,US06,1,50.0,7116,0.3823346436582241,0.382334640851602,2.8066221013922643e-09,2.9790496847148518e-08,True,1e-06,True,${SOURCE_WORKSPACE}/DL/CEMA_CARRIER_FAIRNESS_ABLATIONS_20260803/t6_plain_downstream_20260804/inference_pkg_lfp/T6/US06/1,${SOURCE_WORKSPACE}/DL/CEMA_CARRIER_FAIRNESS_ABLATIONS_20260803/normalhead_auxoff/runs/lfp/nmc_goal_vcorr_it_train_dst_selector_results/normalauxoff_lfp_gru_normal_t6_holdoutus06_s0123456789_b2048_e200_seed1_sel200_condinv_trainDST25_selected_seed1_ep200_base_test_prediction_rows.csv.gz
LFP,T6,US06,2,-10.0,5051,2.095747998263462,2.0957479873292417,1.093422019593504e-08,2.9752349806067002e-08,True,1e-06,True,${SOURCE_WORKSPACE}/DL/CEMA_CARRIER_FAIRNESS_ABLATIONS_20260803/t6_plain_downstream_20260804/inference_pkg_lfp/T6/US06/2,${SOURCE_WORKSPACE}/DL/CEMA_CARRIER_FAIRNESS_ABLATIONS_20260803/normalhead_auxoff/runs/lfp/nmc_goal_vcorr_it_train_dst_selector_results/normalauxoff_lfp_gru_normal_t6_holdoutus06_s0123456789_b2048_e200_seed2_sel200_condinv_trainDST25_selected_seed2_ep200_base_test_prediction_rows.csv.gz
LFP,T6,US06,2,0.0,6234,0.9368434291966445,0.9368434279274945,1.2691500073103157e-09,5.493186951144313e-08,True,1e-06,True,${SOURCE_WORKSPACE}/DL/CEMA_CARRIER_FAIRNESS_ABLATIONS_20260803/t6_plain_downstream_20260804/inference_pkg_lfp/T6/US06/2,${SOURCE_WORKSPACE}/DL/CEMA_CARRIER_FAIRNESS_ABLATIONS_20260803/normalhead_auxoff/runs/lfp/nmc_goal_vcorr_it_train_dst_selector_results/normalauxoff_lfp_gru_normal_t6_holdoutus06_s0123456789_b2048_e200_seed2_sel200_condinv_trainDST25_selected_seed2_ep200_base_test_prediction_rows.csv.gz
LFP,T6,US06,2,10.0,6727,0.6134577809360848,0.6134577929091719,1.1973087077343791e-08,2.9793548628198607e-08,True,1e-06,True,${SOURCE_WORKSPACE}/DL/CEMA_CARRIER_FAIRNESS_ABLATIONS_20260803/t6_plain_downstream_20260804/inference_pkg_lfp/T6/US06/2,${SOURCE_WORKSPACE}/DL/CEMA_CARRIER_FAIRNESS_ABLATIONS_20260803/normalhead_auxoff/runs/lfp/nmc_goal_vcorr_it_train_dst_selector_results/normalauxoff_lfp_gru_normal_t6_holdoutus06_s0123456789_b2048_e200_seed2_sel200_condinv_trainDST25_selected_seed2_ep200_base_test_prediction_rows.csv.gz
LFP,T6,US06,2,20.0,6849,0.43510716984320247,0.43510716568842167,4.154780797183122e-09,2.9769134490820193e-08,True,1e-06,True,${SOURCE_WORKSPACE}/DL/CEMA_CARRIER_FAIRNESS_ABLATIONS_20260803/t6_plain_downstream_20260804/inference_pkg_lfp/T6/US06/2,${SOURCE_WORKSPACE}/DL/CEMA_CARRIER_FAIRNESS_ABLATIONS_20260803/normalhead_auxoff/runs/lfp/nmc_goal_vcorr_it_train_dst_selector_results/normalauxoff_lfp_gru_normal_t6_holdoutus06_s0123456789_b2048_e200_seed2_sel200_condinv_trainDST25_selected_seed2_ep200_base_test_prediction_rows.csv.gz
LFP,T6,US06,2,25.0,6908,0.31828513396316427,0.3182851401129126,6.149748321693238e-09,2.9789733901885995e-08,True,1e-06,True,${SOURCE_WORKSPACE}/DL/CEMA_CARRIER_FAIRNESS_ABLATIONS_20260803/t6_plain_downstream_20260804/inference_pkg_lfp/T6/US06/2,${SOURCE_WORKSPACE}/DL/CEMA_CARRIER_FAIRNESS_ABLATIONS_20260803/normalhead_auxoff/runs/lfp/nmc_goal_vcorr_it_train_dst_selector_results/normalauxoff_lfp_gru_normal_t6_holdoutus06_s0123456789_b2048_e200_seed2_sel200_condinv_trainDST25_selected_seed2_ep200_base_test_prediction_rows.csv.gz
LFP,T6,US06,2,30.0,6953,0.33467704175014207,0.3346770524809434,1.0730801358604936e-08,2.9782867394523294e-08,True,1e-06,True,${SOURCE_WORKSPACE}/DL/CEMA_CARRIER_FAIRNESS_ABLATIONS_20260803/t6_plain_downstream_20260804/inference_pkg_lfp/T6/US06/2,${SOURCE_WORKSPACE}/DL/CEMA_CARRIER_FAIRNESS_ABLATIONS_20260803/normalhead_auxoff/runs/lfp/nmc_goal_vcorr_it_train_dst_selector_results/normalauxoff_lfp_gru_normal_t6_holdoutus06_s0123456789_b2048_e200_seed2_sel200_condinv_trainDST25_selected_seed2_ep200_base_test_prediction_rows.csv.gz
LFP,T6,US06,2,40.0,7095,0.3450409686906304,0.3450409754897815,6.799151130998382e-09,2.9782867394523294e-08,True,1e-06,True,${SOURCE_WORKSPACE}/DL/CEMA_CARRIER_FAIRNESS_ABLATIONS_20260803/t6_plain_downstream_20260804/inference_pkg_lfp/T6/US06/2,${SOURCE_WORKSPACE}/DL/CEMA_CARRIER_FAIRNESS_ABLATIONS_20260803/normalhead_auxoff/runs/lfp/nmc_goal_vcorr_it_train_dst_selector_results/normalauxoff_lfp_gru_normal_t6_holdoutus06_s0123456789_b2048_e200_seed2_sel200_condinv_trainDST25_selected_seed2_ep200_base_test_prediction_rows.csv.gz
LFP,T6,US06,2,50.0,7116,0.43355667506658246,0.43355667480326027,2.6332219738023355e-10,2.9752349806067002e-08,True,1e-06,True,${SOURCE_WORKSPACE}/DL/CEMA_CARRIER_FAIRNESS_ABLATIONS_20260803/t6_plain_downstream_20260804/inference_pkg_lfp/T6/US06/2,${SOURCE_WORKSPACE}/DL/CEMA_CARRIER_FAIRNESS_ABLATIONS_20260803/normalhead_auxoff/runs/lfp/nmc_goal_vcorr_it_train_dst_selector_results/normalauxoff_lfp_gru_normal_t6_holdoutus06_s0123456789_b2048_e200_seed2_sel200_condinv_trainDST25_selected_seed2_ep200_base_test_prediction_rows.csv.gz
