chemistry,feature,fold,seed,onnx_file,sha256,opset,static_shape,rewrites_applied,graph_kind,operations
NMC,G4,DST,0,onnx/nmc_g4_dst_s0_static.onnx,b8c740409682949af08cabbc76e5f20819ddfedf39f976bdaf7e81b23bb86e56,17,"[1, 50, 17]",none,static,"{""Add"": 7, ""Clip"": 1, ""Concat"": 1, ""Constant"": 10, ""Expand"": 1, ""GRU"": 1, ""Gather"": 3, ""LayerNormalization"": 3, ""MatMul"": 6, ""Mul"": 5, ""Shape"": 1, ""Sigmoid"": 5, ""Squeeze"": 1, ""Tanh"": 1, ""Transpose"": 2, ""Unsqueeze"": 1}"
NMC,G4,DST,0,onnx/nmc_g4_dst_s0_dynamic.onnx,7cda5a417403e0513757b07024845a1f56c4eefe10fdfa2d8f3d580121745769,17,batch_dynamic,none,dynamic_batch,"{""Add"": 7, ""Clip"": 1, ""Concat"": 1, ""Constant"": 10, ""Expand"": 1, ""GRU"": 1, ""Gather"": 3, ""LayerNormalization"": 3, ""MatMul"": 6, ""Mul"": 5, ""Shape"": 1, ""Sigmoid"": 5, ""Squeeze"": 1, ""Tanh"": 1, ""Transpose"": 2, ""Unsqueeze"": 1}"
NMC,G4,DST,1,onnx/nmc_g4_dst_s1_static.onnx,e58443e75782aba14f0ac4aa8da5f16f16436c23744b5af68948b172e54d29cf,17,"[1, 50, 17]",none,static,"{""Add"": 7, ""Clip"": 1, ""Concat"": 1, ""Constant"": 10, ""Expand"": 1, ""GRU"": 1, ""Gather"": 3, ""LayerNormalization"": 3, ""MatMul"": 6, ""Mul"": 5, ""Shape"": 1, ""Sigmoid"": 5, ""Squeeze"": 1, ""Tanh"": 1, ""Transpose"": 2, ""Unsqueeze"": 1}"
NMC,G4,DST,1,onnx/nmc_g4_dst_s1_dynamic.onnx,eb7545f06fbdb27b5e96be150cc48f5d87678ec583217284a46f6d1a265f2e25,17,batch_dynamic,none,dynamic_batch,"{""Add"": 7, ""Clip"": 1, ""Concat"": 1, ""Constant"": 10, ""Expand"": 1, ""GRU"": 1, ""Gather"": 3, ""LayerNormalization"": 3, ""MatMul"": 6, ""Mul"": 5, ""Shape"": 1, ""Sigmoid"": 5, ""Squeeze"": 1, ""Tanh"": 1, ""Transpose"": 2, ""Unsqueeze"": 1}"
NMC,G4,DST,2,onnx/nmc_g4_dst_s2_static.onnx,8239dcedf4f98718c368cc4d45833c39b5d35bf8c37e6836e491d3bf00668c0a,17,"[1, 50, 17]",none,static,"{""Add"": 7, ""Clip"": 1, ""Concat"": 1, ""Constant"": 10, ""Expand"": 1, ""GRU"": 1, ""Gather"": 3, ""LayerNormalization"": 3, ""MatMul"": 6, ""Mul"": 5, ""Shape"": 1, ""Sigmoid"": 5, ""Squeeze"": 1, ""Tanh"": 1, ""Transpose"": 2, ""Unsqueeze"": 1}"
NMC,G4,DST,2,onnx/nmc_g4_dst_s2_dynamic.onnx,6937fb46a76e18618d789747d4f85863340591d3a87b236ba1f49ee120918fba,17,batch_dynamic,none,dynamic_batch,"{""Add"": 7, ""Clip"": 1, ""Concat"": 1, ""Constant"": 10, ""Expand"": 1, ""GRU"": 1, ""Gather"": 3, ""LayerNormalization"": 3, ""MatMul"": 6, ""Mul"": 5, ""Shape"": 1, ""Sigmoid"": 5, ""Squeeze"": 1, ""Tanh"": 1, ""Transpose"": 2, ""Unsqueeze"": 1}"
NMC,G4,FUDS,0,onnx/nmc_g4_fuds_s0_static.onnx,968938b7a1729e816f33396974eaeaeee554070808004fdb71d926d3c4fea254,17,"[1, 50, 17]",none,static,"{""Add"": 7, ""Clip"": 1, ""Concat"": 1, ""Constant"": 10, ""Expand"": 1, ""GRU"": 1, ""Gather"": 3, ""LayerNormalization"": 3, ""MatMul"": 6, ""Mul"": 5, ""Shape"": 1, ""Sigmoid"": 5, ""Squeeze"": 1, ""Tanh"": 1, ""Transpose"": 2, ""Unsqueeze"": 1}"
NMC,G4,FUDS,0,onnx/nmc_g4_fuds_s0_dynamic.onnx,33882c5e542253c25f4c9ba4a5ee8a8fd4b24b11ee06419badcf3121a3de4ca1,17,batch_dynamic,none,dynamic_batch,"{""Add"": 7, ""Clip"": 1, ""Concat"": 1, ""Constant"": 10, ""Expand"": 1, ""GRU"": 1, ""Gather"": 3, ""LayerNormalization"": 3, ""MatMul"": 6, ""Mul"": 5, ""Shape"": 1, ""Sigmoid"": 5, ""Squeeze"": 1, ""Tanh"": 1, ""Transpose"": 2, ""Unsqueeze"": 1}"
NMC,G4,FUDS,1,onnx/nmc_g4_fuds_s1_static.onnx,b3c53e94fe2cb5a237729542ae300e750fcb83595e4d95c2ebb4ea57e5d18409,17,"[1, 50, 17]",none,static,"{""Add"": 7, ""Clip"": 1, ""Concat"": 1, ""Constant"": 10, ""Expand"": 1, ""GRU"": 1, ""Gather"": 3, ""LayerNormalization"": 3, ""MatMul"": 6, ""Mul"": 5, ""Shape"": 1, ""Sigmoid"": 5, ""Squeeze"": 1, ""Tanh"": 1, ""Transpose"": 2, ""Unsqueeze"": 1}"
NMC,G4,FUDS,1,onnx/nmc_g4_fuds_s1_dynamic.onnx,9625b6cd1b788291fdc07f55c40f0d8fac0f6ae29a51f6a926ae075c82dca533,17,batch_dynamic,none,dynamic_batch,"{""Add"": 7, ""Clip"": 1, ""Concat"": 1, ""Constant"": 10, ""Expand"": 1, ""GRU"": 1, ""Gather"": 3, ""LayerNormalization"": 3, ""MatMul"": 6, ""Mul"": 5, ""Shape"": 1, ""Sigmoid"": 5, ""Squeeze"": 1, ""Tanh"": 1, ""Transpose"": 2, ""Unsqueeze"": 1}"
NMC,G4,FUDS,2,onnx/nmc_g4_fuds_s2_static.onnx,440f686ac8ae3eb734245b1481b3b6b34d423afdd05ca531d88d90e88b8615aa,17,"[1, 50, 17]",none,static,"{""Add"": 7, ""Clip"": 1, ""Concat"": 1, ""Constant"": 10, ""Expand"": 1, ""GRU"": 1, ""Gather"": 3, ""LayerNormalization"": 3, ""MatMul"": 6, ""Mul"": 5, ""Shape"": 1, ""Sigmoid"": 5, ""Squeeze"": 1, ""Tanh"": 1, ""Transpose"": 2, ""Unsqueeze"": 1}"
NMC,G4,FUDS,2,onnx/nmc_g4_fuds_s2_dynamic.onnx,ca4019f144161aca805786d030bf3cda341b2a4ad29231542006e29625a4c219,17,batch_dynamic,none,dynamic_batch,"{""Add"": 7, ""Clip"": 1, ""Concat"": 1, ""Constant"": 10, ""Expand"": 1, ""GRU"": 1, ""Gather"": 3, ""LayerNormalization"": 3, ""MatMul"": 6, ""Mul"": 5, ""Shape"": 1, ""Sigmoid"": 5, ""Squeeze"": 1, ""Tanh"": 1, ""Transpose"": 2, ""Unsqueeze"": 1}"
NMC,G4,US06,0,onnx/nmc_g4_us06_s0_static.onnx,6600495f62448c4ebfe0d4c3202b9a1c5f9b5748a2105377ca8b6f369a729d8d,17,"[1, 50, 17]",none,static,"{""Add"": 7, ""Clip"": 1, ""Concat"": 1, ""Constant"": 10, ""Expand"": 1, ""GRU"": 1, ""Gather"": 3, ""LayerNormalization"": 3, ""MatMul"": 6, ""Mul"": 5, ""Shape"": 1, ""Sigmoid"": 5, ""Squeeze"": 1, ""Tanh"": 1, ""Transpose"": 2, ""Unsqueeze"": 1}"
NMC,G4,US06,0,onnx/nmc_g4_us06_s0_dynamic.onnx,1c8a9d3d9186433448d3b6e979ff415aed3d4eca59dbae74d972fdf5d1bbf947,17,batch_dynamic,none,dynamic_batch,"{""Add"": 7, ""Clip"": 1, ""Concat"": 1, ""Constant"": 10, ""Expand"": 1, ""GRU"": 1, ""Gather"": 3, ""LayerNormalization"": 3, ""MatMul"": 6, ""Mul"": 5, ""Shape"": 1, ""Sigmoid"": 5, ""Squeeze"": 1, ""Tanh"": 1, ""Transpose"": 2, ""Unsqueeze"": 1}"
NMC,G4,US06,1,onnx/nmc_g4_us06_s1_static.onnx,2dbe95adad91be6a21379a3da939f21e7a987be3a5f64418ff04edbecab78ea8,17,"[1, 50, 17]",none,static,"{""Add"": 7, ""Clip"": 1, ""Concat"": 1, ""Constant"": 10, ""Expand"": 1, ""GRU"": 1, ""Gather"": 3, ""LayerNormalization"": 3, ""MatMul"": 6, ""Mul"": 5, ""Shape"": 1, ""Sigmoid"": 5, ""Squeeze"": 1, ""Tanh"": 1, ""Transpose"": 2, ""Unsqueeze"": 1}"
NMC,G4,US06,1,onnx/nmc_g4_us06_s1_dynamic.onnx,0e4021b312d469e74e1c87aac2761a93ee7d63b03ec1359fa6729054cd8a4419,17,batch_dynamic,none,dynamic_batch,"{""Add"": 7, ""Clip"": 1, ""Concat"": 1, ""Constant"": 10, ""Expand"": 1, ""GRU"": 1, ""Gather"": 3, ""LayerNormalization"": 3, ""MatMul"": 6, ""Mul"": 5, ""Shape"": 1, ""Sigmoid"": 5, ""Squeeze"": 1, ""Tanh"": 1, ""Transpose"": 2, ""Unsqueeze"": 1}"
NMC,G4,US06,2,onnx/nmc_g4_us06_s2_static.onnx,13346f6464e911835a9cf8c9671e099f0691dc3a645801b2939b9021dcf154d4,17,"[1, 50, 17]",none,static,"{""Add"": 7, ""Clip"": 1, ""Concat"": 1, ""Constant"": 10, ""Expand"": 1, ""GRU"": 1, ""Gather"": 3, ""LayerNormalization"": 3, ""MatMul"": 6, ""Mul"": 5, ""Shape"": 1, ""Sigmoid"": 5, ""Squeeze"": 1, ""Tanh"": 1, ""Transpose"": 2, ""Unsqueeze"": 1}"
NMC,G4,US06,2,onnx/nmc_g4_us06_s2_dynamic.onnx,151ae802a81d07d49c8888b05e4d7137e0fd099cdbf9d73e1160c74acc8a049e,17,batch_dynamic,none,dynamic_batch,"{""Add"": 7, ""Clip"": 1, ""Concat"": 1, ""Constant"": 10, ""Expand"": 1, ""GRU"": 1, ""Gather"": 3, ""LayerNormalization"": 3, ""MatMul"": 6, ""Mul"": 5, ""Shape"": 1, ""Sigmoid"": 5, ""Squeeze"": 1, ""Tanh"": 1, ""Transpose"": 2, ""Unsqueeze"": 1}"
NMC,T6,DST,0,onnx/nmc_t6_dst_s0_static.onnx,7a967f5147f1ffbcefda8862fbadb3d201755666f29122f978298541ec633e81,17,"[1, 50, 9]",none,static,"{""Add"": 7, ""Clip"": 1, ""Concat"": 1, ""Constant"": 10, ""Expand"": 1, ""GRU"": 1, ""Gather"": 3, ""LayerNormalization"": 3, ""MatMul"": 6, ""Mul"": 5, ""Shape"": 1, ""Sigmoid"": 5, ""Squeeze"": 1, ""Tanh"": 1, ""Transpose"": 2, ""Unsqueeze"": 1}"
NMC,T6,DST,0,onnx/nmc_t6_dst_s0_dynamic.onnx,f16a4b52333748651be8bbad9bab2951c9b809adb9bdd85e7e7504a542486527,17,batch_dynamic,none,dynamic_batch,"{""Add"": 7, ""Clip"": 1, ""Concat"": 1, ""Constant"": 10, ""Expand"": 1, ""GRU"": 1, ""Gather"": 3, ""LayerNormalization"": 3, ""MatMul"": 6, ""Mul"": 5, ""Shape"": 1, ""Sigmoid"": 5, ""Squeeze"": 1, ""Tanh"": 1, ""Transpose"": 2, ""Unsqueeze"": 1}"
NMC,T6,DST,1,onnx/nmc_t6_dst_s1_static.onnx,b0ad2ee4ac0916aa33b3b59411cca112b5a4323dc0c056e773813cdbc83ddb2d,17,"[1, 50, 9]",none,static,"{""Add"": 7, ""Clip"": 1, ""Concat"": 1, ""Constant"": 10, ""Expand"": 1, ""GRU"": 1, ""Gather"": 3, ""LayerNormalization"": 3, ""MatMul"": 6, ""Mul"": 5, ""Shape"": 1, ""Sigmoid"": 5, ""Squeeze"": 1, ""Tanh"": 1, ""Transpose"": 2, ""Unsqueeze"": 1}"
NMC,T6,DST,1,onnx/nmc_t6_dst_s1_dynamic.onnx,7db3968251fce8abe14aff4ce52e0c0c0ead2d713c6f00eb46f147fbd6de74bc,17,batch_dynamic,none,dynamic_batch,"{""Add"": 7, ""Clip"": 1, ""Concat"": 1, ""Constant"": 10, ""Expand"": 1, ""GRU"": 1, ""Gather"": 3, ""LayerNormalization"": 3, ""MatMul"": 6, ""Mul"": 5, ""Shape"": 1, ""Sigmoid"": 5, ""Squeeze"": 1, ""Tanh"": 1, ""Transpose"": 2, ""Unsqueeze"": 1}"
NMC,T6,DST,2,onnx/nmc_t6_dst_s2_static.onnx,503251f25eb7310093920d96f5c09de5aa3fd9b2aface4600e78be75538601c2,17,"[1, 50, 9]",none,static,"{""Add"": 7, ""Clip"": 1, ""Concat"": 1, ""Constant"": 10, ""Expand"": 1, ""GRU"": 1, ""Gather"": 3, ""LayerNormalization"": 3, ""MatMul"": 6, ""Mul"": 5, ""Shape"": 1, ""Sigmoid"": 5, ""Squeeze"": 1, ""Tanh"": 1, ""Transpose"": 2, ""Unsqueeze"": 1}"
NMC,T6,DST,2,onnx/nmc_t6_dst_s2_dynamic.onnx,7aab34e38d5e7d6aed83b2bafd8d121df6fd522c79ed563aec1ea1490f1625d1,17,batch_dynamic,none,dynamic_batch,"{""Add"": 7, ""Clip"": 1, ""Concat"": 1, ""Constant"": 10, ""Expand"": 1, ""GRU"": 1, ""Gather"": 3, ""LayerNormalization"": 3, ""MatMul"": 6, ""Mul"": 5, ""Shape"": 1, ""Sigmoid"": 5, ""Squeeze"": 1, ""Tanh"": 1, ""Transpose"": 2, ""Unsqueeze"": 1}"
NMC,T6,FUDS,0,onnx/nmc_t6_fuds_s0_static.onnx,fb838c891a57f143d966c3635d55c7ef1f49232153786fc6be9e7e8d3366f232,17,"[1, 50, 9]",none,static,"{""Add"": 7, ""Clip"": 1, ""Concat"": 1, ""Constant"": 10, ""Expand"": 1, ""GRU"": 1, ""Gather"": 3, ""LayerNormalization"": 3, ""MatMul"": 6, ""Mul"": 5, ""Shape"": 1, ""Sigmoid"": 5, ""Squeeze"": 1, ""Tanh"": 1, ""Transpose"": 2, ""Unsqueeze"": 1}"
NMC,T6,FUDS,0,onnx/nmc_t6_fuds_s0_dynamic.onnx,1c4641361b53b5a8642b565c83d32c03d40dcc6230c8e6d9d075de27848281fe,17,batch_dynamic,none,dynamic_batch,"{""Add"": 7, ""Clip"": 1, ""Concat"": 1, ""Constant"": 10, ""Expand"": 1, ""GRU"": 1, ""Gather"": 3, ""LayerNormalization"": 3, ""MatMul"": 6, ""Mul"": 5, ""Shape"": 1, ""Sigmoid"": 5, ""Squeeze"": 1, ""Tanh"": 1, ""Transpose"": 2, ""Unsqueeze"": 1}"
NMC,T6,FUDS,1,onnx/nmc_t6_fuds_s1_static.onnx,dd4fc3fac4c96def12b2a9bd9d4a2355eb013a0ea8ae2fedafde203eb3db8d9a,17,"[1, 50, 9]",none,static,"{""Add"": 7, ""Clip"": 1, ""Concat"": 1, ""Constant"": 10, ""Expand"": 1, ""GRU"": 1, ""Gather"": 3, ""LayerNormalization"": 3, ""MatMul"": 6, ""Mul"": 5, ""Shape"": 1, ""Sigmoid"": 5, ""Squeeze"": 1, ""Tanh"": 1, ""Transpose"": 2, ""Unsqueeze"": 1}"
NMC,T6,FUDS,1,onnx/nmc_t6_fuds_s1_dynamic.onnx,bdfecd64cde88576de5be08e187435d4318d3247c4befceb6dfda3923c68047d,17,batch_dynamic,none,dynamic_batch,"{""Add"": 7, ""Clip"": 1, ""Concat"": 1, ""Constant"": 10, ""Expand"": 1, ""GRU"": 1, ""Gather"": 3, ""LayerNormalization"": 3, ""MatMul"": 6, ""Mul"": 5, ""Shape"": 1, ""Sigmoid"": 5, ""Squeeze"": 1, ""Tanh"": 1, ""Transpose"": 2, ""Unsqueeze"": 1}"
NMC,T6,FUDS,2,onnx/nmc_t6_fuds_s2_static.onnx,6003ccee599761cce7af1f00ce615611f67bd236094e30cbfbc28a38797405a4,17,"[1, 50, 9]",none,static,"{""Add"": 7, ""Clip"": 1, ""Concat"": 1, ""Constant"": 10, ""Expand"": 1, ""GRU"": 1, ""Gather"": 3, ""LayerNormalization"": 3, ""MatMul"": 6, ""Mul"": 5, ""Shape"": 1, ""Sigmoid"": 5, ""Squeeze"": 1, ""Tanh"": 1, ""Transpose"": 2, ""Unsqueeze"": 1}"
NMC,T6,FUDS,2,onnx/nmc_t6_fuds_s2_dynamic.onnx,dd4e3e1e93c1bc4e01090e3e5849d9b1c5cd24db9e0078c0e500ce06f537e602,17,batch_dynamic,none,dynamic_batch,"{""Add"": 7, ""Clip"": 1, ""Concat"": 1, ""Constant"": 10, ""Expand"": 1, ""GRU"": 1, ""Gather"": 3, ""LayerNormalization"": 3, ""MatMul"": 6, ""Mul"": 5, ""Shape"": 1, ""Sigmoid"": 5, ""Squeeze"": 1, ""Tanh"": 1, ""Transpose"": 2, ""Unsqueeze"": 1}"
NMC,T6,US06,0,onnx/nmc_t6_us06_s0_static.onnx,40136588f17d65b424c480b1f9356c955a03c653637cfb166d3b9cd57178b865,17,"[1, 50, 9]",none,static,"{""Add"": 7, ""Clip"": 1, ""Concat"": 1, ""Constant"": 10, ""Expand"": 1, ""GRU"": 1, ""Gather"": 3, ""LayerNormalization"": 3, ""MatMul"": 6, ""Mul"": 5, ""Shape"": 1, ""Sigmoid"": 5, ""Squeeze"": 1, ""Tanh"": 1, ""Transpose"": 2, ""Unsqueeze"": 1}"
NMC,T6,US06,0,onnx/nmc_t6_us06_s0_dynamic.onnx,8777e034d6678ffec2632ec5d257a0488b1f7100767cb70cb8419179ae230341,17,batch_dynamic,none,dynamic_batch,"{""Add"": 7, ""Clip"": 1, ""Concat"": 1, ""Constant"": 10, ""Expand"": 1, ""GRU"": 1, ""Gather"": 3, ""LayerNormalization"": 3, ""MatMul"": 6, ""Mul"": 5, ""Shape"": 1, ""Sigmoid"": 5, ""Squeeze"": 1, ""Tanh"": 1, ""Transpose"": 2, ""Unsqueeze"": 1}"
NMC,T6,US06,1,onnx/nmc_t6_us06_s1_static.onnx,afb6067001791cd3a86204039aed29b3273bb1a1d9626bd55939047d9e0b0593,17,"[1, 50, 9]",none,static,"{""Add"": 7, ""Clip"": 1, ""Concat"": 1, ""Constant"": 10, ""Expand"": 1, ""GRU"": 1, ""Gather"": 3, ""LayerNormalization"": 3, ""MatMul"": 6, ""Mul"": 5, ""Shape"": 1, ""Sigmoid"": 5, ""Squeeze"": 1, ""Tanh"": 1, ""Transpose"": 2, ""Unsqueeze"": 1}"
NMC,T6,US06,1,onnx/nmc_t6_us06_s1_dynamic.onnx,19d88d18002234752768096898f2c9558ab08d029a7435dff9839a8042f47c51,17,batch_dynamic,none,dynamic_batch,"{""Add"": 7, ""Clip"": 1, ""Concat"": 1, ""Constant"": 10, ""Expand"": 1, ""GRU"": 1, ""Gather"": 3, ""LayerNormalization"": 3, ""MatMul"": 6, ""Mul"": 5, ""Shape"": 1, ""Sigmoid"": 5, ""Squeeze"": 1, ""Tanh"": 1, ""Transpose"": 2, ""Unsqueeze"": 1}"
NMC,T6,US06,2,onnx/nmc_t6_us06_s2_static.onnx,dfa97c90c8baa1d7b648b4b86b362236d3c889b2276abea4a7ab35b29aa8e480,17,"[1, 50, 9]",none,static,"{""Add"": 7, ""Clip"": 1, ""Concat"": 1, ""Constant"": 10, ""Expand"": 1, ""GRU"": 1, ""Gather"": 3, ""LayerNormalization"": 3, ""MatMul"": 6, ""Mul"": 5, ""Shape"": 1, ""Sigmoid"": 5, ""Squeeze"": 1, ""Tanh"": 1, ""Transpose"": 2, ""Unsqueeze"": 1}"
NMC,T6,US06,2,onnx/nmc_t6_us06_s2_dynamic.onnx,e4d73777102f981bde5e3cff12e377eb95b600ee667afc4552705e147485dd0b,17,batch_dynamic,none,dynamic_batch,"{""Add"": 7, ""Clip"": 1, ""Concat"": 1, ""Constant"": 10, ""Expand"": 1, ""GRU"": 1, ""Gather"": 3, ""LayerNormalization"": 3, ""MatMul"": 6, ""Mul"": 5, ""Shape"": 1, ""Sigmoid"": 5, ""Squeeze"": 1, ""Tanh"": 1, ""Transpose"": 2, ""Unsqueeze"": 1}"
LFP,G4,DST,0,onnx/lfp_g4_dst_s0_static.onnx,fecaf1bf7588af8ce6763c626f16457ec503d9d5bacba350c1d8eb1c6295a56e,17,"[1, 50, 17]",none,static,"{""Add"": 7, ""Clip"": 1, ""Concat"": 1, ""Constant"": 10, ""Expand"": 1, ""GRU"": 1, ""Gather"": 3, ""LayerNormalization"": 3, ""MatMul"": 6, ""Mul"": 5, ""Shape"": 1, ""Sigmoid"": 5, ""Squeeze"": 1, ""Tanh"": 1, ""Transpose"": 2, ""Unsqueeze"": 1}"
LFP,G4,DST,0,onnx/lfp_g4_dst_s0_dynamic.onnx,2c7db4ac7e9099073e0ed07667f3e45654bce233f1c8af796a0bcc4f0373406b,17,batch_dynamic,none,dynamic_batch,"{""Add"": 7, ""Clip"": 1, ""Concat"": 1, ""Constant"": 10, ""Expand"": 1, ""GRU"": 1, ""Gather"": 3, ""LayerNormalization"": 3, ""MatMul"": 6, ""Mul"": 5, ""Shape"": 1, ""Sigmoid"": 5, ""Squeeze"": 1, ""Tanh"": 1, ""Transpose"": 2, ""Unsqueeze"": 1}"
LFP,G4,DST,1,onnx/lfp_g4_dst_s1_static.onnx,eb8e76b6e235bb840673acb01a719603b19caee144d4f5386088042c901f7069,17,"[1, 50, 17]",none,static,"{""Add"": 7, ""Clip"": 1, ""Concat"": 1, ""Constant"": 10, ""Expand"": 1, ""GRU"": 1, ""Gather"": 3, ""LayerNormalization"": 3, ""MatMul"": 6, ""Mul"": 5, ""Shape"": 1, ""Sigmoid"": 5, ""Squeeze"": 1, ""Tanh"": 1, ""Transpose"": 2, ""Unsqueeze"": 1}"
LFP,G4,DST,1,onnx/lfp_g4_dst_s1_dynamic.onnx,48de2c51b469a16629f9183d5f38391a58eaaf67a6edb3e32786d51b9419fcf4,17,batch_dynamic,none,dynamic_batch,"{""Add"": 7, ""Clip"": 1, ""Concat"": 1, ""Constant"": 10, ""Expand"": 1, ""GRU"": 1, ""Gather"": 3, ""LayerNormalization"": 3, ""MatMul"": 6, ""Mul"": 5, ""Shape"": 1, ""Sigmoid"": 5, ""Squeeze"": 1, ""Tanh"": 1, ""Transpose"": 2, ""Unsqueeze"": 1}"
LFP,G4,DST,2,onnx/lfp_g4_dst_s2_static.onnx,52bc84cae1d2e0bb034bc2b32a4863ed4c748f3cafd2f74cb159900aed34ab22,17,"[1, 50, 17]",none,static,"{""Add"": 7, ""Clip"": 1, ""Concat"": 1, ""Constant"": 10, ""Expand"": 1, ""GRU"": 1, ""Gather"": 3, ""LayerNormalization"": 3, ""MatMul"": 6, ""Mul"": 5, ""Shape"": 1, ""Sigmoid"": 5, ""Squeeze"": 1, ""Tanh"": 1, ""Transpose"": 2, ""Unsqueeze"": 1}"
LFP,G4,DST,2,onnx/lfp_g4_dst_s2_dynamic.onnx,a5f4850ccb84f514702ad6a4ab4c2d3c59096bd1b59a81aeebb0b604d4b4dbc9,17,batch_dynamic,none,dynamic_batch,"{""Add"": 7, ""Clip"": 1, ""Concat"": 1, ""Constant"": 10, ""Expand"": 1, ""GRU"": 1, ""Gather"": 3, ""LayerNormalization"": 3, ""MatMul"": 6, ""Mul"": 5, ""Shape"": 1, ""Sigmoid"": 5, ""Squeeze"": 1, ""Tanh"": 1, ""Transpose"": 2, ""Unsqueeze"": 1}"
LFP,G4,FUDS,0,onnx/lfp_g4_fuds_s0_static.onnx,a8c005f8c4a3b20324a3c2a353df6d37c941154190a4ae999ec0d852deeb58a4,17,"[1, 50, 17]",none,static,"{""Add"": 7, ""Clip"": 1, ""Concat"": 1, ""Constant"": 10, ""Expand"": 1, ""GRU"": 1, ""Gather"": 3, ""LayerNormalization"": 3, ""MatMul"": 6, ""Mul"": 5, ""Shape"": 1, ""Sigmoid"": 5, ""Squeeze"": 1, ""Tanh"": 1, ""Transpose"": 2, ""Unsqueeze"": 1}"
LFP,G4,FUDS,0,onnx/lfp_g4_fuds_s0_dynamic.onnx,c5bf2c013fc4d00ae5a43ad29ab8eae816f02a35f327cc1bea64fa0865650525,17,batch_dynamic,none,dynamic_batch,"{""Add"": 7, ""Clip"": 1, ""Concat"": 1, ""Constant"": 10, ""Expand"": 1, ""GRU"": 1, ""Gather"": 3, ""LayerNormalization"": 3, ""MatMul"": 6, ""Mul"": 5, ""Shape"": 1, ""Sigmoid"": 5, ""Squeeze"": 1, ""Tanh"": 1, ""Transpose"": 2, ""Unsqueeze"": 1}"
LFP,G4,FUDS,1,onnx/lfp_g4_fuds_s1_static.onnx,e08f8aae620656648c7392ccef087694a3d1b71793f4eb89f2f1867688bb90a3,17,"[1, 50, 17]",none,static,"{""Add"": 7, ""Clip"": 1, ""Concat"": 1, ""Constant"": 10, ""Expand"": 1, ""GRU"": 1, ""Gather"": 3, ""LayerNormalization"": 3, ""MatMul"": 6, ""Mul"": 5, ""Shape"": 1, ""Sigmoid"": 5, ""Squeeze"": 1, ""Tanh"": 1, ""Transpose"": 2, ""Unsqueeze"": 1}"
LFP,G4,FUDS,1,onnx/lfp_g4_fuds_s1_dynamic.onnx,a07049ed2ed3313f0bf71ba0dcdfa42a5d43c584f55b1f1af4eef71ccb5a8f8c,17,batch_dynamic,none,dynamic_batch,"{""Add"": 7, ""Clip"": 1, ""Concat"": 1, ""Constant"": 10, ""Expand"": 1, ""GRU"": 1, ""Gather"": 3, ""LayerNormalization"": 3, ""MatMul"": 6, ""Mul"": 5, ""Shape"": 1, ""Sigmoid"": 5, ""Squeeze"": 1, ""Tanh"": 1, ""Transpose"": 2, ""Unsqueeze"": 1}"
LFP,G4,FUDS,2,onnx/lfp_g4_fuds_s2_static.onnx,ebf0b0d44b2c3e3eb11e0c691d163f82a63ce88cc2f8c96961dd3c507ed004f4,17,"[1, 50, 17]",none,static,"{""Add"": 7, ""Clip"": 1, ""Concat"": 1, ""Constant"": 10, ""Expand"": 1, ""GRU"": 1, ""Gather"": 3, ""LayerNormalization"": 3, ""MatMul"": 6, ""Mul"": 5, ""Shape"": 1, ""Sigmoid"": 5, ""Squeeze"": 1, ""Tanh"": 1, ""Transpose"": 2, ""Unsqueeze"": 1}"
LFP,G4,FUDS,2,onnx/lfp_g4_fuds_s2_dynamic.onnx,0874800495246812c3bbbbe31e606fbf9071948b9500ef83cc580c5c3352e54e,17,batch_dynamic,none,dynamic_batch,"{""Add"": 7, ""Clip"": 1, ""Concat"": 1, ""Constant"": 10, ""Expand"": 1, ""GRU"": 1, ""Gather"": 3, ""LayerNormalization"": 3, ""MatMul"": 6, ""Mul"": 5, ""Shape"": 1, ""Sigmoid"": 5, ""Squeeze"": 1, ""Tanh"": 1, ""Transpose"": 2, ""Unsqueeze"": 1}"
LFP,G4,US06,0,onnx/lfp_g4_us06_s0_static.onnx,1cdb7809f8e4ee0c1e2b0215b669df4cde62ede84d974e34872e1003425b82c8,17,"[1, 50, 17]",none,static,"{""Add"": 7, ""Clip"": 1, ""Concat"": 1, ""Constant"": 10, ""Expand"": 1, ""GRU"": 1, ""Gather"": 3, ""LayerNormalization"": 3, ""MatMul"": 6, ""Mul"": 5, ""Shape"": 1, ""Sigmoid"": 5, ""Squeeze"": 1, ""Tanh"": 1, ""Transpose"": 2, ""Unsqueeze"": 1}"
LFP,G4,US06,0,onnx/lfp_g4_us06_s0_dynamic.onnx,4cf6a3698cb6f83c92d5f43dcc8499895ba0e18ab90e6f3e70d717a58249781b,17,batch_dynamic,none,dynamic_batch,"{""Add"": 7, ""Clip"": 1, ""Concat"": 1, ""Constant"": 10, ""Expand"": 1, ""GRU"": 1, ""Gather"": 3, ""LayerNormalization"": 3, ""MatMul"": 6, ""Mul"": 5, ""Shape"": 1, ""Sigmoid"": 5, ""Squeeze"": 1, ""Tanh"": 1, ""Transpose"": 2, ""Unsqueeze"": 1}"
LFP,G4,US06,1,onnx/lfp_g4_us06_s1_static.onnx,49af9ffc8f275465009f741b5dede1bfcbe9e1a2257207aac5b6ef69174855f2,17,"[1, 50, 17]",none,static,"{""Add"": 7, ""Clip"": 1, ""Concat"": 1, ""Constant"": 10, ""Expand"": 1, ""GRU"": 1, ""Gather"": 3, ""LayerNormalization"": 3, ""MatMul"": 6, ""Mul"": 5, ""Shape"": 1, ""Sigmoid"": 5, ""Squeeze"": 1, ""Tanh"": 1, ""Transpose"": 2, ""Unsqueeze"": 1}"
LFP,G4,US06,1,onnx/lfp_g4_us06_s1_dynamic.onnx,9806f6308e6e280eba14325e16408d8b4b879deb94fc9de3eb6556d1d470dec5,17,batch_dynamic,none,dynamic_batch,"{""Add"": 7, ""Clip"": 1, ""Concat"": 1, ""Constant"": 10, ""Expand"": 1, ""GRU"": 1, ""Gather"": 3, ""LayerNormalization"": 3, ""MatMul"": 6, ""Mul"": 5, ""Shape"": 1, ""Sigmoid"": 5, ""Squeeze"": 1, ""Tanh"": 1, ""Transpose"": 2, ""Unsqueeze"": 1}"
LFP,G4,US06,2,onnx/lfp_g4_us06_s2_static.onnx,ead23653c558325c31b1cfbccbe320d44720c8a393ecb65fb3d7061ff83de1ef,17,"[1, 50, 17]",none,static,"{""Add"": 7, ""Clip"": 1, ""Concat"": 1, ""Constant"": 10, ""Expand"": 1, ""GRU"": 1, ""Gather"": 3, ""LayerNormalization"": 3, ""MatMul"": 6, ""Mul"": 5, ""Shape"": 1, ""Sigmoid"": 5, ""Squeeze"": 1, ""Tanh"": 1, ""Transpose"": 2, ""Unsqueeze"": 1}"
LFP,G4,US06,2,onnx/lfp_g4_us06_s2_dynamic.onnx,a073eaa7d9eb455bd6598ccaaeb534a27e45362c6c4f041925243a0a22d4e32b,17,batch_dynamic,none,dynamic_batch,"{""Add"": 7, ""Clip"": 1, ""Concat"": 1, ""Constant"": 10, ""Expand"": 1, ""GRU"": 1, ""Gather"": 3, ""LayerNormalization"": 3, ""MatMul"": 6, ""Mul"": 5, ""Shape"": 1, ""Sigmoid"": 5, ""Squeeze"": 1, ""Tanh"": 1, ""Transpose"": 2, ""Unsqueeze"": 1}"
LFP,T6,DST,0,onnx/lfp_t6_dst_s0_static.onnx,b54691cf5b0169e3242843cc986d641dfbc713a834e4d052fccb45078cb724fa,17,"[1, 50, 9]",none,static,"{""Add"": 7, ""Clip"": 1, ""Concat"": 1, ""Constant"": 10, ""Expand"": 1, ""GRU"": 1, ""Gather"": 3, ""LayerNormalization"": 3, ""MatMul"": 6, ""Mul"": 5, ""Shape"": 1, ""Sigmoid"": 5, ""Squeeze"": 1, ""Tanh"": 1, ""Transpose"": 2, ""Unsqueeze"": 1}"
LFP,T6,DST,0,onnx/lfp_t6_dst_s0_dynamic.onnx,aa20d0f5f558d97e85f944c46ff6ea8a02a0c163d4d231a796890f77a305fe26,17,batch_dynamic,none,dynamic_batch,"{""Add"": 7, ""Clip"": 1, ""Concat"": 1, ""Constant"": 10, ""Expand"": 1, ""GRU"": 1, ""Gather"": 3, ""LayerNormalization"": 3, ""MatMul"": 6, ""Mul"": 5, ""Shape"": 1, ""Sigmoid"": 5, ""Squeeze"": 1, ""Tanh"": 1, ""Transpose"": 2, ""Unsqueeze"": 1}"
LFP,T6,DST,1,onnx/lfp_t6_dst_s1_static.onnx,b8e940e8e319391ededb50eb510d6b6689dc6de9e90732d08b9e03191606aced,17,"[1, 50, 9]",none,static,"{""Add"": 7, ""Clip"": 1, ""Concat"": 1, ""Constant"": 10, ""Expand"": 1, ""GRU"": 1, ""Gather"": 3, ""LayerNormalization"": 3, ""MatMul"": 6, ""Mul"": 5, ""Shape"": 1, ""Sigmoid"": 5, ""Squeeze"": 1, ""Tanh"": 1, ""Transpose"": 2, ""Unsqueeze"": 1}"
LFP,T6,DST,1,onnx/lfp_t6_dst_s1_dynamic.onnx,cd1b88de219e120b06982e39af90c5bb75b2afeaa4794c44f818c2d039a9f796,17,batch_dynamic,none,dynamic_batch,"{""Add"": 7, ""Clip"": 1, ""Concat"": 1, ""Constant"": 10, ""Expand"": 1, ""GRU"": 1, ""Gather"": 3, ""LayerNormalization"": 3, ""MatMul"": 6, ""Mul"": 5, ""Shape"": 1, ""Sigmoid"": 5, ""Squeeze"": 1, ""Tanh"": 1, ""Transpose"": 2, ""Unsqueeze"": 1}"
LFP,T6,DST,2,onnx/lfp_t6_dst_s2_static.onnx,a99418f64ad06a010deafa9a1e5b2ed56f4de363c5f5ab9bc1e23d2fdf4f9cd7,17,"[1, 50, 9]",none,static,"{""Add"": 7, ""Clip"": 1, ""Concat"": 1, ""Constant"": 10, ""Expand"": 1, ""GRU"": 1, ""Gather"": 3, ""LayerNormalization"": 3, ""MatMul"": 6, ""Mul"": 5, ""Shape"": 1, ""Sigmoid"": 5, ""Squeeze"": 1, ""Tanh"": 1, ""Transpose"": 2, ""Unsqueeze"": 1}"
LFP,T6,DST,2,onnx/lfp_t6_dst_s2_dynamic.onnx,811c2facdcd5440f4cd5be89c93e5b8c7f205bab92e2d362a72e4d78f409a84e,17,batch_dynamic,none,dynamic_batch,"{""Add"": 7, ""Clip"": 1, ""Concat"": 1, ""Constant"": 10, ""Expand"": 1, ""GRU"": 1, ""Gather"": 3, ""LayerNormalization"": 3, ""MatMul"": 6, ""Mul"": 5, ""Shape"": 1, ""Sigmoid"": 5, ""Squeeze"": 1, ""Tanh"": 1, ""Transpose"": 2, ""Unsqueeze"": 1}"
LFP,T6,FUDS,0,onnx/lfp_t6_fuds_s0_static.onnx,71e178a259c75f410b1ad85a92d28cd4d697800428537fbf177ac4bee0d5ea94,17,"[1, 50, 9]",none,static,"{""Add"": 7, ""Clip"": 1, ""Concat"": 1, ""Constant"": 10, ""Expand"": 1, ""GRU"": 1, ""Gather"": 3, ""LayerNormalization"": 3, ""MatMul"": 6, ""Mul"": 5, ""Shape"": 1, ""Sigmoid"": 5, ""Squeeze"": 1, ""Tanh"": 1, ""Transpose"": 2, ""Unsqueeze"": 1}"
LFP,T6,FUDS,0,onnx/lfp_t6_fuds_s0_dynamic.onnx,85560eae2afab8406cc5babeabce5ab9b44839caed678610652c54d499552ca9,17,batch_dynamic,none,dynamic_batch,"{""Add"": 7, ""Clip"": 1, ""Concat"": 1, ""Constant"": 10, ""Expand"": 1, ""GRU"": 1, ""Gather"": 3, ""LayerNormalization"": 3, ""MatMul"": 6, ""Mul"": 5, ""Shape"": 1, ""Sigmoid"": 5, ""Squeeze"": 1, ""Tanh"": 1, ""Transpose"": 2, ""Unsqueeze"": 1}"
LFP,T6,FUDS,1,onnx/lfp_t6_fuds_s1_static.onnx,c8e91ec2f56422f8b1d41b59c8013ebee1accf5bbeab7abe2c0adcdb100812d2,17,"[1, 50, 9]",none,static,"{""Add"": 7, ""Clip"": 1, ""Concat"": 1, ""Constant"": 10, ""Expand"": 1, ""GRU"": 1, ""Gather"": 3, ""LayerNormalization"": 3, ""MatMul"": 6, ""Mul"": 5, ""Shape"": 1, ""Sigmoid"": 5, ""Squeeze"": 1, ""Tanh"": 1, ""Transpose"": 2, ""Unsqueeze"": 1}"
LFP,T6,FUDS,1,onnx/lfp_t6_fuds_s1_dynamic.onnx,ad32ee8f4669c45a5b8d6c66b8d5b1c080f5004f0ae48dba42ec2a64549e4184,17,batch_dynamic,none,dynamic_batch,"{""Add"": 7, ""Clip"": 1, ""Concat"": 1, ""Constant"": 10, ""Expand"": 1, ""GRU"": 1, ""Gather"": 3, ""LayerNormalization"": 3, ""MatMul"": 6, ""Mul"": 5, ""Shape"": 1, ""Sigmoid"": 5, ""Squeeze"": 1, ""Tanh"": 1, ""Transpose"": 2, ""Unsqueeze"": 1}"
LFP,T6,FUDS,2,onnx/lfp_t6_fuds_s2_static.onnx,4e4a04eef66a972649f2a3d916e23944777503596b871c58ea7cb62341d1ab92,17,"[1, 50, 9]",none,static,"{""Add"": 7, ""Clip"": 1, ""Concat"": 1, ""Constant"": 10, ""Expand"": 1, ""GRU"": 1, ""Gather"": 3, ""LayerNormalization"": 3, ""MatMul"": 6, ""Mul"": 5, ""Shape"": 1, ""Sigmoid"": 5, ""Squeeze"": 1, ""Tanh"": 1, ""Transpose"": 2, ""Unsqueeze"": 1}"
LFP,T6,FUDS,2,onnx/lfp_t6_fuds_s2_dynamic.onnx,4c19381a14ead536e98fe93faf9ae4fa4e25a6248080f79be41f81f2566beba5,17,batch_dynamic,none,dynamic_batch,"{""Add"": 7, ""Clip"": 1, ""Concat"": 1, ""Constant"": 10, ""Expand"": 1, ""GRU"": 1, ""Gather"": 3, ""LayerNormalization"": 3, ""MatMul"": 6, ""Mul"": 5, ""Shape"": 1, ""Sigmoid"": 5, ""Squeeze"": 1, ""Tanh"": 1, ""Transpose"": 2, ""Unsqueeze"": 1}"
LFP,T6,US06,0,onnx/lfp_t6_us06_s0_static.onnx,426c3d60adca0898833b230bad5d7447ce31e965e953f672a678aaf000b55840,17,"[1, 50, 9]",none,static,"{""Add"": 7, ""Clip"": 1, ""Concat"": 1, ""Constant"": 10, ""Expand"": 1, ""GRU"": 1, ""Gather"": 3, ""LayerNormalization"": 3, ""MatMul"": 6, ""Mul"": 5, ""Shape"": 1, ""Sigmoid"": 5, ""Squeeze"": 1, ""Tanh"": 1, ""Transpose"": 2, ""Unsqueeze"": 1}"
LFP,T6,US06,0,onnx/lfp_t6_us06_s0_dynamic.onnx,7b55e01c9668cf0fb0470fad82d2a0023babc9d815a826cabecb1b442733c29c,17,batch_dynamic,none,dynamic_batch,"{""Add"": 7, ""Clip"": 1, ""Concat"": 1, ""Constant"": 10, ""Expand"": 1, ""GRU"": 1, ""Gather"": 3, ""LayerNormalization"": 3, ""MatMul"": 6, ""Mul"": 5, ""Shape"": 1, ""Sigmoid"": 5, ""Squeeze"": 1, ""Tanh"": 1, ""Transpose"": 2, ""Unsqueeze"": 1}"
LFP,T6,US06,1,onnx/lfp_t6_us06_s1_static.onnx,12851ce9ab4f7552f8dce75cba33bb46260111a3ad5f0bf7158ba2ec5f64fcb5,17,"[1, 50, 9]",none,static,"{""Add"": 7, ""Clip"": 1, ""Concat"": 1, ""Constant"": 10, ""Expand"": 1, ""GRU"": 1, ""Gather"": 3, ""LayerNormalization"": 3, ""MatMul"": 6, ""Mul"": 5, ""Shape"": 1, ""Sigmoid"": 5, ""Squeeze"": 1, ""Tanh"": 1, ""Transpose"": 2, ""Unsqueeze"": 1}"
LFP,T6,US06,1,onnx/lfp_t6_us06_s1_dynamic.onnx,782d5609b56a0909606bfd8adfc965b1c4e2987de1ce8b92b55e7f10697e390b,17,batch_dynamic,none,dynamic_batch,"{""Add"": 7, ""Clip"": 1, ""Concat"": 1, ""Constant"": 10, ""Expand"": 1, ""GRU"": 1, ""Gather"": 3, ""LayerNormalization"": 3, ""MatMul"": 6, ""Mul"": 5, ""Shape"": 1, ""Sigmoid"": 5, ""Squeeze"": 1, ""Tanh"": 1, ""Transpose"": 2, ""Unsqueeze"": 1}"
LFP,T6,US06,2,onnx/lfp_t6_us06_s2_static.onnx,241bd8b5612c2593c7ab60e631043be107e31bc88749f24ebefd2a0bf5498145,17,"[1, 50, 9]",none,static,"{""Add"": 7, ""Clip"": 1, ""Concat"": 1, ""Constant"": 10, ""Expand"": 1, ""GRU"": 1, ""Gather"": 3, ""LayerNormalization"": 3, ""MatMul"": 6, ""Mul"": 5, ""Shape"": 1, ""Sigmoid"": 5, ""Squeeze"": 1, ""Tanh"": 1, ""Transpose"": 2, ""Unsqueeze"": 1}"
LFP,T6,US06,2,onnx/lfp_t6_us06_s2_dynamic.onnx,a12e29fe7431b79eae965ebe804eb42e4c993950b383af3de16a292245cf2634,17,batch_dynamic,none,dynamic_batch,"{""Add"": 7, ""Clip"": 1, ""Concat"": 1, ""Constant"": 10, ""Expand"": 1, ""GRU"": 1, ""Gather"": 3, ""LayerNormalization"": 3, ""MatMul"": 6, ""Mul"": 5, ""Shape"": 1, ""Sigmoid"": 5, ""Squeeze"": 1, ""Tanh"": 1, ""Transpose"": 2, ""Unsqueeze"": 1}"
LFP,T7,DST,0,onnx/lfp_t7_dst_s0_static.onnx,0b8295f75fbeb7faa9d239079868b0876337467c5144e77c7e0e0ea2d27154dc,17,"[1, 50, 11]",none,static,"{""Add"": 7, ""Clip"": 1, ""Concat"": 1, ""Constant"": 10, ""Expand"": 1, ""GRU"": 1, ""Gather"": 3, ""LayerNormalization"": 3, ""MatMul"": 6, ""Mul"": 5, ""Shape"": 1, ""Sigmoid"": 5, ""Squeeze"": 1, ""Tanh"": 1, ""Transpose"": 2, ""Unsqueeze"": 1}"
LFP,T7,DST,0,onnx/lfp_t7_dst_s0_dynamic.onnx,894ad358cb5b2d844cc8b92d442d3520b8546a6811e308111b097d396b3941d2,17,batch_dynamic,none,dynamic_batch,"{""Add"": 7, ""Clip"": 1, ""Concat"": 1, ""Constant"": 10, ""Expand"": 1, ""GRU"": 1, ""Gather"": 3, ""LayerNormalization"": 3, ""MatMul"": 6, ""Mul"": 5, ""Shape"": 1, ""Sigmoid"": 5, ""Squeeze"": 1, ""Tanh"": 1, ""Transpose"": 2, ""Unsqueeze"": 1}"
LFP,T7,DST,1,onnx/lfp_t7_dst_s1_static.onnx,8fd1feefd7c1b5ac042836101defec0fec9990657bf2a719dbb23d72b8028578,17,"[1, 50, 11]",none,static,"{""Add"": 7, ""Clip"": 1, ""Concat"": 1, ""Constant"": 10, ""Expand"": 1, ""GRU"": 1, ""Gather"": 3, ""LayerNormalization"": 3, ""MatMul"": 6, ""Mul"": 5, ""Shape"": 1, ""Sigmoid"": 5, ""Squeeze"": 1, ""Tanh"": 1, ""Transpose"": 2, ""Unsqueeze"": 1}"
LFP,T7,DST,1,onnx/lfp_t7_dst_s1_dynamic.onnx,87f877f1c916229b3ee8867ceb816766a5ba50e8b43db22fb0b3644dc23dab9b,17,batch_dynamic,none,dynamic_batch,"{""Add"": 7, ""Clip"": 1, ""Concat"": 1, ""Constant"": 10, ""Expand"": 1, ""GRU"": 1, ""Gather"": 3, ""LayerNormalization"": 3, ""MatMul"": 6, ""Mul"": 5, ""Shape"": 1, ""Sigmoid"": 5, ""Squeeze"": 1, ""Tanh"": 1, ""Transpose"": 2, ""Unsqueeze"": 1}"
LFP,T7,DST,2,onnx/lfp_t7_dst_s2_static.onnx,95b4678342be1eb5d002f3e94b034c42544a74e976f72c2012b9a581cffb6419,17,"[1, 50, 11]",none,static,"{""Add"": 7, ""Clip"": 1, ""Concat"": 1, ""Constant"": 10, ""Expand"": 1, ""GRU"": 1, ""Gather"": 3, ""LayerNormalization"": 3, ""MatMul"": 6, ""Mul"": 5, ""Shape"": 1, ""Sigmoid"": 5, ""Squeeze"": 1, ""Tanh"": 1, ""Transpose"": 2, ""Unsqueeze"": 1}"
LFP,T7,DST,2,onnx/lfp_t7_dst_s2_dynamic.onnx,ca9aee0f521667b4d591dc383dcba8c7c065c9c391772abc78e09617a0cd8db5,17,batch_dynamic,none,dynamic_batch,"{""Add"": 7, ""Clip"": 1, ""Concat"": 1, ""Constant"": 10, ""Expand"": 1, ""GRU"": 1, ""Gather"": 3, ""LayerNormalization"": 3, ""MatMul"": 6, ""Mul"": 5, ""Shape"": 1, ""Sigmoid"": 5, ""Squeeze"": 1, ""Tanh"": 1, ""Transpose"": 2, ""Unsqueeze"": 1}"
LFP,T7,FUDS,0,onnx/lfp_t7_fuds_s0_static.onnx,9c1a07919c1b32bc560f6418c6d3e0fa520220458996b03ae766a444d28b266a,17,"[1, 50, 11]",none,static,"{""Add"": 7, ""Clip"": 1, ""Concat"": 1, ""Constant"": 10, ""Expand"": 1, ""GRU"": 1, ""Gather"": 3, ""LayerNormalization"": 3, ""MatMul"": 6, ""Mul"": 5, ""Shape"": 1, ""Sigmoid"": 5, ""Squeeze"": 1, ""Tanh"": 1, ""Transpose"": 2, ""Unsqueeze"": 1}"
LFP,T7,FUDS,0,onnx/lfp_t7_fuds_s0_dynamic.onnx,47cc2774b634074f082359025678db313d97f823e388a3f2b90a5c236600ff92,17,batch_dynamic,none,dynamic_batch,"{""Add"": 7, ""Clip"": 1, ""Concat"": 1, ""Constant"": 10, ""Expand"": 1, ""GRU"": 1, ""Gather"": 3, ""LayerNormalization"": 3, ""MatMul"": 6, ""Mul"": 5, ""Shape"": 1, ""Sigmoid"": 5, ""Squeeze"": 1, ""Tanh"": 1, ""Transpose"": 2, ""Unsqueeze"": 1}"
LFP,T7,FUDS,1,onnx/lfp_t7_fuds_s1_static.onnx,0285c3f8f1be1222acb74f6b1266c24f6f7d6e72d832cd2921d17c7c688fef98,17,"[1, 50, 11]",none,static,"{""Add"": 7, ""Clip"": 1, ""Concat"": 1, ""Constant"": 10, ""Expand"": 1, ""GRU"": 1, ""Gather"": 3, ""LayerNormalization"": 3, ""MatMul"": 6, ""Mul"": 5, ""Shape"": 1, ""Sigmoid"": 5, ""Squeeze"": 1, ""Tanh"": 1, ""Transpose"": 2, ""Unsqueeze"": 1}"
LFP,T7,FUDS,1,onnx/lfp_t7_fuds_s1_dynamic.onnx,4e041d501e96013328de7c3b570719ebc3af83eae09ce5e31b415ca1015916df,17,batch_dynamic,none,dynamic_batch,"{""Add"": 7, ""Clip"": 1, ""Concat"": 1, ""Constant"": 10, ""Expand"": 1, ""GRU"": 1, ""Gather"": 3, ""LayerNormalization"": 3, ""MatMul"": 6, ""Mul"": 5, ""Shape"": 1, ""Sigmoid"": 5, ""Squeeze"": 1, ""Tanh"": 1, ""Transpose"": 2, ""Unsqueeze"": 1}"
LFP,T7,FUDS,2,onnx/lfp_t7_fuds_s2_static.onnx,b1182ea5fa7da4f1f564bce66e3d2ac5f439f0e51cb3df166bb8c2eaf24b73f4,17,"[1, 50, 11]",none,static,"{""Add"": 7, ""Clip"": 1, ""Concat"": 1, ""Constant"": 10, ""Expand"": 1, ""GRU"": 1, ""Gather"": 3, ""LayerNormalization"": 3, ""MatMul"": 6, ""Mul"": 5, ""Shape"": 1, ""Sigmoid"": 5, ""Squeeze"": 1, ""Tanh"": 1, ""Transpose"": 2, ""Unsqueeze"": 1}"
LFP,T7,FUDS,2,onnx/lfp_t7_fuds_s2_dynamic.onnx,8b7f479dcff5f4e8fc8ad96eee14d4c1be9a97919e7abadfce078a7651f3dbf6,17,batch_dynamic,none,dynamic_batch,"{""Add"": 7, ""Clip"": 1, ""Concat"": 1, ""Constant"": 10, ""Expand"": 1, ""GRU"": 1, ""Gather"": 3, ""LayerNormalization"": 3, ""MatMul"": 6, ""Mul"": 5, ""Shape"": 1, ""Sigmoid"": 5, ""Squeeze"": 1, ""Tanh"": 1, ""Transpose"": 2, ""Unsqueeze"": 1}"
LFP,T7,US06,0,onnx/lfp_t7_us06_s0_static.onnx,00807c309a55a71ba68a074ba85c6af99ce2554a811befbb57f124b66702e9d9,17,"[1, 50, 11]",none,static,"{""Add"": 7, ""Clip"": 1, ""Concat"": 1, ""Constant"": 10, ""Expand"": 1, ""GRU"": 1, ""Gather"": 3, ""LayerNormalization"": 3, ""MatMul"": 6, ""Mul"": 5, ""Shape"": 1, ""Sigmoid"": 5, ""Squeeze"": 1, ""Tanh"": 1, ""Transpose"": 2, ""Unsqueeze"": 1}"
LFP,T7,US06,0,onnx/lfp_t7_us06_s0_dynamic.onnx,09dff55c2dffaf942577c80e633e9395181677b13c7513182c1fb8b50f07c9e9,17,batch_dynamic,none,dynamic_batch,"{""Add"": 7, ""Clip"": 1, ""Concat"": 1, ""Constant"": 10, ""Expand"": 1, ""GRU"": 1, ""Gather"": 3, ""LayerNormalization"": 3, ""MatMul"": 6, ""Mul"": 5, ""Shape"": 1, ""Sigmoid"": 5, ""Squeeze"": 1, ""Tanh"": 1, ""Transpose"": 2, ""Unsqueeze"": 1}"
LFP,T7,US06,1,onnx/lfp_t7_us06_s1_static.onnx,2b288936f550c8e290f3840b73a5bbcd1938ba10b1a65032d114adb7995a0523,17,"[1, 50, 11]",none,static,"{""Add"": 7, ""Clip"": 1, ""Concat"": 1, ""Constant"": 10, ""Expand"": 1, ""GRU"": 1, ""Gather"": 3, ""LayerNormalization"": 3, ""MatMul"": 6, ""Mul"": 5, ""Shape"": 1, ""Sigmoid"": 5, ""Squeeze"": 1, ""Tanh"": 1, ""Transpose"": 2, ""Unsqueeze"": 1}"
LFP,T7,US06,1,onnx/lfp_t7_us06_s1_dynamic.onnx,4fcdf385707ecdaea2ef154d9547124f43716d597416cc58a3d3d58fa3175167,17,batch_dynamic,none,dynamic_batch,"{""Add"": 7, ""Clip"": 1, ""Concat"": 1, ""Constant"": 10, ""Expand"": 1, ""GRU"": 1, ""Gather"": 3, ""LayerNormalization"": 3, ""MatMul"": 6, ""Mul"": 5, ""Shape"": 1, ""Sigmoid"": 5, ""Squeeze"": 1, ""Tanh"": 1, ""Transpose"": 2, ""Unsqueeze"": 1}"
LFP,T7,US06,2,onnx/lfp_t7_us06_s2_static.onnx,3438e3a7d8167992ac46b2c2717d77114878ec0e52ab0dd1b3bbb5e717c45fe0,17,"[1, 50, 11]",none,static,"{""Add"": 7, ""Clip"": 1, ""Concat"": 1, ""Constant"": 10, ""Expand"": 1, ""GRU"": 1, ""Gather"": 3, ""LayerNormalization"": 3, ""MatMul"": 6, ""Mul"": 5, ""Shape"": 1, ""Sigmoid"": 5, ""Squeeze"": 1, ""Tanh"": 1, ""Transpose"": 2, ""Unsqueeze"": 1}"
LFP,T7,US06,2,onnx/lfp_t7_us06_s2_dynamic.onnx,65eef8482ac356e7e74ff04325e3a56b67d7abe54ee51e8938382138441aebe9,17,batch_dynamic,none,dynamic_batch,"{""Add"": 7, ""Clip"": 1, ""Concat"": 1, ""Constant"": 10, ""Expand"": 1, ""GRU"": 1, ""Gather"": 3, ""LayerNormalization"": 3, ""MatMul"": 6, ""Mul"": 5, ""Shape"": 1, ""Sigmoid"": 5, ""Squeeze"": 1, ""Tanh"": 1, ""Transpose"": 2, ""Unsqueeze"": 1}"
