feature,fold,seed,perturbation_type,level,temp,soc_band,mae,rmse,bias
T6_plain,DST,0,baseline,unperturbed,0.0,35-65,0.34647070181526957,0.484240958798034,0.3338220258942872
T6_plain,DST,0,baseline,unperturbed,0.0,<=35,0.41928919529595016,0.5435529843857886,0.3009451876947041
T6_plain,DST,0,baseline,unperturbed,0.0,>65,0.21811688778747024,0.2852743641410487,0.1542707212529738
T6_plain,DST,0,baseline,unperturbed,25.0,35-65,0.1980647168492193,0.25079170282442537,0.007780352365415897
T6_plain,DST,0,baseline,unperturbed,25.0,<=35,0.41478070882516704,0.4739147013368378,-0.36100605737750546
T6_plain,DST,0,baseline,unperturbed,25.0,>65,0.20503477835626624,0.2610539403466751,-0.034685798066195615
T6_plain,DST,0,baseline,unperturbed,45.0,35-65,0.2543994198640116,0.29122093778856284,0.2520186044196212
T6_plain,DST,0,baseline,unperturbed,45.0,<=35,0.32424839959395446,0.376453606047212,0.3222833485675615
T6_plain,DST,0,baseline,unperturbed,45.0,>65,0.2606330162721893,0.27585256808320874,0.2589543387573964
T6_plain,DST,0,r0_scale,r0_scale_0.5,0.0,35-65,4.462936604063054,4.708882688558996,-4.462936604063054
T6_plain,DST,0,r0_scale,r0_scale_0.5,0.0,<=35,4.076122821910511,4.452439567331546,-4.076062718913451
T6_plain,DST,0,r0_scale,r0_scale_0.5,0.0,>65,2.0972259856985094,2.388911010332134,-2.0964980136625573
T6_plain,DST,0,r0_scale,r0_scale_0.5,25.0,35-65,3.8772692783587175,4.116633141392839,-3.8772692783587175
T6_plain,DST,0,r0_scale,r0_scale_0.5,25.0,<=35,3.402880986809822,3.6058460753015398,-3.402596688089585
T6_plain,DST,0,r0_scale,r0_scale_0.5,25.0,>65,1.600592217668845,1.715487579379923,-1.5926511851223528
T6_plain,DST,0,r0_scale,r0_scale_0.5,45.0,35-65,3.966575236499395,4.2357696857861855,-3.966575236499395
T6_plain,DST,0,r0_scale,r0_scale_0.5,45.0,<=35,2.5849855572733587,2.994485022455598,-2.5375487104778305
T6_plain,DST,0,r0_scale,r0_scale_0.5,45.0,>65,1.4962755599471662,1.6121027052387942,-1.4962755599471662
T6_plain,DST,0,r0_scale,r0_scale_0.8,0.0,35-65,1.455195514596319,1.5377640428947372,-1.455195514596319
T6_plain,DST,0,r0_scale,r0_scale_0.8,0.0,<=35,1.593342807650497,1.7413127716721353,-1.5857797772690139
T6_plain,DST,0,r0_scale,r0_scale_0.8,0.0,>65,0.7702149387448981,0.9043797199743194,-0.7365363951475853
T6_plain,DST,0,r0_scale,r0_scale_0.8,25.0,35-65,1.492242334677871,1.6123799236561398,-1.492242334677871
T6_plain,DST,0,r0_scale,r0_scale_0.8,25.0,<=35,1.635879021595964,1.7081249302011192,-1.6355521906805002
T6_plain,DST,0,r0_scale,r0_scale_0.8,25.0,>65,0.7037753658686957,0.7617430467960017,-0.6670030569206741
T6_plain,DST,0,r0_scale,r0_scale_0.8,45.0,35-65,1.4070377514529067,1.5384466387272338,-1.4070377514529067
T6_plain,DST,0,r0_scale,r0_scale_0.8,45.0,<=35,0.9372158301015331,1.0891163421423187,-0.8822504445356516
T6_plain,DST,0,r0_scale,r0_scale_0.8,45.0,>65,0.47821840436094054,0.560847236269482,-0.474814144109664
T6_plain,DST,0,r0_scale,r0_scale_1.2,0.0,35-65,2.000667653664914,2.13829142134699,2.000667653664914
T6_plain,DST,0,r0_scale,r0_scale_1.2,0.0,<=35,2.33499361767067,2.5190896814175643,2.33499361767067
T6_plain,DST,0,r0_scale,r0_scale_1.2,0.0,>65,1.0514716453683055,1.0773394113118249,1.0514716453683055
T6_plain,DST,0,r0_scale,r0_scale_1.2,25.0,35-65,1.4273742007704844,1.553609500231809,1.4273742007704844
T6_plain,DST,0,r0_scale,r0_scale_1.2,25.0,<=35,1.0331081201333647,1.2358543189707942,0.9869150339944255
T6_plain,DST,0,r0_scale,r0_scale_1.2,25.0,>65,0.6225544582133891,0.688056226956272,0.6225544582133891
T6_plain,DST,0,r0_scale,r0_scale_1.2,45.0,35-65,1.867219893927133,1.976307805639771,1.867219893927133
T6_plain,DST,0,r0_scale,r0_scale_1.2,45.0,<=35,1.6275926164678658,1.792008206395403,1.6275926164678658
T6_plain,DST,0,r0_scale,r0_scale_1.2,45.0,>65,1.0406281078731097,1.0820058231192644,1.0406281078731097
T6_plain,DST,0,r0_scale,r0_scale_1.5,0.0,35-65,4.656822672406452,4.9367636790926435,4.656822672406452
T6_plain,DST,0,r0_scale,r0_scale_1.5,0.0,<=35,5.632131510780349,5.925734875293832,5.632131510780349
T6_plain,DST,0,r0_scale,r0_scale_1.5,0.0,>65,2.4911290462157316,2.605749718722238,2.4911290462157316
T6_plain,DST,0,r0_scale,r0_scale_1.5,25.0,35-65,3.49701063699708,3.7497012727449404,3.49701063699708
T6_plain,DST,0,r0_scale,r0_scale_1.5,25.0,<=35,3.1843189365432827,3.5723639809730154,3.1843189365432827
T6_plain,DST,0,r0_scale,r0_scale_1.5,25.0,>65,1.6762441981826277,1.7847852028087952,1.6762441981826277
T6_plain,DST,0,r0_scale,r0_scale_1.5,45.0,35-65,4.179891069608734,4.443717930986839,4.179891069608734
T6_plain,DST,0,r0_scale,r0_scale_1.5,45.0,<=35,3.7607378384489745,4.169324021758409,3.7607378384489745
T6_plain,DST,0,r0_scale,r0_scale_1.5,45.0,>65,2.2633292317060603,2.4104727501173113,2.2633292317060603
T6_plain,DST,0,r0_scale,r0_scale_2,0.0,35-65,8.94863166982011,9.476431014097162,8.94863166982011
T6_plain,DST,0,r0_scale,r0_scale_2,0.0,<=35,11.422875665868665,11.839871454954014,11.422875665868665
T6_plain,DST,0,r0_scale,r0_scale_2,0.0,>65,4.888057579997451,5.226079536717191,4.888057579997451
T6_plain,DST,0,r0_scale,r0_scale_2,25.0,35-65,6.7561035543082735,7.224050440793471,6.7561035543082735
T6_plain,DST,0,r0_scale,r0_scale_2,25.0,<=35,7.1991405644403335,7.828375752270354,7.1991405644403335
T6_plain,DST,0,r0_scale,r0_scale_2,25.0,>65,3.5671296911834336,3.8434020274902134,3.5671296911834336
T6_plain,DST,0,r0_scale,r0_scale_2,45.0,35-65,7.816544877786323,8.326121985350419,7.816544877786323
T6_plain,DST,0,r0_scale,r0_scale_2,45.0,<=35,7.765547991987813,8.540959227201459,7.765547991987813
T6_plain,DST,0,r0_scale,r0_scale_2,45.0,>65,4.232453112509293,4.556987970336575,4.232453112509293
T6_plain,DST,1,baseline,unperturbed,0.0,35-65,0.31426762920448487,0.4194286445423862,0.2879015977042178
T6_plain,DST,1,baseline,unperturbed,0.0,<=35,0.4403532831152648,0.5522435241849208,0.3228668515264797
T6_plain,DST,1,baseline,unperturbed,0.0,>65,0.19615572006344162,0.23936474439570266,-0.01013516177636794
T6_plain,DST,1,baseline,unperturbed,25.0,35-65,0.206310639711023,0.2900719033081369,-0.05050347028664654
T6_plain,DST,1,baseline,unperturbed,25.0,<=35,0.4518607531737194,0.5208806834487927,-0.4364459374721603
T6_plain,DST,1,baseline,unperturbed,25.0,>65,0.30609110338415785,0.33487047651131846,-0.2652759364075867
T6_plain,DST,1,baseline,unperturbed,45.0,35-65,0.12334002088392419,0.15552940616853284,0.056599402136959805
T6_plain,DST,1,baseline,unperturbed,45.0,<=35,0.25051977547935933,0.2924554978020932,0.18799277588540497
T6_plain,DST,1,baseline,unperturbed,45.0,>65,0.08925981250000001,0.12610616176799957,-0.03444804992603557
T6_plain,DST,1,r0_scale,r0_scale_0.5,0.0,35-65,4.58315182462388,4.846606683074771,-4.58315182462388
T6_plain,DST,1,r0_scale,r0_scale_0.5,0.0,<=35,4.051039888681786,4.351872136592224,-4.049939969272517
T6_plain,DST,1,r0_scale,r0_scale_0.5,0.0,>65,2.437308961190432,2.7369196677049845,-2.437308961190432
T6_plain,DST,1,r0_scale,r0_scale_0.5,25.0,35-65,4.068932755196674,4.34067616536728,-4.068932755196674
T6_plain,DST,1,r0_scale,r0_scale_0.5,25.0,<=35,3.5610630036295325,3.747386380365202,-3.5610630036295325
T6_plain,DST,1,r0_scale,r0_scale_0.5,25.0,>65,1.85980288936457,1.986937111047985,-1.8595332120138945
T6_plain,DST,1,r0_scale,r0_scale_0.5,45.0,35-65,4.465843856620116,4.7744862704669675,-4.465843856620116
T6_plain,DST,1,r0_scale,r0_scale_0.5,45.0,<=35,2.7254363871628424,3.103985991368946,-2.711956189796415
T6_plain,DST,1,r0_scale,r0_scale_0.5,45.0,>65,1.9803239499476957,2.1303777082901703,-1.9803239499476957
T6_plain,DST,1,r0_scale,r0_scale_0.8,0.0,35-65,1.4968843993902354,1.5715175043277014,-1.4968843993902354
T6_plain,DST,1,r0_scale,r0_scale_0.8,0.0,<=35,1.563042512518076,1.6883755011041157,-1.550686717058899
T6_plain,DST,1,r0_scale,r0_scale_0.8,0.0,>65,0.9055097218226978,1.0346245822749036,-0.902802166803183
T6_plain,DST,1,r0_scale,r0_scale_0.8,25.0,35-65,1.5636332680304927,1.6857045857427264,-1.5636332680304927
T6_plain,DST,1,r0_scale,r0_scale_0.8,25.0,<=35,1.7508945859652258,1.8190219389959719,-1.7508945859652258
T6_plain,DST,1,r0_scale,r0_scale_0.8,25.0,>65,0.9013139095819089,0.9493415371084778,-0.8899642830296889
T6_plain,DST,1,r0_scale,r0_scale_0.8,45.0,35-65,1.7000082072342053,1.8338222884478534,-1.7000082072342053
T6_plain,DST,1,r0_scale,r0_scale_0.8,45.0,<=35,1.0630670264536621,1.2103232815874443,-1.0476048656849029
T6_plain,DST,1,r0_scale,r0_scale_0.8,45.0,>65,0.8078213972429976,0.8696606233285242,-0.8078213972429976
T6_plain,DST,1,r0_scale,r0_scale_1.2,0.0,35-65,1.9239983550234632,2.061577298847234,1.9239983550234632
T6_plain,DST,1,r0_scale,r0_scale_1.2,0.0,<=35,2.331097973444492,2.4968561539430687,2.331097973444492
T6_plain,DST,1,r0_scale,r0_scale_1.2,0.0,>65,0.867116201987857,0.9006860199977965,0.867116201987857
T6_plain,DST,1,r0_scale,r0_scale_1.2,25.0,35-65,1.312810493948112,1.4482194364773004,1.3119558659453414
T6_plain,DST,1,r0_scale,r0_scale_1.2,25.0,<=35,1.0103858084074901,1.2012503029435044,0.9393340575735988
T6_plain,DST,1,r0_scale,r0_scale_1.2,25.0,>65,0.3863508746204596,0.4531276111456642,0.3822449710759013
T6_plain,DST,1,r0_scale,r0_scale_1.2,45.0,35-65,1.6910386589830984,1.8402008553942701,1.6910386589830984
T6_plain,DST,1,r0_scale,r0_scale_1.2,45.0,<=35,1.5321685314397426,1.7546028942959957,1.5297277366394308
T6_plain,DST,1,r0_scale,r0_scale_1.2,45.0,>65,0.7626173818636729,0.8195219703941681,0.7617762594908933
T6_plain,DST,1,r0_scale,r0_scale_1.5,0.0,35-65,4.567249131264457,4.838100626308489,4.567249131264457
T6_plain,DST,1,r0_scale,r0_scale_1.5,0.0,<=35,5.5958150814835905,5.875728118088998,5.5958150814835905
T6_plain,DST,1,r0_scale,r0_scale_1.5,0.0,>65,2.248297326925382,2.369839517127079,2.248297326925382
T6_plain,DST,1,r0_scale,r0_scale_1.5,25.0,35-65,3.295730903621056,3.5831698257118805,3.295730903621056
T6_plain,DST,1,r0_scale,r0_scale_1.5,25.0,<=35,3.1239471621928674,3.5517767651643974,3.1239471621928674
T6_plain,DST,1,r0_scale,r0_scale_1.5,25.0,>65,1.4083374923043155,1.5327748608932614,1.4083374923043155
T6_plain,DST,1,r0_scale,r0_scale_1.5,45.0,35-65,3.9863438122575885,4.334724824097545,3.9863438122575885
T6_plain,DST,1,r0_scale,r0_scale_1.5,45.0,<=35,3.715275878832706,4.237967029339921,3.7152443056288873
T6_plain,DST,1,r0_scale,r0_scale_1.5,45.0,>65,1.9651328898416045,2.124732370970883,1.9651328898416045
T6_plain,DST,1,r0_scale,r0_scale_2,0.0,35-65,8.711498088734222,9.169968002171746,8.711498088734222
T6_plain,DST,1,r0_scale,r0_scale_2,0.0,<=35,11.381321721426534,11.80544485784198,11.381321721426534
T6_plain,DST,1,r0_scale,r0_scale_2,0.0,>65,4.37750065857549,4.641595350265221,4.37750065857549
T6_plain,DST,1,r0_scale,r0_scale_2,25.0,35-65,6.375934714744942,6.892355063814904,6.375934714744942
T6_plain,DST,1,r0_scale,r0_scale_2,25.0,<=35,7.016083128911396,7.751039693235137,7.016083128911396
T6_plain,DST,1,r0_scale,r0_scale_2,25.0,>65,3.0864372451510866,3.295845607070772,3.0864372451510866
T6_plain,DST,1,r0_scale,r0_scale_2,45.0,35-65,7.342086335712409,7.932682827163866,7.342086335712409
T6_plain,DST,1,r0_scale,r0_scale_2,45.0,<=35,7.599627552306289,8.556026658783443,7.599627552306289
T6_plain,DST,1,r0_scale,r0_scale_2,45.0,>65,3.7554584979681147,4.020622830382435,3.7554584979681147
T6_plain,DST,2,baseline,unperturbed,0.0,35-65,0.23047716604378005,0.28615248527799864,-0.012027711692471967
T6_plain,DST,2,baseline,unperturbed,0.0,<=35,0.36236653663551405,0.4668436088572209,0.057183975514018714
T6_plain,DST,2,baseline,unperturbed,0.0,>65,0.3420417660586835,0.39497047568128835,-0.3105456328310864
T6_plain,DST,2,baseline,unperturbed,25.0,35-65,0.22825842903752033,0.2883143984869938,-0.1832837340946167
T6_plain,DST,2,baseline,unperturbed,25.0,<=35,0.5039213194042316,0.5440362057136374,-0.48618935615256126
T6_plain,DST,2,baseline,unperturbed,25.0,>65,0.5079797698029009,0.5332821825489416,-0.4842105143175904
T6_plain,DST,2,baseline,unperturbed,45.0,35-65,0.11164332224380767,0.1508251693865759,-0.02481592010684796
T6_plain,DST,2,baseline,unperturbed,45.0,<=35,0.2327043938867584,0.285988119200062,0.2122268041732461
T6_plain,DST,2,baseline,unperturbed,45.0,>65,0.19969617677514803,0.22964862377220446,-0.19905366272189357
T6_plain,DST,2,r0_scale,r0_scale_0.5,0.0,35-65,4.820016078160376,5.054204702777432,-4.820016078160376
T6_plain,DST,2,r0_scale,r0_scale_0.5,0.0,<=35,4.34046549129322,4.716151743189378,-4.330102909463105
T6_plain,DST,2,r0_scale,r0_scale_0.5,0.0,>65,2.553932203256321,2.790681817661542,-2.553932203256321
T6_plain,DST,2,r0_scale,r0_scale_0.5,25.0,35-65,4.147265495372068,4.387315483144735,-4.147265495372068
T6_plain,DST,2,r0_scale,r0_scale_0.5,25.0,<=35,3.5544754204720235,3.775877273975572,-3.5523840210019815
T6_plain,DST,2,r0_scale,r0_scale_0.5,25.0,>65,1.9833315472542739,2.0957200691932103,-1.9833286035172821
T6_plain,DST,2,r0_scale,r0_scale_0.5,45.0,35-65,4.397171672159979,4.7059804761757205,-4.397171672159979
T6_plain,DST,2,r0_scale,r0_scale_0.5,45.0,<=35,2.66086938442661,3.0546259058044662,-2.650063070828724
T6_plain,DST,2,r0_scale,r0_scale_0.5,45.0,>65,1.9501377441098424,2.0728314566661163,-1.9501377441098424
T6_plain,DST,2,r0_scale,r0_scale_0.8,0.0,35-65,1.7824795949878904,1.8687524266051287,-1.7824795949878904
T6_plain,DST,2,r0_scale,r0_scale_0.8,0.0,<=35,1.8651651153662634,2.002041689490495,-1.8336889792802173
T6_plain,DST,2,r0_scale,r0_scale_0.8,0.0,>65,1.1824587275210146,1.2890212801341232,-1.1824587275210146
T6_plain,DST,2,r0_scale,r0_scale_0.8,25.0,35-65,1.670053015596897,1.7709618876728275,-1.670053015596897
T6_plain,DST,2,r0_scale,r0_scale_0.8,25.0,<=35,1.7813373947835884,1.869117238584465,-1.779269860402666
T6_plain,DST,2,r0_scale,r0_scale_0.8,25.0,>65,1.087301964031255,1.138187638986374,-1.0819548802981593
T6_plain,DST,2,r0_scale,r0_scale_0.8,45.0,35-65,1.737685372114412,1.8660224041406115,-1.737685372114412
T6_plain,DST,2,r0_scale,r0_scale_0.8,45.0,<=35,1.0306437830083472,1.1975526643977763,-1.010412662452673
T6_plain,DST,2,r0_scale,r0_scale_0.8,45.0,>65,0.9184803828662388,0.9732698779933183,-0.9184803828662388
T6_plain,DST,2,r0_scale,r0_scale_1.2,0.0,35-65,1.5998348968123453,1.7403554277582225,1.5998348968123453
T6_plain,DST,2,r0_scale,r0_scale_1.2,0.0,<=35,2.0625871218184075,2.2229356424309,2.0625871218184075
T6_plain,DST,2,r0_scale,r0_scale_1.2,0.0,>65,0.5437589814306284,0.5850422826440498,0.5412609461046198
T6_plain,DST,2,r0_scale,r0_scale_1.2,25.0,35-65,1.140536156619774,1.2736026089851222,1.1384021554236712
T6_plain,DST,2,r0_scale,r0_scale_1.2,25.0,<=35,0.9151691096664039,1.0948705897183146,0.8770262268312853
T6_plain,DST,2,r0_scale,r0_scale_1.2,25.0,>65,0.15435019916105702,0.24742096001325353,0.13054172470639228
T6_plain,DST,2,r0_scale,r0_scale_1.2,45.0,35-65,1.5625393660494642,1.7043177941702157,1.5625393660494642
T6_plain,DST,2,r0_scale,r0_scale_1.2,45.0,<=35,1.5369114263214865,1.7127798140664106,1.5369114263214865
T6_plain,DST,2,r0_scale,r0_scale_1.2,45.0,>65,0.5529394967906037,0.5908879666973849,0.552561249431943
T6_plain,DST,2,r0_scale,r0_scale_1.5,0.0,35-65,4.097350892494299,4.359261604536326,4.097350892494299
T6_plain,DST,2,r0_scale,r0_scale_1.5,0.0,<=35,5.23386563539182,5.4722217573709315,5.23386563539182
T6_plain,DST,2,r0_scale,r0_scale_1.5,0.0,>65,1.8985532124352933,2.0056277821372483,1.8985532124352933
T6_plain,DST,2,r0_scale,r0_scale_1.5,25.0,35-65,2.9935426749658722,3.2324955754577256,2.9935426749658722
T6_plain,DST,2,r0_scale,r0_scale_1.5,25.0,<=35,3.0069636914888505,3.3577603721173643,3.0069636914888505
T6_plain,DST,2,r0_scale,r0_scale_1.5,25.0,>65,1.1406343443785385,1.2457195121653015,1.1406343443785385
T6_plain,DST,2,r0_scale,r0_scale_1.5,45.0,35-65,3.7280612651945155,4.008362178624332,3.7280612651945155
T6_plain,DST,2,r0_scale,r0_scale_1.5,45.0,<=35,3.644676779082092,4.054203993562171,3.644676779082092
T6_plain,DST,2,r0_scale,r0_scale_1.5,45.0,>65,1.745555872397479,1.8833076921608933,1.745555872397479
T6_plain,DST,2,r0_scale,r0_scale_2,0.0,35-65,8.183078400270883,8.59921034993795,8.183078400270883
T6_plain,DST,2,r0_scale,r0_scale_2,0.0,<=35,10.785096051232948,11.121903116464544,10.785096051232948
T6_plain,DST,2,r0_scale,r0_scale_2,0.0,>65,4.1646114625743955,4.487344329497553,4.1646114625743955
T6_plain,DST,2,r0_scale,r0_scale_2,25.0,35-65,6.019640548289348,6.411330584424474,6.019640548289348
T6_plain,DST,2,r0_scale,r0_scale_2,25.0,<=35,6.720134253079861,7.304752882563059,6.720134253079861
T6_plain,DST,2,r0_scale,r0_scale_2,25.0,>65,2.966476012749737,3.2361311124824836,2.966476012749737
T6_plain,DST,2,r0_scale,r0_scale_2,45.0,35-65,7.02088642395776,7.510310640586739,7.02088642395776
T6_plain,DST,2,r0_scale,r0_scale_2,45.0,<=35,7.26216908168892,8.011489427310906,7.26216908168892
T6_plain,DST,2,r0_scale,r0_scale_2,45.0,>65,3.641613377359661,3.978298575134733,3.641613377359661
T6_plain,FUDS,0,baseline,unperturbed,0.0,35-65,0.5040395014208214,0.7170029817284149,-0.35595553965383625
T6_plain,FUDS,0,baseline,unperturbed,0.0,<=35,0.7238753421967112,0.7949443060717422,0.09032203602233942
T6_plain,FUDS,0,baseline,unperturbed,0.0,>65,0.1806994625585023,0.2411779700203299,-0.14759857410296412
T6_plain,FUDS,0,baseline,unperturbed,25.0,35-65,0.4463597411494254,0.5386379158845492,-0.4437619958620691
T6_plain,FUDS,0,baseline,unperturbed,25.0,<=35,0.3687830616751269,0.472054881607649,-0.1929835489847716
T6_plain,FUDS,0,baseline,unperturbed,25.0,>65,0.16471400181620036,0.21769759086628562,-0.07561908935706498
T6_plain,FUDS,0,baseline,unperturbed,45.0,35-65,0.5032152966204716,0.5940526605995626,-0.4973660974957452
T6_plain,FUDS,0,baseline,unperturbed,45.0,<=35,0.5103842156236419,0.67653551299925,-0.48513443470230344
T6_plain,FUDS,0,baseline,unperturbed,45.0,>65,0.19933313102725392,0.22543881434864513,-0.18935485779175423
T6_plain,FUDS,0,r0_scale,r0_scale_0.5,0.0,35-65,5.15589888719043,5.6075915170592445,-5.15589888719043
T6_plain,FUDS,0,r0_scale,r0_scale_0.5,0.0,<=35,4.627751140340434,4.8732211205210305,-4.627751140340434
T6_plain,FUDS,0,r0_scale,r0_scale_0.5,0.0,>65,2.4995061168933694,2.719999061275846,-2.4995061168933694
T6_plain,FUDS,0,r0_scale,r0_scale_0.5,25.0,35-65,3.9196783416667547,4.199232682049059,-3.9196783416667547
T6_plain,FUDS,0,r0_scale,r0_scale_0.5,25.0,<=35,3.5503392624154,3.712059484606213,-3.5503392624154
T6_plain,FUDS,0,r0_scale,r0_scale_0.5,25.0,>65,1.5447645365329723,1.609192749639395,-1.5447645365329723
T6_plain,FUDS,0,r0_scale,r0_scale_0.5,45.0,35-65,4.18440427181051,4.469240954167315,-4.18440427181051
T6_plain,FUDS,0,r0_scale,r0_scale_0.5,45.0,<=35,3.9186574547002735,4.368699096628254,-3.917668069446377
T6_plain,FUDS,0,r0_scale,r0_scale_0.5,45.0,>65,1.846592535300718,1.9043466420079602,-1.846592535300718
T6_plain,FUDS,0,r0_scale,r0_scale_0.8,0.0,35-65,2.1968382613587853,2.5317181613058732,-2.1968382613587853
T6_plain,FUDS,0,r0_scale,r0_scale_0.8,0.0,<=35,1.890512338612392,2.125317526962619,-1.8903781945370095
T6_plain,FUDS,0,r0_scale,r0_scale_0.8,0.0,>65,1.0523253734638909,1.1282430262150644,-1.0523253734638909
T6_plain,FUDS,0,r0_scale,r0_scale_0.8,25.0,35-65,1.7866359924542832,1.9433078179269736,-1.7866359924542832
T6_plain,FUDS,0,r0_scale,r0_scale_0.8,25.0,<=35,1.5760363369055506,1.6723909344081795,-1.5760363369055506
T6_plain,FUDS,0,r0_scale,r0_scale_0.8,25.0,>65,0.6630034810383579,0.7087932621847958,-0.6623438381931792
T6_plain,FUDS,0,r0_scale,r0_scale_0.8,45.0,35-65,1.9072539535050008,2.0472148455581443,-1.9072539535050008
T6_plain,FUDS,0,r0_scale,r0_scale_0.8,45.0,<=35,1.923759756136845,2.144199121197903,-1.9222415810043376
T6_plain,FUDS,0,r0_scale,r0_scale_0.8,45.0,>65,0.8663558483835804,0.8957345506914646,-0.8663558483835804
T6_plain,FUDS,0,r0_scale,r0_scale_1.2,0.0,35-65,1.3388730119727845,1.4147527103006432,1.3388730119727845
T6_plain,FUDS,0,r0_scale,r0_scale_1.2,0.0,<=35,2.1683935264715,2.3441990556902037,2.1683935264715
T6_plain,FUDS,0,r0_scale,r0_scale_1.2,0.0,>65,0.7501012523414743,0.8167182232999762,0.7419603268424286
T6_plain,FUDS,0,r0_scale,r0_scale_1.2,25.0,35-65,0.824354176438581,0.9683999260855729,0.8162864005333734
T6_plain,FUDS,0,r0_scale,r0_scale_1.2,25.0,<=35,1.2774495922796152,1.4272017013891622,1.250640415493819
T6_plain,FUDS,0,r0_scale,r0_scale_1.2,25.0,>65,0.5379848918709829,0.6031768475089332,0.5377223834202077
T6_plain,FUDS,0,r0_scale,r0_scale_1.2,45.0,35-65,0.8610100354750895,0.9969442052372177,0.8550725613347487
T6_plain,FUDS,0,r0_scale,r0_scale_1.2,45.0,<=35,1.0363130946859247,1.260217421378179,1.002961240938436
T6_plain,FUDS,0,r0_scale,r0_scale_1.2,45.0,>65,0.5280043985492431,0.5980010540246824,0.5272165910540619
T6_plain,FUDS,0,r0_scale,r0_scale_1.5,0.0,35-65,3.6816330682839244,3.8437623688246827,3.6816330682839244
T6_plain,FUDS,0,r0_scale,r0_scale_1.5,0.0,<=35,5.3751582895603,5.5228182769895975,5.3751582895603
T6_plain,FUDS,0,r0_scale,r0_scale_1.5,0.0,>65,2.1010286766487454,2.2475628766362763,2.1010145103746494
T6_plain,FUDS,0,r0_scale,r0_scale_1.5,25.0,35-65,2.5754790036062745,2.8197433235628693,2.5754790036062745
T6_plain,FUDS,0,r0_scale,r0_scale_1.5,25.0,<=35,3.475765899511068,3.6977226002708106,3.475765899511068
T6_plain,FUDS,0,r0_scale,r0_scale_1.5,25.0,>65,1.5257525962368612,1.6359519630318302,1.5257525962368612
T6_plain,FUDS,0,r0_scale,r0_scale_1.5,45.0,35-65,2.831755283482999,3.0762506692525524,2.831755283482999
T6_plain,FUDS,0,r0_scale,r0_scale_1.5,45.0,<=35,3.245128581105002,3.6325870300738567,3.245128581105002
T6_plain,FUDS,0,r0_scale,r0_scale_1.5,45.0,>65,1.6547785678787286,1.8067983659901965,1.6547785678787286
T6_plain,FUDS,0,r0_scale,r0_scale_2,0.0,35-65,7.4014315147246155,7.802009198689229,7.4014315147246155
T6_plain,FUDS,0,r0_scale,r0_scale_2,0.0,<=35,10.696538945554414,10.885946880223175,10.696538945554414
T6_plain,FUDS,0,r0_scale,r0_scale_2,0.0,>65,4.292895525225343,4.570099221511757,4.292895525225343
T6_plain,FUDS,0,r0_scale,r0_scale_2,25.0,35-65,5.384742628285357,5.854471018036553,5.384742628285357
T6_plain,FUDS,0,r0_scale,r0_scale_2,25.0,<=35,7.159570914959756,7.468845779576527,7.159570914959756
T6_plain,FUDS,0,r0_scale,r0_scale_2,25.0,>65,3.238008677333345,3.474058394072922,3.238008677333345
T6_plain,FUDS,0,r0_scale,r0_scale_2,45.0,35-65,6.031578775107924,6.517807384059872,6.031578775107924
T6_plain,FUDS,0,r0_scale,r0_scale_2,45.0,<=35,7.044109423279876,7.6689632392268345,7.044109423279876
T6_plain,FUDS,0,r0_scale,r0_scale_2,45.0,>65,3.4755709204238316,3.7490184924846455,3.4755709204238316
T6_plain,FUDS,1,baseline,unperturbed,0.0,35-65,0.48506835055541203,0.6638926028285137,-0.25470820175665204
T6_plain,FUDS,1,baseline,unperturbed,0.0,<=35,0.7212989284207261,0.8113113214954537,0.15356560400248212
T6_plain,FUDS,1,baseline,unperturbed,0.0,>65,0.16290248205928232,0.2189318793930845,-0.024820898595943865
T6_plain,FUDS,1,baseline,unperturbed,25.0,35-65,0.32052620666666654,0.4303679796521888,-0.2692161413793104
T6_plain,FUDS,1,baseline,unperturbed,25.0,<=35,0.3739599041116751,0.4608249522290734,-0.09497583964467007
T6_plain,FUDS,1,baseline,unperturbed,25.0,>65,0.18595752451870678,0.26222621153618353,0.08485882709771154
T6_plain,FUDS,1,baseline,unperturbed,45.0,35-65,0.3096288701677607,0.38917926096314825,-0.28620552565037677
T6_plain,FUDS,1,baseline,unperturbed,45.0,<=35,0.45171744626249444,0.5897743076299755,-0.37433394656671015
T6_plain,FUDS,1,baseline,unperturbed,45.0,>65,0.10732172536687634,0.1535875416030141,0.05966012438853938
T6_plain,FUDS,1,r0_scale,r0_scale_0.5,0.0,35-65,5.08676803669315,5.754665207140294,-5.08676803669315
T6_plain,FUDS,1,r0_scale,r0_scale_0.5,0.0,<=35,4.559442323690441,4.82688144800392,-4.559442323690441
T6_plain,FUDS,1,r0_scale,r0_scale_0.5,0.0,>65,2.530702509163962,3.0994069432359748,-2.530702509163962
T6_plain,FUDS,1,r0_scale,r0_scale_0.5,25.0,35-65,3.979385333440667,4.519718523741569,-3.979385333440667
T6_plain,FUDS,1,r0_scale,r0_scale_0.5,25.0,<=35,3.653871374037453,3.8182094300668,-3.653871374037453
T6_plain,FUDS,1,r0_scale,r0_scale_0.5,25.0,>65,1.388051848603775,1.515575209562144,-1.388051848603775
T6_plain,FUDS,1,r0_scale,r0_scale_0.5,45.0,35-65,4.411443410518432,4.859014849818626,-4.411443410518432
T6_plain,FUDS,1,r0_scale,r0_scale_0.5,45.0,<=35,3.8321919744510957,4.250348428101928,-3.8321919744510957
T6_plain,FUDS,1,r0_scale,r0_scale_0.5,45.0,>65,1.7263053326115851,1.8789941947806552,-1.7263053326115851
T6_plain,FUDS,1,r0_scale,r0_scale_0.8,0.0,35-65,2.1054931446971734,2.540929697978177,-2.1054931446971734
T6_plain,FUDS,1,r0_scale,r0_scale_0.8,0.0,<=35,1.8539391790539694,2.112773166804646,-1.8538029631213677
T6_plain,FUDS,1,r0_scale,r0_scale_0.8,0.0,>65,0.9597299971687329,1.127617702012554,-0.9597299971687329
T6_plain,FUDS,1,r0_scale,r0_scale_0.8,25.0,35-65,1.684018362126028,1.9670739037115934,-1.684018362126028
T6_plain,FUDS,1,r0_scale,r0_scale_0.8,25.0,<=35,1.5641002078205495,1.66655642872484,-1.5641002078205495
T6_plain,FUDS,1,r0_scale,r0_scale_0.8,25.0,>65,0.48344874790244585,0.5405217430982423,-0.478500681314864
T6_plain,FUDS,1,r0_scale,r0_scale_0.8,45.0,35-65,1.8595049073420886,2.059274829736043,-1.8595049073420886
T6_plain,FUDS,1,r0_scale,r0_scale_0.8,45.0,<=35,1.815961427510495,2.0171056614251275,-1.8158585065877475
T6_plain,FUDS,1,r0_scale,r0_scale_0.8,45.0,>65,0.6404246565062967,0.6931239938167492,-0.6403364703219326
T6_plain,FUDS,1,r0_scale,r0_scale_1.2,0.0,35-65,1.3869003224359016,1.4860838087121626,1.3864194192321173
T6_plain,FUDS,1,r0_scale,r0_scale_1.2,0.0,<=35,2.274372244445226,2.4418786823177725,2.274372244445226
T6_plain,FUDS,1,r0_scale,r0_scale_1.2,0.0,>65,0.8405455435029564,0.9196006128911568,0.838802441090868
T6_plain,FUDS,1,r0_scale,r0_scale_1.2,25.0,35-65,0.9568134350570976,1.105039602402494,0.9515290141010765
T6_plain,FUDS,1,r0_scale,r0_scale_1.2,25.0,<=35,1.4258460095484564,1.5916157775102298,1.4057244140020788
T6_plain,FUDS,1,r0_scale,r0_scale_1.2,25.0,>65,0.6545035323960053,0.7156631079683714,0.6540474446972986
T6_plain,FUDS,1,r0_scale,r0_scale_1.2,45.0,35-65,1.1458683606752358,1.2768917403844093,1.1456893769750358
T6_plain,FUDS,1,r0_scale,r0_scale_1.2,45.0,<=35,1.175338011967965,1.4106546670404474,1.1143019770563445
T6_plain,FUDS,1,r0_scale,r0_scale_1.2,45.0,>65,0.7692726536769585,0.82362099933523,0.766765323786972
T6_plain,FUDS,1,r0_scale,r0_scale_1.5,0.0,35-65,3.6633260020676564,3.8708666511805583,3.6633260020676564
T6_plain,FUDS,1,r0_scale,r0_scale_1.5,0.0,<=35,5.530793979920202,5.6854644176237885,5.530793979920202
T6_plain,FUDS,1,r0_scale,r0_scale_1.5,0.0,>65,2.142287576654681,2.277696122127575,2.142254371302838
T6_plain,FUDS,1,r0_scale,r0_scale_1.5,25.0,35-65,2.643179406096298,2.942597020523827,2.643179406096298
T6_plain,FUDS,1,r0_scale,r0_scale_1.5,25.0,<=35,3.630138889112963,3.8801814097981286,3.630138889112963
T6_plain,FUDS,1,r0_scale,r0_scale_1.5,25.0,>65,1.5843778195677787,1.6738395790025011,1.5843778195677787
T6_plain,FUDS,1,r0_scale,r0_scale_1.5,45.0,35-65,3.1578368410269904,3.4376166740202403,3.1578368410269904
T6_plain,FUDS,1,r0_scale,r0_scale_1.5,45.0,<=35,3.3797769658113297,3.8439915296131155,3.3715079729561803
T6_plain,FUDS,1,r0_scale,r0_scale_1.5,45.0,>65,1.8272820312468916,1.9530038671088419,1.8262719959370728
T6_plain,FUDS,1,r0_scale,r0_scale_2,0.0,35-65,7.34856039789279,7.772254228354291,7.34856039789279
T6_plain,FUDS,1,r0_scale,r0_scale_2,0.0,<=35,10.863045306709461,11.098570176122445,10.863045306709461
T6_plain,FUDS,1,r0_scale,r0_scale_2,0.0,>65,4.223879646442342,4.476617262274143,4.223879646442342
T6_plain,FUDS,1,r0_scale,r0_scale_2,25.0,35-65,5.342804063727218,5.891344623935442,5.342804063727218
T6_plain,FUDS,1,r0_scale,r0_scale_2,25.0,<=35,7.199899302641359,7.584054220370441,7.199899302641359
T6_plain,FUDS,1,r0_scale,r0_scale_2,25.0,>65,3.1624472585991006,3.336257785616333,3.1624472585991006
T6_plain,FUDS,1,r0_scale,r0_scale_2,45.0,35-65,6.190314144312124,6.6824927260600715,6.190314144312124
T6_plain,FUDS,1,r0_scale,r0_scale_2,45.0,<=35,7.103250526555408,7.886630936658766,7.10324423572992
T6_plain,FUDS,1,r0_scale,r0_scale_2,45.0,>65,3.418873414709074,3.645411009332423,3.418278592233078
T6_plain,FUDS,2,baseline,unperturbed,0.0,35-65,0.45985691500904163,0.624399554453308,-0.19871658021183164
T6_plain,FUDS,2,baseline,unperturbed,0.0,<=35,0.7810023916537387,0.8773294918157285,0.37795096298479675
T6_plain,FUDS,2,baseline,unperturbed,0.0,>65,0.1641308794851793,0.22292055065582475,-0.05786052457098297
T6_plain,FUDS,2,baseline,unperturbed,25.0,35-65,0.23349768298850576,0.309743105631895,-0.12729981632183918
T6_plain,FUDS,2,baseline,unperturbed,25.0,<=35,0.3455043035279188,0.4094840107160041,0.048959836573604046
T6_plain,FUDS,2,baseline,unperturbed,25.0,>65,0.17287150018162012,0.2276066251683281,0.1112593650563022
T6_plain,FUDS,2,baseline,unperturbed,45.0,35-65,0.2177575480184779,0.28660120967541364,-0.16460603039144173
T6_plain,FUDS,2,baseline,unperturbed,45.0,<=35,0.3666342872664059,0.4832690685589968,-0.2470636489787049
T6_plain,FUDS,2,baseline,unperturbed,45.0,>65,0.11775198846960162,0.14637965905180245,0.09406578860936395
T6_plain,FUDS,2,r0_scale,r0_scale_0.5,0.0,35-65,4.820748214171157,5.353048513761194,-4.820748214171157
T6_plain,FUDS,2,r0_scale,r0_scale_0.5,0.0,<=35,4.135899361754493,4.390008100681047,-4.135899361754493
T6_plain,FUDS,2,r0_scale,r0_scale_0.5,0.0,>65,2.3521617472951832,2.659879492435497,-2.3521617472951832
T6_plain,FUDS,2,r0_scale,r0_scale_0.5,25.0,35-65,3.7800030683743886,4.183920760990674,-3.7800030683743886
T6_plain,FUDS,2,r0_scale,r0_scale_0.5,25.0,<=35,3.2838151092542303,3.463809307357144,-3.2838151092542303
T6_plain,FUDS,2,r0_scale,r0_scale_0.5,25.0,>65,1.3239977804246565,1.4156934628380466,-1.3226349044166121
T6_plain,FUDS,2,r0_scale,r0_scale_0.5,45.0,35-65,4.230690197120823,4.578298582597355,-4.230690197120823
T6_plain,FUDS,2,r0_scale,r0_scale_0.5,45.0,<=35,3.735053518907381,4.154114352365358,-3.734379566871063
T6_plain,FUDS,2,r0_scale,r0_scale_0.5,45.0,>65,1.5767194168001784,1.6481292567965902,-1.5767194168001784
T6_plain,FUDS,2,r0_scale,r0_scale_0.8,0.0,35-65,1.9626731919664357,2.3304386767866605,-1.9626731919664357
T6_plain,FUDS,2,r0_scale,r0_scale_0.8,0.0,<=35,1.539628069373464,1.8106970879047304,-1.5320867447667939
T6_plain,FUDS,2,r0_scale,r0_scale_0.8,0.0,>65,0.9466973856225811,1.0635675362744128,-0.9466505668593717
T6_plain,FUDS,2,r0_scale,r0_scale_0.8,25.0,35-65,1.506540639930655,1.7193093946466766,-1.506540639930655
T6_plain,FUDS,2,r0_scale,r0_scale_0.8,25.0,<=35,1.3359661095043425,1.4423181192140835,-1.3359661095043425
T6_plain,FUDS,2,r0_scale,r0_scale_0.8,25.0,>65,0.466223133826514,0.5187912349758546,-0.45670504674619544
T6_plain,FUDS,2,r0_scale,r0_scale_0.8,45.0,35-65,1.713909772631791,1.8757599955399575,-1.713909772631791
T6_plain,FUDS,2,r0_scale,r0_scale_0.8,45.0,<=35,1.6874679440031937,1.8871906430279355,-1.6857909284751893
T6_plain,FUDS,2,r0_scale,r0_scale_0.8,45.0,>65,0.5813456052619673,0.6143768937720846,-0.5813439102671616
T6_plain,FUDS,2,r0_scale,r0_scale_1.2,0.0,35-65,1.407856533359436,1.4967461617518383,1.4074798035281888
T6_plain,FUDS,2,r0_scale,r0_scale_1.2,0.0,<=35,2.404152116302396,2.57514632886605,2.404152116302396
T6_plain,FUDS,2,r0_scale,r0_scale_1.2,0.0,>65,0.8060910181520377,0.8670065051180761,0.8043436429858691
T6_plain,FUDS,2,r0_scale,r0_scale_1.2,25.0,35-65,1.1022215192974731,1.2129394504774897,1.1017319968282153
T6_plain,FUDS,2,r0_scale,r0_scale_1.2,25.0,<=35,1.4876591289337804,1.6389287013915792,1.484915762843729
T6_plain,FUDS,2,r0_scale,r0_scale_1.2,25.0,>65,0.6974556974805671,0.7431421256593748,0.6974556974805671
T6_plain,FUDS,2,r0_scale,r0_scale_1.2,45.0,35-65,1.2545754166697367,1.362674267727744,1.2545754166697367
T6_plain,FUDS,2,r0_scale,r0_scale_1.2,45.0,<=35,1.2230113864126542,1.4430856582675753,1.2176552862298426
T6_plain,FUDS,2,r0_scale,r0_scale_1.2,45.0,>65,0.7971866597684624,0.8458657984130381,0.7971859579353945
T6_plain,FUDS,2,r0_scale,r0_scale_1.5,0.0,35-65,3.6791840695631692,3.825035252485345,3.6791840695631692
T6_plain,FUDS,2,r0_scale,r0_scale_1.5,0.0,<=35,5.572996910414286,5.731337427686754,5.572996910414286
T6_plain,FUDS,2,r0_scale,r0_scale_1.5,0.0,>65,2.1160215930207027,2.225240923825803,2.1160215930207027
T6_plain,FUDS,2,r0_scale,r0_scale_1.5,25.0,35-65,2.7704222158359046,2.9849076155294183,2.7704222158359046
T6_plain,FUDS,2,r0_scale,r0_scale_1.5,25.0,<=35,3.6644938065154604,3.8820212888216186,3.6644938065154604
T6_plain,FUDS,2,r0_scale,r0_scale_1.5,25.0,>65,1.6554064144033809,1.7418814081057215,1.6554064144033809
T6_plain,FUDS,2,r0_scale,r0_scale_1.5,45.0,35-65,3.221794034195493,3.4485347579780865,3.221794034195493
T6_plain,FUDS,2,r0_scale,r0_scale_1.5,45.0,<=35,3.376220652783914,3.7329129490063755,3.376220652783914
T6_plain,FUDS,2,r0_scale,r0_scale_1.5,45.0,>65,1.889563310866526,2.014364629966146,1.889563310866526
T6_plain,FUDS,2,r0_scale,r0_scale_2,0.0,35-65,7.3113526172102326,7.584851579338601,7.3113526172102326
T6_plain,FUDS,2,r0_scale,r0_scale_2,0.0,<=35,10.82703764887277,11.008209367024408,10.82703764887277
T6_plain,FUDS,2,r0_scale,r0_scale_2,0.0,>65,4.255420100584867,4.4806645184710385,4.255157502268585
T6_plain,FUDS,2,r0_scale,r0_scale_2,25.0,35-65,5.41143305656975,5.786883509088867,5.41143305656975
T6_plain,FUDS,2,r0_scale,r0_scale_2,25.0,<=35,7.224909673304939,7.538695717498347,7.224909673304939
T6_plain,FUDS,2,r0_scale,r0_scale_2,25.0,>65,3.3079700783925023,3.489162687325145,3.3079700783925023
T6_plain,FUDS,2,r0_scale,r0_scale_2,45.0,35-65,6.260564783675743,6.685988080097376,6.260564783675743
T6_plain,FUDS,2,r0_scale,r0_scale_2,45.0,<=35,6.944513679123554,7.55589033395993,6.944513679123554
T6_plain,FUDS,2,r0_scale,r0_scale_2,45.0,>65,3.5860833260127296,3.8338238298251257,3.586052063588183
T6_plain,US06,0,baseline,unperturbed,0.0,35-65,0.5412854127461707,0.6387960525350033,-0.3037558509299781
T6_plain,US06,0,baseline,unperturbed,0.0,<=35,0.8452274502804842,0.9789029812340498,-0.6409475942426927
T6_plain,US06,0,baseline,unperturbed,0.0,>65,0.18567434644351477,0.22892611393328605,-0.060269435983263626
T6_plain,US06,0,baseline,unperturbed,25.0,35-65,0.17742350154946368,0.20732781500282305,-0.060901401430274275
T6_plain,US06,0,baseline,unperturbed,25.0,<=35,0.3409023122213682,0.5835187431390246,-0.02122312913143731
T6_plain,US06,0,baseline,unperturbed,25.0,>65,0.31215310067114105,0.42981074363627886,-0.05719604026845637
T6_plain,US06,0,baseline,unperturbed,45.0,35-65,0.12038269556451614,0.14955840392425115,0.017776001008064566
T6_plain,US06,0,baseline,unperturbed,45.0,<=35,0.15369995795186406,0.1884385315445906,-0.02704106380368099
T6_plain,US06,0,baseline,unperturbed,45.0,>65,0.09701482921262852,0.11146056562266467,-0.09519807683529867
T6_plain,US06,0,r0_scale,r0_scale_0.5,0.0,35-65,5.794626959152944,5.881332619804258,-5.794626959152944
T6_plain,US06,0,r0_scale,r0_scale_0.5,0.0,<=35,4.790064265558172,5.360239577082301,-4.790064265558172
T6_plain,US06,0,r0_scale,r0_scale_0.5,0.0,>65,2.5542094633880996,2.630054633816665,-2.5542094633880996
T6_plain,US06,0,r0_scale,r0_scale_0.5,25.0,35-65,3.9919148414291215,4.206574091678224,-3.9919148414291215
T6_plain,US06,0,r0_scale,r0_scale_0.5,25.0,<=35,2.955936988286077,3.237505197043881,-2.955936988286077
T6_plain,US06,0,r0_scale,r0_scale_0.5,25.0,>65,1.6973077727690107,1.7295307846020043,-1.6973077727690107
T6_plain,US06,0,r0_scale,r0_scale_0.5,45.0,35-65,4.390409805780667,4.658671866229089,-4.390409805780667
T6_plain,US06,0,r0_scale,r0_scale_0.5,45.0,<=35,2.988836368779966,3.372991094509652,-2.9869332552012287
T6_plain,US06,0,r0_scale,r0_scale_0.5,45.0,>65,2.087781120192065,2.126512267172062,-2.087781120192065
T6_plain,US06,0,r0_scale,r0_scale_0.8,0.0,35-65,2.418128240205185,2.44095598242535,-2.418128240205185
T6_plain,US06,0,r0_scale,r0_scale_0.8,0.0,<=35,2.439260283383482,2.8007621308966644,-2.4229903103298973
T6_plain,US06,0,r0_scale,r0_scale_0.8,0.0,>65,1.0234235461498882,1.050280528686867,-1.0234235461498882
T6_plain,US06,0,r0_scale,r0_scale_0.8,25.0,35-65,1.588027509446076,1.7168500198171228,-1.588027509446076
T6_plain,US06,0,r0_scale,r0_scale_0.8,25.0,<=35,1.2529125718985772,1.4600650213776023,-1.2528953945178303
T6_plain,US06,0,r0_scale,r0_scale_0.8,25.0,>65,0.7122736737842704,0.8041531625584378,-0.7122736737842704
T6_plain,US06,0,r0_scale,r0_scale_0.8,45.0,35-65,1.6957288156401418,1.8204201539733331,-1.6957288156401418
T6_plain,US06,0,r0_scale,r0_scale_0.8,45.0,<=35,1.280455043801479,1.4561026417967786,-1.2784656983914795
T6_plain,US06,0,r0_scale,r0_scale_0.8,45.0,>65,0.890864356620867,0.9095267458540638,-0.890864356620867
T6_plain,US06,0,r0_scale,r0_scale_1.2,0.0,35-65,1.675128134897113,1.9863755177895814,1.675128134897113
T6_plain,US06,0,r0_scale,r0_scale_1.2,0.0,<=35,1.300300520230336,1.382055355336327,1.300300520230336
T6_plain,US06,0,r0_scale,r0_scale_1.2,0.0,>65,0.8700247318427434,0.9727317858287593,0.869484410005386
T6_plain,US06,0,r0_scale,r0_scale_1.2,25.0,35-65,1.3945900752382479,1.445109988943764,1.3945900752382479
T6_plain,US06,0,r0_scale,r0_scale_1.2,25.0,<=35,1.4946717851444564,1.555472179837047,1.2898977831822613
T6_plain,US06,0,r0_scale,r0_scale_1.2,25.0,>65,0.7157331430368886,0.774275671663889,0.6001110191596776
T6_plain,US06,0,r0_scale,r0_scale_1.2,45.0,35-65,1.641593690331936,1.7561530164385155,1.641593690331936
T6_plain,US06,0,r0_scale,r0_scale_1.2,45.0,<=35,1.3410625898578004,1.4884074605589523,1.3221199185858794
T6_plain,US06,0,r0_scale,r0_scale_1.2,45.0,>65,0.6961270182296793,0.7158921513749552,0.6960024619997938
T6_plain,US06,0,r0_scale,r0_scale_1.5,0.0,35-65,4.407731455304772,4.753884167150217,4.407731455304772
T6_plain,US06,0,r0_scale,r0_scale_1.5,0.0,<=35,4.470490959637247,4.668833912040522,4.470490959637247
T6_plain,US06,0,r0_scale,r0_scale_1.5,0.0,>65,2.221019730969034,2.359528723825687,2.220633307639278
T6_plain,US06,0,r0_scale,r0_scale_1.5,25.0,35-65,3.4353464953385093,3.61303691455021,3.4353464953385093
T6_plain,US06,0,r0_scale,r0_scale_1.5,25.0,<=35,3.519158508056713,3.785897987933095,3.3919397604345143
T6_plain,US06,0,r0_scale,r0_scale_1.5,25.0,>65,1.634325253754078,1.7045176704364795,1.5930279441893798
T6_plain,US06,0,r0_scale,r0_scale_1.5,45.0,35-65,3.896835233897242,4.167763601880076,3.896835233897242
T6_plain,US06,0,r0_scale,r0_scale_1.5,45.0,<=35,3.5212841046027368,3.9227267230987612,3.5202597894038363
T6_plain,US06,0,r0_scale,r0_scale_1.5,45.0,>65,1.8672842019388194,1.9173989595343859,1.8672842019388194
T6_plain,US06,0,r0_scale,r0_scale_2,0.0,35-65,8.516076974477317,8.946803177874733,8.516076974477317
T6_plain,US06,0,r0_scale,r0_scale_2,0.0,<=35,10.160821751012083,10.54184488648848,10.160821751012083
T6_plain,US06,0,r0_scale,r0_scale_2,0.0,>65,4.383622769474582,4.5978612233495335,4.380375549263288
T6_plain,US06,0,r0_scale,r0_scale_2,25.0,35-65,6.479174421357034,6.8552406510037285,6.479174421357034
T6_plain,US06,0,r0_scale,r0_scale_2,25.0,<=35,7.156883112314141,7.802331845187091,7.134765880064844
T6_plain,US06,0,r0_scale,r0_scale_2,25.0,>65,3.2784807151825883,3.3719342420266547,3.253442908467699
T6_plain,US06,0,r0_scale,r0_scale_2,45.0,35-65,7.236619613735456,7.711485561894178,7.236619613735456
T6_plain,US06,0,r0_scale,r0_scale_2,45.0,<=35,7.502771349391225,8.253649892147873,7.502771349391225
T6_plain,US06,0,r0_scale,r0_scale_2,45.0,>65,3.745387907057636,3.8617004783453535,3.7449038267568575
T6_plain,US06,1,baseline,unperturbed,0.0,35-65,0.5860890894420132,0.695601800585044,0.3379769855032822
T6_plain,US06,1,baseline,unperturbed,0.0,<=35,0.5473421046058459,0.6483187799002946,-0.22335834174785943
T6_plain,US06,1,baseline,unperturbed,0.0,>65,0.330874810460251,0.38382332021710514,0.31937922468619234
T6_plain,US06,1,baseline,unperturbed,25.0,35-65,0.4278263125148987,0.4503630764387535,0.4278263125148987
T6_plain,US06,1,baseline,unperturbed,25.0,<=35,0.5478672538560082,0.7016682825709325,0.2911133617729951
T6_plain,US06,1,baseline,unperturbed,25.0,>65,0.5071419514409788,0.553671963288977,0.46132200434267645
T6_plain,US06,1,baseline,unperturbed,45.0,35-65,0.3432224730342742,0.3664405589495888,0.34289778150201616
T6_plain,US06,1,baseline,unperturbed,45.0,<=35,0.26580292366682395,0.30735339949239365,0.20967868142991974
T6_plain,US06,1,baseline,unperturbed,45.0,>65,0.3138391354127044,0.3221570942602625,0.3138306812476227
T6_plain,US06,1,r0_scale,r0_scale_0.5,0.0,35-65,5.098002868367934,5.204017541863852,-5.098002868367934
T6_plain,US06,1,r0_scale,r0_scale_0.5,0.0,<=35,4.505284641391057,5.046940772762646,-4.505284641391057
T6_plain,US06,1,r0_scale,r0_scale_0.5,0.0,>65,2.1742398198591735,2.2959014415472554,-2.167638280023838
T6_plain,US06,1,r0_scale,r0_scale_0.5,25.0,35-65,3.6691215078788035,3.902655501071136,-3.6691215078788035
T6_plain,US06,1,r0_scale,r0_scale_0.5,25.0,<=35,2.7634009831289807,3.0250868246941103,-2.7634009831289807
T6_plain,US06,1,r0_scale,r0_scale_0.5,25.0,>65,1.2398774139267192,1.282771369219713,-1.2398774139267192
T6_plain,US06,1,r0_scale,r0_scale_0.5,45.0,35-65,4.3013356767822835,4.586053121476348,-4.3013356767822835
T6_plain,US06,1,r0_scale,r0_scale_0.5,45.0,<=35,2.935365177477211,3.2525270031140363,-2.9329333297655
T6_plain,US06,1,r0_scale,r0_scale_0.5,45.0,>65,1.741777570260908,1.7848717332004165,-1.7417502976064756
T6_plain,US06,1,r0_scale,r0_scale_0.8,0.0,35-65,1.7362594691670667,1.7702278833570957,-1.7362594691670667
T6_plain,US06,1,r0_scale,r0_scale_0.8,0.0,<=35,2.0857156877422223,2.4113136343220254,-2.0534178703826225
T6_plain,US06,1,r0_scale,r0_scale_0.8,0.0,>65,0.64296655997596,0.6969296636729032,-0.6319215797692144
T6_plain,US06,1,r0_scale,r0_scale_0.8,25.0,35-65,1.1454819870953548,1.2874363612058342,-1.1451975831110177
T6_plain,US06,1,r0_scale,r0_scale_0.8,25.0,<=35,0.9890468700898746,1.1903459803942784,-0.9792222976910288
T6_plain,US06,1,r0_scale,r0_scale_0.8,25.0,>65,0.2647034273855554,0.3680515635872238,-0.22163760263447665
T6_plain,US06,1,r0_scale,r0_scale_0.8,45.0,35-65,1.46654731765146,1.61409682559578,-1.46654731765146
T6_plain,US06,1,r0_scale,r0_scale_0.8,45.0,<=35,1.1111611449767538,1.2417931041243524,-1.1081399161553054
T6_plain,US06,1,r0_scale,r0_scale_0.8,45.0,>65,0.5014980274581997,0.5203599822144505,-0.4986259049109238
T6_plain,US06,1,r0_scale,r0_scale_1.2,0.0,35-65,2.291153381364954,2.552472139084387,2.291153381364954
T6_plain,US06,1,r0_scale,r0_scale_1.2,0.0,<=35,1.7490503114176847,1.8335334213526666,1.7490503114176847
T6_plain,US06,1,r0_scale,r0_scale_1.2,0.0,>65,1.236826331923449,1.3093592719312093,1.236826331923449
T6_plain,US06,1,r0_scale,r0_scale_1.2,25.0,35-65,1.9058829131802784,1.9622759707012738,1.9058829131802784
T6_plain,US06,1,r0_scale,r0_scale_1.2,25.0,<=35,1.837348216076396,1.9178754796714153,1.6201268458007814
T6_plain,US06,1,r0_scale,r0_scale_1.2,25.0,>65,1.1556635270859408,1.1974476232922857,1.146474407056294
T6_plain,US06,1,r0_scale,r0_scale_1.2,45.0,35-65,2.063617262059193,2.174459752772142,2.063617262059193
T6_plain,US06,1,r0_scale,r0_scale_1.2,45.0,<=35,1.624809077474317,1.7945794935544195,1.6112098118532183
T6_plain,US06,1,r0_scale,r0_scale_1.2,45.0,>65,1.1113139646574233,1.131275607355337,1.1113139646574233
T6_plain,US06,1,r0_scale,r0_scale_1.5,0.0,35-65,5.045703578687682,5.373249989237188,5.045703578687682
T6_plain,US06,1,r0_scale,r0_scale_1.5,0.0,<=35,4.92485598197035,5.165804738764675,4.92485598197035
T6_plain,US06,1,r0_scale,r0_scale_1.5,0.0,>65,2.5789248922951415,2.703860758480518,2.5789034200799534
T6_plain,US06,1,r0_scale,r0_scale_1.5,25.0,35-65,3.962438924023312,4.140531721931782,3.962438924023312
T6_plain,US06,1,r0_scale,r0_scale_1.5,25.0,<=35,3.85870378731557,4.150713258898018,3.700587787606824
T6_plain,US06,1,r0_scale,r0_scale_1.5,25.0,>65,2.172444260276852,2.218593671876189,2.1673214968184795
T6_plain,US06,1,r0_scale,r0_scale_1.5,45.0,35-65,4.455558036455254,4.7509512541101655,4.455558036455254
T6_plain,US06,1,r0_scale,r0_scale_1.5,45.0,<=35,3.859049073631484,4.280192909630496,3.858524492521552
T6_plain,US06,1,r0_scale,r0_scale_1.5,45.0,>65,2.2693728777950923,2.3195349800144607,2.2693728777950923
T6_plain,US06,1,r0_scale,r0_scale_2,0.0,35-65,9.22680588411015,9.648136870062224,9.22680588411015
T6_plain,US06,1,r0_scale,r0_scale_2,0.0,<=35,10.550098324609888,11.028917960956017,10.550098324609888
T6_plain,US06,1,r0_scale,r0_scale_2,0.0,>65,4.728710381592091,4.955789237522523,4.727728993701887
T6_plain,US06,1,r0_scale,r0_scale_2,25.0,35-65,7.0356660517952925,7.403368933597482,7.0356660517952925
T6_plain,US06,1,r0_scale,r0_scale_2,25.0,<=35,7.410685963410444,8.0874514427624,7.3391977633893895
T6_plain,US06,1,r0_scale,r0_scale_2,25.0,>65,3.814590848025178,3.9021469271398033,3.8107403907718713
T6_plain,US06,1,r0_scale,r0_scale_2,45.0,35-65,7.937557660435027,8.482725403036135,7.937557660435027
T6_plain,US06,1,r0_scale,r0_scale_2,45.0,<=35,7.868032695582647,8.689982559785953,7.868032695582647
T6_plain,US06,1,r0_scale,r0_scale_2,45.0,>65,4.062271784130916,4.184080315399513,4.062183386509335
T6_plain,US06,2,baseline,unperturbed,0.0,35-65,0.5521146184354486,0.6603559132906199,-0.30234620158643327
T6_plain,US06,2,baseline,unperturbed,0.0,<=35,0.8615358211101269,1.010624862152784,-0.6795267992618836
T6_plain,US06,2,baseline,unperturbed,0.0,>65,0.15694401255230148,0.19465775590708131,-0.0440604259414227
T6_plain,US06,2,baseline,unperturbed,25.0,35-65,0.13775553087008344,0.16964026311550706,-0.07057074660309898
T6_plain,US06,2,baseline,unperturbed,25.0,<=35,0.3455895799128875,0.6345427623453352,-0.05189288147578784
T6_plain,US06,2,baseline,unperturbed,25.0,>65,0.31026068535333595,0.415232241335194,-0.003191271219897528
T6_plain,US06,2,baseline,unperturbed,45.0,35-65,0.12362183467741937,0.15763123400703827,-0.10119890725806442
T6_plain,US06,2,baseline,unperturbed,45.0,<=35,0.1629166812883436,0.19759436828482163,-0.11062466680037755
T6_plain,US06,2,baseline,unperturbed,45.0,>65,0.05017571776340808,0.06211535824606716,-0.034166592620768425
T6_plain,US06,2,r0_scale,r0_scale_0.5,0.0,35-65,5.800775166849258,5.897187098750558,-5.800775166849258
T6_plain,US06,2,r0_scale,r0_scale_0.5,0.0,<=35,4.788582109752494,5.359190973590626,-4.788545794337236
T6_plain,US06,2,r0_scale,r0_scale_0.5,0.0,>65,2.5160473102518184,2.600066035955952,-2.5160473102518184
T6_plain,US06,2,r0_scale,r0_scale_0.5,25.0,35-65,4.131934318340146,4.337925939380418,-4.131934318340146
T6_plain,US06,2,r0_scale,r0_scale_0.5,25.0,<=35,3.089012955598791,3.3768901403377085,-3.089012955598791
T6_plain,US06,2,r0_scale,r0_scale_0.5,25.0,>65,1.658512034262656,1.6948430859406205,-1.658512034262656
T6_plain,US06,2,r0_scale,r0_scale_0.5,45.0,35-65,4.807004007239224,5.062962848161659,-4.807004007239224
T6_plain,US06,2,r0_scale,r0_scale_0.5,45.0,<=35,3.1772964153564676,3.551270490377313,-3.1741197057672963
T6_plain,US06,2,r0_scale,r0_scale_0.5,45.0,>65,2.041311636459205,2.082150392590093,-2.041311636459205
T6_plain,US06,2,r0_scale,r0_scale_0.8,0.0,35-65,2.419883313317447,2.446595395730613,-2.419883313317447
T6_plain,US06,2,r0_scale,r0_scale_0.8,0.0,<=35,2.461714813756782,2.827093104081616,-2.450237462371188
T6_plain,US06,2,r0_scale,r0_scale_0.8,0.0,>65,0.998359137121352,1.030154355085788,-0.998359137121352
T6_plain,US06,2,r0_scale,r0_scale_0.8,25.0,35-65,1.636113283105056,1.740597362183885,-1.636113283105056
T6_plain,US06,2,r0_scale,r0_scale_0.8,25.0,<=35,1.3241006419190042,1.531669526310897,-1.3240127086926208
T6_plain,US06,2,r0_scale,r0_scale_0.8,25.0,>65,0.6611300211679344,0.7533707884526657,-0.6611291941614464
T6_plain,US06,2,r0_scale,r0_scale_0.8,45.0,35-65,1.9340452459298008,2.056503653431398,-1.9340452459298008
T6_plain,US06,2,r0_scale,r0_scale_0.8,45.0,<=35,1.4099015030693334,1.5706100913847316,-1.4059746964246855
T6_plain,US06,2,r0_scale,r0_scale_0.8,45.0,>65,0.8313964329751278,0.8494857725235915,-0.8313964329751278
T6_plain,US06,2,r0_scale,r0_scale_1.2,0.0,35-65,1.6827272465126468,2.008267696801826,1.682723992033733
T6_plain,US06,2,r0_scale,r0_scale_1.2,0.0,<=35,1.2501668614708752,1.3444457089571347,1.2501668614708752
T6_plain,US06,2,r0_scale,r0_scale_1.2,0.0,>65,0.8775525548262274,0.9652238106364159,0.874382672328582
T6_plain,US06,2,r0_scale,r0_scale_1.2,25.0,35-65,1.4028449718523137,1.4755326104467357,1.4028449718523137
T6_plain,US06,2,r0_scale,r0_scale_1.2,25.0,<=35,1.5376536050011975,1.6079015036278508,1.2911684470602462
T6_plain,US06,2,r0_scale,r0_scale_1.2,25.0,>65,0.7611925856095233,0.8133504896591631,0.6533504785073179
T6_plain,US06,2,r0_scale,r0_scale_1.2,45.0,35-65,1.6381637171644186,1.755204133092419,1.6381637171644186
T6_plain,US06,2,r0_scale,r0_scale_1.2,45.0,<=35,1.29646705896948,1.4445207193604093,1.2811407697631996
T6_plain,US06,2,r0_scale,r0_scale_1.2,45.0,>65,0.7537578258746099,0.7739538557103932,0.752828541830168
T6_plain,US06,2,r0_scale,r0_scale_1.5,0.0,35-65,4.431535711422611,4.78383607469584,4.431535711422611
T6_plain,US06,2,r0_scale,r0_scale_1.5,0.0,<=35,4.390386018372057,4.602623479129623,4.390386018372057
T6_plain,US06,2,r0_scale,r0_scale_1.5,0.0,>65,2.209761693935276,2.344118415779015,2.205307472080119
T6_plain,US06,2,r0_scale,r0_scale_1.5,25.0,35-65,3.4412124377899773,3.6356474377000234,3.4412124377899773
T6_plain,US06,2,r0_scale,r0_scale_1.5,25.0,<=35,3.594919552950312,3.8508245223295465,3.4076022776183543
T6_plain,US06,2,r0_scale,r0_scale_1.5,25.0,>65,1.68594379514754,1.7525463761475464,1.6431452002349565
T6_plain,US06,2,r0_scale,r0_scale_1.5,45.0,35-65,4.035670576978866,4.3292831725653205,4.035670576978866
T6_plain,US06,2,r0_scale,r0_scale_1.5,45.0,<=35,3.5258450417942613,3.9214264699811308,3.525240709014874
T6_plain,US06,2,r0_scale,r0_scale_1.5,45.0,>65,1.9078277122306433,1.9602790578077738,1.907103847793266
T6_plain,US06,2,r0_scale,r0_scale_2,0.0,35-65,8.557308927688169,8.982242570048992,8.557308927688169
T6_plain,US06,2,r0_scale,r0_scale_2,0.0,<=35,10.014258435053888,10.43936555638143,10.014258435053888
T6_plain,US06,2,r0_scale,r0_scale_2,0.0,>65,4.346127868737671,4.568515976709716,4.333499925284957
T6_plain,US06,2,r0_scale,r0_scale_2,25.0,35-65,6.503074386336386,6.883571774342279,6.503074386336386
T6_plain,US06,2,r0_scale,r0_scale_2,25.0,<=35,7.184862480013745,7.800574035905913,7.081958647652586
T6_plain,US06,2,r0_scale,r0_scale_2,25.0,>65,3.3365253442898104,3.429073762934072,3.307823499092533
T6_plain,US06,2,r0_scale,r0_scale_2,45.0,35-65,7.462484110238121,7.993077893549418,7.462484110238121
T6_plain,US06,2,r0_scale,r0_scale_2,45.0,<=35,7.5221847691183505,8.284452140899624,7.5221847691183505
T6_plain,US06,2,r0_scale,r0_scale_2,45.0,>65,3.7351527707408265,3.85869499904273,3.7319925674223557
